split,storm_id,target,model,rmse,correlation,pe,min_dst_obs
val,508,Dst,Coupled-SINDy,11.139849531294187,0.6636206616717788,0.00033788945676271886,-52.270550829484776
val,508,Dst,Single-SINDy,22.442452588566542,0.6348133741353558,-3.0572821931570946,-52.270550829484776
val,508,Dst,Burton,7.715558042931191,0.8306642082531626,0.5204551098805926,-52.270550829484776
val,508,AE,Coupled-SINDy,231.38992032212937,0.23800641903295144,-0.10357521342784293,-52.270550829484776
val,509,Dst,Coupled-SINDy,14.948591458670306,0.6817518494598765,0.3702834223838778,-92.13421524319104
val,509,Dst,Single-SINDy,25.576483604300492,0.8239558454315388,-0.8434283016147859,-92.13421524319104
val,509,Dst,Burton,17.769757413841347,0.8207787957774697,0.11016890354977171,-92.13421524319104
val,509,AE,Coupled-SINDy,208.53921921813878,0.48991902809838583,0.2106268365963252,-92.13421524319104
val,510,Dst,Coupled-SINDy,11.639419432909571,0.8564737267505073,0.5081382941887634,-54.325638852110885
val,510,Dst,Single-SINDy,22.08131213991527,0.7864983493094727,-0.77023176105829,-54.325638852110885
val,510,Dst,Burton,9.825274362122059,0.9227636398248701,0.6495147483933399,-54.325638852110885
val,510,AE,Coupled-SINDy,193.20362021339486,0.6541091719297681,0.3153404308086346,-54.325638852110885
val,511,Dst,Coupled-SINDy,14.13719022008022,0.7775622758857635,0.35403958016444215,-50.98637356000605
val,511,Dst,Single-SINDy,26.96732655018402,0.8897304343293332,-1.3504742249554962,-50.98637356000605
val,511,Dst,Burton,7.819737922176413,0.9067165548735703,0.8023648895144858,-50.98637356000605
val,511,AE,Coupled-SINDy,287.9961955462616,0.44222710582363495,-0.17258225616123513,-50.98637356000605
val,512,Dst,Coupled-SINDy,12.473420417157115,0.7495524562530811,0.5063246785234665,-57.189539527412435
val,512,Dst,Single-SINDy,19.680871463268634,0.9421260905190206,-0.22901998946482482,-57.189539527412435
val,512,Dst,Burton,6.999761690123973,0.9353257617396875,0.8445335056409389,-57.189539527412435
val,512,AE,Coupled-SINDy,201.76283642061514,0.5836279980677684,0.04246669803957792,-57.189539527412435
val,513,Dst,Coupled-SINDy,10.277188742697959,0.8996457877480344,0.8018568742241395,-89.0539020641869
val,513,Dst,Single-SINDy,18.954463435162555,0.9384049248190892,0.3260101836571143,-89.0539020641869
val,513,Dst,Burton,14.828017138639428,0.8097013175631365,0.5875260710589084,-89.0539020641869
val,513,AE,Coupled-SINDy,185.1264863624206,0.6030662269991668,0.14388930053424154,-89.0539020641869
val,514,Dst,Coupled-SINDy,13.201378504278123,0.625309042977817,0.026207023351648928,-58.7683202032629
val,514,Dst,Single-SINDy,31.845257752236463,0.7705652059455524,-4.666535428075071,-58.7683202032629
val,514,Dst,Burton,16.769641782022017,0.8067544591374689,-0.571359816722089,-58.7683202032629
val,514,AE,Coupled-SINDy,203.96316667707538,0.4500110100989244,-0.11277895096598733,-58.7683202032629
val,515,Dst,Coupled-SINDy,9.581342403732307,0.8634685125840559,0.698595298897387,-74.76070036864326
val,515,Dst,Single-SINDy,13.771899959916215,0.9382888992491896,0.37729117691846425,-74.76070036864326
val,515,Dst,Burton,18.031693634389963,0.8384132677936222,-0.0675060388435067,-74.76070036864326
val,515,AE,Coupled-SINDy,230.2980217839087,0.7499832665962238,0.5302920554453652,-74.76070036864326
val,516,Dst,Coupled-SINDy,12.622587004663117,0.8404247506942677,0.6710924583213427,-77.16494928626356
val,516,Dst,Single-SINDy,19.165676864880727,0.9062753955618541,0.24172731948873505,-77.16494928626356
val,516,Dst,Burton,11.572508985674995,0.8986920128981666,0.7235401046175183,-77.16494928626356
val,516,AE,Coupled-SINDy,188.18136833640312,0.6120798766527678,0.25028847404991916,-77.16494928626356
val,517,Dst,Coupled-SINDy,17.54481726896961,0.7523677558388083,0.24999729497054746,-76.08439385482919
val,517,Dst,Single-SINDy,44.681655800387354,0.8077253022038389,-3.8643369255059987,-76.08439385482919
val,517,Dst,Burton,21.794095263589995,0.8717618096411746,-0.15729165320368677,-76.08439385482919
val,517,AE,Coupled-SINDy,254.45518128111456,0.49680852562572536,0.2121339621091296,-76.08439385482919
val,518,Dst,Coupled-SINDy,13.221011991534475,0.8342331663211898,0.673549473463082,-81.07725421627964
val,518,Dst,Single-SINDy,18.879069366901927,0.8903573416901771,0.3343450904184889,-81.07725421627964
val,518,Dst,Burton,13.828489830469499,0.8699344859687472,0.642860830437829,-81.07725421627964
val,518,AE,Coupled-SINDy,203.41530056378082,0.6232747524529462,0.35254176022875683,-81.07725421627964
val,519,Dst,Coupled-SINDy,11.147673582538502,0.8437924525634725,0.7058336158051981,-77.52
val,519,Dst,Single-SINDy,32.10592317804391,0.9238845357777112,-1.4400283908712077,-77.52
val,519,Dst,Burton,6.608033868126765,0.9498581465811048,0.8966360551640179,-77.52
val,519,AE,Coupled-SINDy,175.6474402892548,0.7165126481671585,0.4428996121438885,-77.52
val,520,Dst,Coupled-SINDy,9.891244476856707,0.8607863664937648,0.6569674548602904,-69.84247471624943
val,520,Dst,Single-SINDy,23.195904822561527,0.8669514993246078,-0.8864968714046837,-69.84247471624943
val,520,Dst,Burton,11.249375087815979,0.823738964699379,0.556299162437237,-69.84247471624943
val,520,AE,Coupled-SINDy,219.3449852282617,0.44456965540366394,-0.3199847842447181,-69.84247471624943
val,521,Dst,Coupled-SINDy,14.574052160420393,0.80133589401049,0.6205763567223204,-93.00496597934529
val,521,Dst,Single-SINDy,36.63859671176025,0.8283731533790379,-1.397957125265724,-93.00496597934529
val,521,Dst,Burton,11.262284757589887,0.8928195343579253,0.7734225114385915,-93.00496597934529
val,521,AE,Coupled-SINDy,170.62683387545871,0.6511258370464897,0.34314791528800803,-93.00496597934529
val,522,Dst,Coupled-SINDy,12.136778847471263,0.874491040527071,0.6901758683477526,-80.80228220406504
val,522,Dst,Single-SINDy,37.54236718517339,0.9083902657393581,-1.964501472091985,-80.80228220406504
val,522,Dst,Burton,13.978436214779068,0.9242813210750613,0.5890154059871,-80.80228220406504
val,522,AE,Coupled-SINDy,234.61468209336732,0.6908313619521039,0.44566951550156664,-80.80228220406504
val,523,Dst,Coupled-SINDy,16.4065585764397,0.5640932338349623,0.07692821624947221,-59.986373560006044
val,523,Dst,Single-SINDy,17.47288025454915,0.8816103146654933,-0.04695855530126658,-59.986373560006044
val,523,Dst,Burton,7.740990389410589,0.9227020866459643,0.7945086499307332,-59.986373560006044
val,523,AE,Coupled-SINDy,271.96664757472087,0.44595642815750686,0.006492025512659261,-59.986373560006044
val,524,Dst,Coupled-SINDy,9.363632067439395,0.9048471809568294,0.7742103296546776,-81.53270314018488
val,524,Dst,Single-SINDy,17.839048967965745,0.9300182347626783,0.18048145790015213,-81.53270314018488
val,524,Dst,Burton,13.440265854488866,0.8093211181645468,0.5348092102386608,-81.53270314018488
val,524,AE,Coupled-SINDy,251.11616765179525,0.46210445716020726,0.18994392236487367,-81.53270314018488
val,525,Dst,Coupled-SINDy,14.587345552419588,0.6039284304539764,-0.09816455180814576,-56.14932978839364
val,525,Dst,Single-SINDy,18.027596385033036,0.8320287901094989,-0.6772219270149582,-56.14932978839364
val,525,Dst,Burton,14.746825885648043,0.9233131139239501,-0.12230780780343853,-56.14932978839364
val,525,AE,Coupled-SINDy,199.08604022757964,0.5563732353235455,0.25120252701061596,-56.14932978839364
val,526,Dst,Coupled-SINDy,17.063907118148943,0.859822800095209,0.5539729634795878,-120.68220992554643
val,526,Dst,Single-SINDy,10.278355716345128,0.9231343745396151,0.8381728016474377,-120.68220992554643
val,526,Dst,Burton,18.719060828148745,0.8752433086680323,0.4632496467550197,-120.68220992554643
val,526,AE,Coupled-SINDy,256.03157062193816,0.3607486539691152,-0.06125653682012944,-120.68220992554643
val,527,Dst,Coupled-SINDy,21.8533296594902,0.6642456738001118,0.39853839289298765,-75.24514864787307
val,527,Dst,Single-SINDy,36.086067046502606,0.7821179337260992,-0.640029951077882,-75.24514864787307
val,527,Dst,Burton,19.672488856414976,0.7875484359661633,0.5125935275974485,-75.24514864787307
val,527,AE,Coupled-SINDy,252.5379141822575,0.5991516162372713,0.30536188163779765,-75.24514864787307
val,528,Dst,Coupled-SINDy,12.731137313427196,0.7846887551020634,0.5006907393393536,-74.28798178806699
val,528,Dst,Single-SINDy,8.937578777020132,0.9203587578773726,0.7539207571520912,-74.28798178806699
val,528,Dst,Burton,14.699117864083641,0.8521366853759175,0.33439318352782144,-74.28798178806699
val,528,AE,Coupled-SINDy,194.52513473661548,0.5347097672515415,0.011630428031832896,-74.28798178806699
val,529,Dst,Coupled-SINDy,18.768008241802523,0.8043023531611155,0.5689001010937804,-119.23385351664848
val,529,Dst,Single-SINDy,26.17541438996263,0.8901245745522468,0.16145054366033185,-119.23385351664848
val,529,Dst,Burton,17.420990897433096,0.8909643099233517,0.6285612084632517,-119.23385351664848
val,529,AE,Coupled-SINDy,249.75366500363455,0.5145382235215461,0.2570613146453903,-119.23385351664848
val,530,Dst,Coupled-SINDy,27.531964258910676,0.8603918495928481,0.30022963250911483,-153.14958914959772
val,530,Dst,Single-SINDy,14.28736882973397,0.9054565203240953,0.8115545455579176,-153.14958914959772
val,530,Dst,Burton,33.51224813618589,0.8676887609612118,-0.036783984130470015,-153.14958914959772
val,530,AE,Coupled-SINDy,178.7856188772234,0.6141409074291873,0.1619529852215782,-153.14958914959772
val,531,Dst,Coupled-SINDy,8.393847829979943,0.8651386340049053,0.6246895029679205,-65.64524964479462
val,531,Dst,Single-SINDy,22.313064643744898,0.816730274746234,-1.65208216627518,-65.64524964479462
val,531,Dst,Burton,9.612855366578358,0.8589772381736847,0.5077640328492946,-65.64524964479462
val,531,AE,Coupled-SINDy,162.77062832230388,0.6897813573024747,0.3734945449062057,-65.64524964479462
val,532,Dst,Coupled-SINDy,15.64222184799923,0.7679736308035371,0.5653325590083236,-78.26363684338605
val,532,Dst,Single-SINDy,41.2729961366992,0.7635398598480908,-2.026162337590886,-78.26363684338605
val,532,Dst,Burton,15.960809758055074,0.7997463473564262,0.5474463515107897,-78.26363684338605
val,532,AE,Coupled-SINDy,254.87146680899872,0.20804943158297107,-0.22251548839520385,-78.26363684338605
val,533,Dst,Coupled-SINDy,13.502797644421808,0.7520670426517885,0.41726116307792194,-67.10566450060509
val,533,Dst,Single-SINDy,36.44657697149819,0.8652502263401339,-3.2456084239753427,-67.10566450060509
val,533,Dst,Burton,12.877088058975259,0.9418364058163932,0.47001719980457635,-67.10566450060509
val,533,AE,Coupled-SINDy,180.76829837726999,0.7258028669526926,0.4746383829224271,-67.10566450060509
val,534,Dst,Coupled-SINDy,7.780992901333996,0.855010780607559,0.6839098873385985,-54.80228220406504
val,534,Dst,Single-SINDy,27.98256978704837,0.8546032286240187,-3.088048731337987,-54.80228220406504
val,534,Dst,Burton,9.622674338643174,0.8117658687714338,0.5165712782700187,-54.80228220406504
val,534,AE,Coupled-SINDy,233.7169188433345,0.3937914872860211,-0.08140650283821782,-54.80228220406504
val,535,Dst,Coupled-SINDy,25.509299925703708,0.6663167209794835,0.2622759035901461,-148.1709546608547
val,535,Dst,Single-SINDy,32.92421148284788,0.7517214411071402,-0.228931438028652,-148.1709546608547
val,535,Dst,Burton,23.47803308483642,0.8675027795102059,0.37508592043739863,-148.1709546608547
val,535,AE,Coupled-SINDy,305.77891957678963,0.3650773042254172,0.082177175709088,-148.1709546608547
val,536,Dst,Coupled-SINDy,8.71950266741696,0.81083957935852,0.653711705981084,-92.21761153807799
val,536,Dst,Single-SINDy,8.40004022839348,0.8707924530928179,0.6786212827538844,-92.21761153807799
val,536,Dst,Burton,11.242890915649955,0.8252020692081365,0.4242812484202467,-92.21761153807799
val,536,AE,Coupled-SINDy,211.3897463318516,0.633069385147921,0.16283537285549798,-92.21761153807799
val,537,Dst,Coupled-SINDy,13.21216735651952,0.8080544619268453,0.5490454982107699,-72.03714081865299
val,537,Dst,Single-SINDy,34.33449910339818,0.9538515704061532,-2.045411801094582,-72.03714081865299
val,537,Dst,Burton,8.033989824884063,0.9646205804019079,0.8332571773304815,-72.03714081865299
val,537,AE,Coupled-SINDy,160.34754474330506,0.7445415628115394,0.5356960329563047,-72.03714081865299
val,538,Dst,Coupled-SINDy,13.74783034404533,0.6232146228096515,0.2662850143027672,-60.683261807331576
val,538,Dst,Single-SINDy,31.205244117017973,0.7906424125422488,-2.780195232417891,-60.683261807331576
val,538,Dst,Burton,11.713867940639819,0.9497941794905497,0.46732819647499657,-60.683261807331576
val,538,AE,Coupled-SINDy,185.95503914899217,0.6256171281978363,0.18335665865288686,-60.683261807331576
val,539,Dst,Coupled-SINDy,13.686016434022683,0.6524212304436019,0.2849970463351956,-59.62046439662598
val,539,Dst,Single-SINDy,18.707616142954496,0.9311195625378179,-0.3359512844237098,-59.62046439662598
val,539,Dst,Burton,7.29672809466804,0.9050157205873083,0.7967595969220304,-59.62046439662598
val,539,AE,Coupled-SINDy,201.74737117087838,0.5326466019763111,-0.09594207985613346,-59.62046439662598
val,540,Dst,Coupled-SINDy,18.166891187218166,0.8117602532163161,0.568350293442013,-119.05975109036004
val,540,Dst,Single-SINDy,31.917507286597676,0.9024767215836547,-0.3323801458595954,-119.05975109036004
val,540,Dst,Burton,10.539682710162259,0.9382215592513795,0.8547134891563084,-119.05975109036004
val,540,AE,Coupled-SINDy,287.3617590377883,0.3427544943539009,0.09480528226069107,-119.05975109036004
val,541,Dst,Coupled-SINDy,18.37642426629222,0.8813124825265977,0.5380778576425334,-94.0566356946865
val,541,Dst,Single-SINDy,45.50517250768441,0.7964968168571597,-1.8324893966609772,-94.0566356946865
val,541,Dst,Burton,17.410083927941773,0.9114686340665391,0.5853816757855117,-94.0566356946865
val,541,AE,Coupled-SINDy,195.70523013471018,0.7287724122938769,0.5283396673757412,-94.0566356946865
val,542,Dst,Coupled-SINDy,21.327658204749635,0.8312309144924803,0.671790745614165,-139.1530236259052
val,542,Dst,Single-SINDy,47.94610476533662,0.9298809904278532,-0.6587125791645634,-139.1530236259052
val,542,Dst,Burton,53.064378395992314,0.9293370742324434,-1.0317517411943609,-139.1530236259052
val,542,AE,Coupled-SINDy,250.69748284277398,0.7581899168583471,0.5557168710704983,-139.1530236259052
val,543,Dst,Coupled-SINDy,15.34530088730944,0.7650547081232136,0.426001560587543,-71.49519732254836
val,543,Dst,Single-SINDy,44.569623274866636,0.8384945432704416,-3.8421453440295092,-71.49519732254836
val,543,Dst,Burton,19.29714811670734,0.6931256678980638,0.09229201589398495,-71.49519732254836
val,543,AE,Coupled-SINDy,263.97338460468427,0.5198093808151841,0.11708298200194334,-71.49519732254836
val,544,Dst,Coupled-SINDy,19.627251002009896,0.8607295178056993,0.6231768845084396,-120.41003549408822
val,544,Dst,Single-SINDy,20.95466023473644,0.9446730139155606,0.5704835219216915,-120.41003549408822
val,544,Dst,Burton,17.79861802931449,0.8506585114919879,0.690121711398897,-120.41003549408822
val,544,AE,Coupled-SINDy,184.78211843193634,0.6326528283178483,0.2590488418491059,-120.41003549408822
val,545,Dst,Coupled-SINDy,16.5147344879261,0.8411090360639758,0.6875904053641828,-104.53942090884684
val,545,Dst,Single-SINDy,37.09605824045558,0.8915881817733038,-0.5762921079733205,-104.53942090884684
val,545,Dst,Burton,22.250086167411705,0.8984095733420215,0.4329196925712957,-104.53942090884684
val,545,AE,Coupled-SINDy,194.91076489695917,0.6672338202679627,0.40416144001807064,-104.53942090884684
val,546,Dst,Coupled-SINDy,17.752883203301913,0.4675240996795785,0.1833500443654914,-90.29390950911153
val,546,Dst,Single-SINDy,21.043944028619226,0.7712663655328835,-0.147499294365236,-90.29390950911153
val,546,Dst,Burton,15.667684412723167,0.913064791038798,0.36392579845749484,-90.29390950911153
val,546,AE,Coupled-SINDy,195.6781236261329,0.6754331932147738,0.45318291423110835,-90.29390950911153
val,547,Dst,Coupled-SINDy,19.55966861061347,0.7799435819133281,0.36102739101098547,-64.42006026853971
val,547,Dst,Single-SINDy,41.29655958371177,0.9187581490541951,-1.8483083350252758,-64.42006026853971
val,547,Dst,Burton,18.91131338831717,0.8820106326039249,0.40268607458357153,-64.42006026853971
val,547,AE,Coupled-SINDy,207.98563618785855,0.772248567561623,0.4687579270343464,-64.42006026853971
val,548,Dst,Coupled-SINDy,21.533807501729157,0.7877976595520615,0.3852429980840991,-106.84794313549789
val,548,Dst,Single-SINDy,42.82168674910391,0.8607343643798655,-1.4310247001029928,-106.84794313549789
val,548,Dst,Burton,21.440424989201908,0.9358491510033989,0.39056329064815176,-106.84794313549789
val,548,AE,Coupled-SINDy,244.47024773459677,0.6793709231596406,0.1136813489827313,-106.84794313549789
val,549,Dst,Coupled-SINDy,12.050660593630418,0.7959125352364887,0.4343061522866465,-65.12896997016182
val,549,Dst,Single-SINDy,27.74519822383297,0.9063394575842882,-1.9987165045228714,-65.12896997016182
val,549,Dst,Burton,9.744723360369717,0.8318814216579254,0.6300876975262379,-65.12896997016182
val,549,AE,Coupled-SINDy,208.54064860148117,0.5531043656350861,-0.008044260650786894,-65.12896997016182
val,550,Dst,Coupled-SINDy,21.95731506130262,0.7497532410615722,0.40943141785660575,-131.42006026853971
val,550,Dst,Single-SINDy,13.230348193279076,0.8944206577649897,0.7855853674973363,-131.42006026853971
val,550,Dst,Burton,19.010546650545674,0.8916440405272208,0.5573086027634808,-131.42006026853971
val,550,AE,Coupled-SINDy,292.71943904433425,0.49500435907787826,0.18981170240895495,-131.42006026853971
val,551,Dst,Coupled-SINDy,12.491217979100979,0.4174381710242575,0.07381742317462081,-61.18844494244867
val,551,Dst,Single-SINDy,12.76488976797979,0.8670591296227131,0.03278912668217915,-61.18844494244867
val,551,Dst,Burton,9.051830160264647,0.8882024686151562,0.5136377868755989,-61.18844494244867
val,551,AE,Coupled-SINDy,216.15772140666996,0.41515532849839626,0.0650185616619271,-61.18844494244867
val,552,Dst,Coupled-SINDy,12.648312278765003,0.8421747710414491,0.5905942842811851,-70.35385567560245
val,552,Dst,Single-SINDy,18.926491151626394,0.9543754059330541,0.08329636249261319,-70.35385567560245
val,552,Dst,Burton,12.5624745205275,0.934241431405242,0.5961322913940276,-70.35385567560245
val,552,AE,Coupled-SINDy,164.78526402423952,0.8228557558450513,0.6659552448228965,-70.35385567560245
val,553,Dst,Coupled-SINDy,12.013867888550525,0.8374624602436773,0.5053900484420415,-66.21761153807799
val,553,Dst,Single-SINDy,29.72164485019865,0.8317855619378968,-2.027211936412356,-66.21761153807799
val,553,Dst,Burton,8.439354057519363,0.9075020220372434,0.7559293482085028,-66.21761153807799
val,553,AE,Coupled-SINDy,199.796025444497,0.5768267608339387,0.2988821598129925,-66.21761153807799
val,554,Dst,Coupled-SINDy,12.060252165295719,0.8413093821725377,0.11313588000644026,-60.88522176759096
val,554,Dst,Single-SINDy,22.10507163852481,0.842542717081417,-1.9793955269648285,-60.88522176759096
val,554,Dst,Burton,10.003592737543512,0.838135445005482,0.38982232584106336,-60.88522176759096
val,554,AE,Coupled-SINDy,238.5265769842925,0.4009162998211608,0.14392763252304897,-60.88522176759096
val,555,Dst,Coupled-SINDy,16.490384826616772,0.8507868167811916,0.7118182008014868,-129.77672745203904
val,555,Dst,Single-SINDy,30.337788209307547,0.9128420876554425,0.024622355321766154,-129.77672745203904
val,555,Dst,Burton,15.205584335241914,0.9139936210745646,0.7549745498338951,-129.77672745203904
val,555,AE,Coupled-SINDy,195.59545753367448,0.5631480356142611,0.2895591578753689,-129.77672745203904
val,556,Dst,Coupled-SINDy,21.68774098713843,0.5321350049196832,-0.3250849907013953,-77.05975109036004
val,556,Dst,Single-SINDy,39.10915362911061,0.6475531649954268,-3.3089547526860246,-77.05975109036004
val,556,Dst,Burton,26.238323486138988,0.9443115595137576,-0.9394887422458134,-77.05975109036004
val,556,AE,Coupled-SINDy,237.11889754376318,0.6794052805801695,0.41958597844676393,-77.05975109036004
val,557,Dst,Coupled-SINDy,17.07061773106013,0.838536370812006,0.6505358371671583,-106.246
val,557,Dst,Single-SINDy,39.570219880883606,0.8838073521174873,-0.8777643896537481,-106.246
val,557,Dst,Burton,16.000163180133033,0.9520567034840457,0.6929896650375814,-106.246
val,557,AE,Coupled-SINDy,219.96058814614963,0.7244734039576479,0.48319178141090235,-106.246
val,558,Dst,Coupled-SINDy,22.092107482564753,0.6853605137916549,0.3520415722560388,-84.68169729949162
val,558,Dst,Single-SINDy,37.99056230457173,0.826655742547634,-0.916127003374996,-84.68169729949162
val,558,Dst,Burton,16.133268829752186,0.9572524206514471,0.6544446756152029,-84.68169729949162
val,558,AE,Coupled-SINDy,225.51214459010305,0.8295509986405709,0.6532028228390849,-84.68169729949162
val,559,Dst,Coupled-SINDy,22.380552503750142,0.7138990882095658,-0.27340982730342267,-79.7132180043485
val,559,Dst,Single-SINDy,41.10619365947837,0.872290379219234,-3.2957709593757762,-79.7132180043485
val,559,Dst,Burton,26.977998348374875,0.9284037334960662,-0.8503165668404686,-79.7132180043485
val,559,AE,Coupled-SINDy,170.5943356530496,0.8658569200663181,0.7025406293217201,-79.7132180043485
val,560,Dst,Coupled-SINDy,19.55967623807151,0.7167078961980304,-0.16892694145995768,-52.0478177485739
val,560,Dst,Single-SINDy,29.387179029174423,0.8379522460949943,-1.6386381797226468,-52.0478177485739
val,560,Dst,Burton,18.906241546873634,0.934193644587531,-0.09213028162494341,-52.0478177485739
val,560,AE,Coupled-SINDy,222.69653598271697,0.6224312020149017,-0.07610461901116539,-52.0478177485739
val,561,Dst,Coupled-SINDy,10.86787923472797,0.791432639506611,0.5423401583235775,-60.23476947065207
val,561,Dst,Single-SINDy,18.035675336052588,0.9235941609918641,-0.26042792391365177,-60.23476947065207
val,561,Dst,Burton,9.43447877371876,0.835397892252293,0.6551033136992321,-60.23476947065207
val,561,AE,Coupled-SINDy,169.38207868765244,0.6694253075995714,0.25677816207009085,-60.23476947065207
val,562,Dst,Coupled-SINDy,11.936973314106805,0.90487548475056,0.8168408131441014,-89.28047787750361
val,562,Dst,Single-SINDy,26.681991808975877,0.9297571334294839,0.08488272478990266,-89.28047787750361
val,562,Dst,Burton,17.154024257564796,0.8947330206843669,0.621755779680697,-89.28047787750361
val,562,AE,Coupled-SINDy,243.06242306640044,0.5693957067059754,0.31143378039961234,-89.28047787750361
val,563,Dst,Coupled-SINDy,17.668110059749257,0.5477769112076052,0.23901979430136833,-72.59241940186753
val,563,Dst,Single-SINDy,29.34264529191284,0.7929156742451005,-1.0988997496251725,-72.59241940186753
val,563,Dst,Burton,15.706543228592903,0.7716592297728231,0.39861250096480805,-72.59241940186753
val,563,AE,Coupled-SINDy,238.88373857372503,0.42290964376267154,-0.11259631026000028,-72.59241940186753
val,564,Dst,Coupled-SINDy,11.333473189856297,0.7263100367050539,0.39383439276239396,-52.05892954673293
val,564,Dst,Single-SINDy,16.64232998745061,0.9047500073938164,-0.30705392770302087,-52.05892954673293
val,564,Dst,Burton,8.392638268534991,0.8223545766641832,0.6675990484405333,-52.05892954673293
val,564,AE,Coupled-SINDy,189.9094218926642,0.6557228461861142,0.31762746119486296,-52.05892954673293
val,565,Dst,Coupled-SINDy,9.521300602547777,0.8291997224597346,0.6399223260541084,-54.5214007372865
val,565,Dst,Single-SINDy,23.42572900134786,0.9240931603251036,-1.1796656031257622,-54.5214007372865
val,565,Dst,Burton,10.663648398019347,0.8759033004803345,0.5483362092990575,-54.5214007372865
val,565,AE,Coupled-SINDy,199.58635558107395,0.45559787461775186,-0.3109708832082785,-54.5214007372865
val,566,Dst,Coupled-SINDy,13.662150366256443,0.7535725920461541,0.5434377286976502,-81.55371355416396
val,566,Dst,Single-SINDy,24.612187923312742,0.8222476682898213,-0.4817070359471831,-81.55371355416396
val,566,Dst,Burton,9.468958565603524,0.9051831280262704,0.7806860127816833,-81.55371355416396
val,566,AE,Coupled-SINDy,198.035053520758,0.5393020084350597,0.09490849475296836,-81.55371355416396
val,567,Dst,Coupled-SINDy,13.428980582382223,0.7195459537977055,0.3999508646980945,-66.12936925436478
val,567,Dst,Single-SINDy,22.044440579133266,0.9033487157174953,-0.6169585495429215,-66.12936925436478
val,567,Dst,Burton,11.05781808078727,0.818990986356285,0.5931450500638795,-66.12936925436478
val,567,AE,Coupled-SINDy,246.98529007114803,0.2604301312302117,-1.6154094796104403,-66.12936925436478
val,568,Dst,Coupled-SINDy,19.21287869819182,0.6521587906910841,0.409512232933563,-121.88919781700872
val,568,Dst,Single-SINDy,19.950327078872437,0.8407382396865729,0.3633128809274644,-121.88919781700872
val,568,Dst,Burton,12.316821098178098,0.888970269547279,0.7573259769295493,-121.88919781700872
val,568,AE,Coupled-SINDy,260.79781502391967,0.41187410423547727,0.07857179027101113,-121.88919781700872
val,569,Dst,Coupled-SINDy,18.456720363060573,0.8627551970577055,0.5283943839454797,-103.87802318228428
val,569,Dst,Single-SINDy,17.14253405562835,0.9191210786732049,0.5931634662759395,-103.87802318228428
val,569,Dst,Burton,17.091802656927296,0.9166872599073477,0.5955678770079773,-103.87802318228428
val,569,AE,Coupled-SINDy,182.20406247084412,0.47146242864881044,0.05913410503749983,-103.87802318228428
val,570,Dst,Coupled-SINDy,13.68716383841225,0.8473969885468899,0.717157573436904,-88.38463225130242
val,570,Dst,Single-SINDy,26.366231562453617,0.8912784263055807,-0.049575650155878837,-88.38463225130242
val,570,Dst,Burton,10.487018901893673,0.9297253045193247,0.833956559238799,-88.38463225130242
val,570,AE,Coupled-SINDy,136.83581923547226,0.7695654302336549,0.5393808630734037,-88.38463225130242
val,571,Dst,Coupled-SINDy,20.907614505330127,0.5880138385504907,0.1621385341855992,-66.71926154172945
val,571,Dst,Single-SINDy,39.6652245485439,0.7818463238615849,-2.0156649172601453,-66.71926154172945
val,571,Dst,Burton,13.81337721760637,0.9421803336880078,0.6342679732152834,-66.71926154172945
val,571,AE,Coupled-SINDy,175.1210974611338,0.7864724783740121,0.611408721976457,-66.71926154172945
val,572,Dst,Coupled-SINDy,10.204074927774583,0.8083359679470185,0.6513755231111151,-50.337351219803466
val,572,Dst,Single-SINDy,32.82307201119718,0.8869206713895859,-2.6071902535234703,-50.337351219803466
val,572,Dst,Burton,8.365579831203034,0.9098071323381415,0.7656835960298722,-50.337351219803466
val,572,AE,Coupled-SINDy,150.3713818245358,0.6020735166892317,0.32573316155118126,-50.337351219803466
val,573,Dst,Coupled-SINDy,12.692053481695021,0.8790796725356463,0.2941109984929027,-52.648847123814704
val,573,Dst,Single-SINDy,38.52737260311706,0.854054953255982,-5.504462502513521,-52.648847123814704
val,573,Dst,Burton,12.33395364526482,0.5900333254735401,0.3333816688497062,-52.648847123814704
val,573,AE,Coupled-SINDy,212.41961102379838,0.43227486351612704,-0.16880153877064497,-52.648847123814704
val,574,Dst,Coupled-SINDy,17.597095602136168,0.8016376627505506,0.45711628484841194,-80.86475277648195
val,574,Dst,Single-SINDy,52.178186508635044,0.8948900579366493,-3.773124791370096,-80.86475277648195
val,574,Dst,Burton,15.993554663347009,0.9409688059691476,0.551549176959332,-80.86475277648195
val,574,AE,Coupled-SINDy,194.87361864326027,0.7332928309810929,0.49259288319333727,-80.86475277648195
val,575,Dst,Coupled-SINDy,11.98818130885665,0.7930031957283871,0.5797593393950611,-95.39518393493253
val,575,Dst,Single-SINDy,26.12018641371593,0.7338682185619128,-0.9950050964807626,-95.39518393493253
val,575,Dst,Burton,24.548209465680664,0.5797629117454917,-0.7621022515321894,-95.39518393493253
val,575,AE,Coupled-SINDy,254.14840259517496,0.21685446425950025,-0.39576238514909234,-95.39518393493253
val,576,Dst,Coupled-SINDy,9.799982519650122,0.7605325267665091,0.5747642748085633,-54.363208976236905
val,576,Dst,Single-SINDy,31.557644834578678,0.8251190203878116,-3.4094894691270126,-54.363208976236905
val,576,Dst,Burton,9.250696358871297,0.8604377221334245,0.6210970437427057,-54.363208976236905
val,576,AE,Coupled-SINDy,209.53495646452538,0.3504320038870166,-0.29746302365747757,-54.363208976236905
val,577,Dst,Coupled-SINDy,8.252178601895801,0.4949034066313347,0.08962196668159017,-51.72888894993895
val,577,Dst,Single-SINDy,8.983012865502378,0.8331510442204426,-0.07876929264202537,-51.72888894993895
val,577,Dst,Burton,8.185373575378007,0.7266350189393047,0.10430212764313318,-51.72888894993895
val,577,AE,Coupled-SINDy,194.08179941688402,0.42808780737616386,0.05189630112176313,-51.72888894993895
val,578,Dst,Coupled-SINDy,11.05948545801576,0.20376082178767455,-0.3922382093127994,-54.051729503653235
val,578,Dst,Single-SINDy,9.7363452534201,0.5565873905538653,-0.07903525914960241,-54.051729503653235
val,578,Dst,Burton,7.75655468042644,0.6121124195231632,0.3151721372520111,-54.051729503653235
val,578,AE,Coupled-SINDy,178.96333442065577,0.30700456371074275,-0.4386087178623046,-54.051729503653235
val,579,Dst,Coupled-SINDy,12.2691673958108,0.673855359219123,0.381972730687023,-65.0
val,579,Dst,Single-SINDy,19.387991962481838,0.7665513585825179,-0.5432742726099282,-65.0
val,579,Dst,Burton,18.803809154818797,0.6573792713401011,-0.4516740843999403,-65.0
val,579,AE,Coupled-SINDy,237.10862746456658,0.25275457134585266,-1.079895564762026,-65.0
val,580,Dst,Coupled-SINDy,9.502967606344066,0.2076918817053215,-0.22222866890670812,-57.26894751306749
val,580,Dst,Single-SINDy,6.100423717826988,0.7059356001803783,0.49632085336903475,-57.26894751306749
val,580,Dst,Burton,9.129529329977544,0.7170186847314413,-0.1280562215395864,-57.26894751306749
val,580,AE,Coupled-SINDy,210.08970282614123,0.3408674157681552,-0.5003562245741757,-57.26894751306749
val,581,Dst,Coupled-SINDy,10.181617102372948,0.5887183515949251,0.19212894917096068,-52.89
val,581,Dst,Single-SINDy,16.22655051774732,0.7414848233853333,-1.0519224217583645,-52.89
val,581,Dst,Burton,10.028178168336087,0.7572347271211574,0.21629501819061703,-52.89
val,581,AE,Coupled-SINDy,216.01023769320844,0.3707851110679024,-0.3790305990750771,-52.89
val,582,Dst,Coupled-SINDy,16.092161555163678,0.6775420757749685,0.27403224318712016,-78.30902334915766
val,582,Dst,Single-SINDy,44.48499785066957,0.5172744555298409,-4.547735056295147,-78.30902334915766
val,582,Dst,Burton,6.547488059136059,0.9604213859061974,0.8798183964092814,-78.30902334915766
val,582,AE,Coupled-SINDy,162.72641722276572,0.7184097618783979,0.46997786666769603,-78.30902334915766
val,583,Dst,Coupled-SINDy,8.916667273137449,0.6067262617772767,0.3124972128542638,-56.164
val,583,Dst,Single-SINDy,13.15822669704515,0.5198360146217598,-0.49714570781081746,-56.164
val,583,Dst,Burton,11.652585807634942,0.8345080870959262,-0.17412398568398912,-56.164
val,583,AE,Coupled-SINDy,217.18197704283318,0.22992223022096434,-0.8077056398043239,-56.164
val,584,Dst,Coupled-SINDy,15.999614303356894,0.71149596881059,0.43651972415071494,-116.02895061575828
val,584,Dst,Single-SINDy,31.41811483746432,0.7988624365509815,-1.1728009238640436,-116.02895061575828
val,584,Dst,Burton,18.4688285969851,0.7655865094131808,0.24917557311248517,-116.02895061575828
val,584,AE,Coupled-SINDy,215.70935774654032,0.4299327798752493,0.037935653743539244,-116.02895061575828
val,585,Dst,Coupled-SINDy,12.133003244857939,0.7229493876710327,-0.5707867542012448,-52.6495637726321
val,585,Dst,Single-SINDy,45.402783874320384,0.7656017102506317,-20.996094043486625,-52.6495637726321
val,585,Dst,Burton,10.095754943037344,0.7135180733466656,-0.08757246451675127,-52.6495637726321
val,585,AE,Coupled-SINDy,178.89635047294144,0.350490638054272,-0.5415106258345765,-52.6495637726321
val,586,Dst,Coupled-SINDy,10.83351740282453,0.7260187292924422,-0.13753694304136266,-58.59241940186753
val,586,Dst,Single-SINDy,34.125584226856695,0.7608690278856928,-10.287213233238425,-58.59241940186753
val,586,Dst,Burton,11.08984611105234,0.8650940710484213,-0.19200363173898904,-58.59241940186753
val,586,AE,Coupled-SINDy,175.53460037813323,0.44546010374786404,-0.22365031380798217,-58.59241940186753
val,587,Dst,Coupled-SINDy,13.503643172079045,0.7549451393995348,0.40084576134712924,-71.36707761629295
val,587,Dst,Single-SINDy,31.84731558998648,0.8827149307207351,-2.3325938791028773,-71.36707761629295
val,587,Dst,Burton,10.77374615437622,0.9212726848732053,0.6186092052906502,-71.36707761629295
val,587,AE,Coupled-SINDy,177.33514651735766,0.6144032612126337,-0.34318747429293484,-71.36707761629295
val,588,Dst,Coupled-SINDy,7.892860508625849,0.8387317680111708,0.69522769316748,-62.317801361604765
val,588,Dst,Single-SINDy,42.34259310799693,0.8851285953673638,-7.7712512115934125,-62.317801361604765
val,588,Dst,Burton,13.067644274672622,0.588476487637919,0.16458695114942323,-62.317801361604765
val,588,AE,Coupled-SINDy,171.23686677434435,0.5846716602755576,0.2519458728813502,-62.317801361604765
val,589,Dst,Coupled-SINDy,10.366021072700486,0.8645172104748833,0.6187641607868861,-68.97200000000001
val,589,Dst,Single-SINDy,38.522961563850444,0.9030542677450584,-4.265127361329957,-68.97200000000001
val,589,Dst,Burton,8.609812934561099,0.8773189815464029,0.7369992556866047,-68.97200000000001
val,589,AE,Coupled-SINDy,184.66147339732336,0.5005656141141898,0.02379093592987136,-68.97200000000001
val,590,Dst,Coupled-SINDy,28.077188487055693,0.9048002397491811,0.6182646079227032,-239.20135327680993
val,590,Dst,Single-SINDy,38.94964842627884,0.8964199544972369,0.26538079862071473,-239.20135327680993
val,590,Dst,Burton,34.19525408734971,0.909321439930286,0.4337778401643695,-239.20135327680993
val,590,AE,Coupled-SINDy,332.42988382760336,0.08740993562038864,-0.2699463986272852,-239.20135327680993
val,591,Dst,Coupled-SINDy,12.640877825467971,0.8634333735103977,0.6985203282122812,-85.72888894993895
val,591,Dst,Single-SINDy,40.51180374774575,0.8765750183115582,-2.0964689277021025,-85.72888894993895
val,591,Dst,Burton,11.509926770761036,0.924504030852021,0.7500525633821827,-85.72888894993895
val,591,AE,Coupled-SINDy,174.03341931770868,0.6531301783455594,0.39474914201604694,-85.72888894993895
val,592,Dst,Coupled-SINDy,15.598253529081397,0.8002966163789098,0.32163029434236523,-92.17669964122635
val,592,Dst,Single-SINDy,27.850288826852015,0.7343070296754108,-1.162588564611168,-92.17669964122635
val,592,Dst,Burton,17.62745528239007,0.8290418257060441,0.1336492843110294,-92.17669964122635
val,592,AE,Coupled-SINDy,211.22762141237476,0.4780259555111459,0.2168265427573709,-92.17669964122635
val,593,Dst,Coupled-SINDy,14.23392009796061,0.6755817447757844,0.43436974056076727,-90.42643600869701
val,593,Dst,Single-SINDy,31.304816107727273,0.8017642591500788,-1.7359357957548402,-90.42643600869701
val,593,Dst,Burton,15.177130491071912,0.690152293104279,0.35692307870177653,-90.42643600869701
val,593,AE,Coupled-SINDy,241.23827152305827,0.20250968527741398,0.006235169339066093,-90.42643600869701
val,594,Dst,Coupled-SINDy,11.440129187887075,0.6679419018401351,0.43215899980509,-50.18844494244867
val,594,Dst,Single-SINDy,17.28488808971975,0.8972340630733058,-0.2962776513271983,-50.18844494244867
val,594,Dst,Burton,10.83524557992586,0.7754098659257728,0.4906193919770997,-50.18844494244867
val,594,AE,Coupled-SINDy,235.4576420861114,0.2434186978589674,-0.5685074640762642,-50.18844494244867
val,595,Dst,Coupled-SINDy,17.77847759207316,0.8141909103822306,0.5368682823092519,-73.43911844102217
val,595,Dst,Single-SINDy,35.36801191392924,0.801860003208178,-0.8328911902034035,-73.43911844102217
val,595,Dst,Burton,14.381066847664217,0.8563783585631446,0.6969616466603821,-73.43911844102217
val,595,AE,Coupled-SINDy,207.21501631815366,0.5293263472789648,0.06268604037282743,-73.43911844102217
val,596,Dst,Coupled-SINDy,23.003004945477894,0.948344711371196,0.698184853943002,-199.82371677790803
val,596,Dst,Single-SINDy,31.747130252876858,0.9045216723502278,0.4251151916322343,-199.82371677790803
val,596,Dst,Burton,25.63857379193917,0.8715368262534192,0.6250618688528308,-199.82371677790803
val,596,AE,Coupled-SINDy,275.3056411769747,0.4446535647076999,0.1951108908567436,-199.82371677790803
val,597,Dst,Coupled-SINDy,12.116540586112214,0.8687367092637437,0.665349671212766,-74.05810254971439
val,597,Dst,Single-SINDy,19.618855095218205,0.8439007136239727,0.12263300645090935,-74.05810254971439
val,597,Dst,Burton,16.74258012028295,0.8050190606628266,0.36103253532748847,-74.05810254971439
val,597,AE,Coupled-SINDy,187.61490167081223,0.5799121917246882,0.22238361366677106,-74.05810254971439
val,598,Dst,Coupled-SINDy,14.345231278288596,0.5651858037522797,0.2557193051029476,-65.43305943306515
val,598,Dst,Single-SINDy,14.129921128087293,0.84071483786947,0.27789372191171435,-65.43305943306515
val,598,Dst,Burton,10.400201076997021,0.9592241252390139,0.6087943508619329,-65.43305943306515
val,598,AE,Coupled-SINDy,225.42576761635152,0.6010138049601497,0.3581112266217905,-65.43305943306515
val,599,Dst,Coupled-SINDy,12.161497690419877,0.7454538827697008,0.5245917380849763,-71.66997731956353
val,599,Dst,Single-SINDy,13.480240440058719,0.833582547525175,0.41589909564899175,-71.66997731956353
val,599,Dst,Burton,11.839795140222051,0.8086633029712661,0.5494105930314316,-71.66997731956353
val,599,AE,Coupled-SINDy,228.43883919321118,0.3009465131760984,-0.18536909027217763,-71.66997731956353
val,600,Dst,Coupled-SINDy,12.843078785573876,0.8177793824702809,0.6517225661589363,-97.39473809193863
val,600,Dst,Single-SINDy,28.77657892389585,0.8881293342949809,-0.7484989118128247,-97.39473809193863
val,600,Dst,Burton,10.708641963873307,0.8963074079061228,0.757865964989692,-97.39473809193863
val,600,AE,Coupled-SINDy,234.96324034550008,0.4942747035395927,0.2276478252109727,-97.39473809193863
val,601,Dst,Coupled-SINDy,10.245067237989966,0.9416449104575018,0.8663689692436545,-104.04781774857389
val,601,Dst,Single-SINDy,56.53103736113151,0.853013735938782,-3.0686619013893575,-104.04781774857389
val,601,Dst,Burton,15.124647054121912,0.9509567975386347,0.7087618994152765,-104.04781774857389
val,601,AE,Coupled-SINDy,263.52720643499964,0.7468528939414438,0.29912137993055354,-104.04781774857389
val,602,Dst,Coupled-SINDy,19.696364945022278,0.6811253081415367,0.3974964056968342,-108.13371161443447
val,602,Dst,Single-SINDy,49.140504073818434,0.7247651368339774,-2.7503058835322354,-108.13371161443447
val,602,Dst,Burton,14.57876399889139,0.8835035732347988,0.6699126444655088,-108.13371161443447
val,602,AE,Coupled-SINDy,313.64541764343164,0.31258257550885904,0.06804493976473691,-108.13371161443447
val,603,Dst,Coupled-SINDy,17.76905451377453,0.49263799718923806,0.17820423648848316,-79.60407725916447
val,603,Dst,Single-SINDy,17.959078740918663,0.8729558185191495,0.16053350372754605,-79.60407725916447
val,603,Dst,Burton,14.345148710702007,0.884805019486231,0.46439408054086084,-79.60407725916447
val,603,AE,Coupled-SINDy,281.4929278327475,0.2665795563939434,-0.15755028776184266,-79.60407725916447
val,604,Dst,Coupled-SINDy,15.663416068321823,0.7599124295783208,0.46439516950838944,-131.55371355416395
val,604,Dst,Single-SINDy,26.472130604379544,0.817020230753109,-0.5298516182783779,-131.55371355416395
val,604,Dst,Burton,15.335066676184304,0.747926917760208,0.4866153800956856,-131.55371355416395
val,604,AE,Coupled-SINDy,260.65444989342984,0.1328807593735044,-0.07907769781330476,-131.55371355416395
val,605,Dst,Coupled-SINDy,9.397940939121758,0.584991481481404,0.3289397788115408,-59.807552667473445
val,605,Dst,Single-SINDy,25.551005707405327,0.47680904149701264,-3.9603471404281443,-59.807552667473445
val,605,Dst,Burton,8.571069895633709,0.7896242233646913,0.441830442660609,-59.807552667473445
val,605,AE,Coupled-SINDy,187.60292055876326,0.502013267053544,0.21085951091227062,-59.807552667473445
val,606,Dst,Coupled-SINDy,18.777380765496407,0.4789801023073719,-0.04890452873796147,-91.80613880743807
val,606,Dst,Single-SINDy,39.45618864270372,0.5279314326573129,-3.6312283732602912,-91.80613880743807
val,606,Dst,Burton,14.604502863485623,0.8302578767612636,0.36548850976183755,-91.80613880743807
val,606,AE,Coupled-SINDy,284.3956638388439,0.3646054504525519,0.0398676240929251,-91.80613880743807
val,607,Dst,Coupled-SINDy,18.13567103777479,0.948048819050827,0.8088890712113054,-165.93829291982985
val,607,Dst,Single-SINDy,72.55032304441794,0.9514835957516915,-2.0584188744449032,-165.93829291982985
val,607,Dst,Burton,21.217344554013323,0.9618548523737475,0.7384225376724416,-165.93829291982985
val,607,AE,Coupled-SINDy,275.6609983662788,0.31247398128887044,0.06458455592129997,-165.93829291982985
val,608,Dst,Coupled-SINDy,18.11333811242909,0.7871705818996144,0.5871315375840429,-111.81048368326361
val,608,Dst,Single-SINDy,42.28097992772009,0.9318374784509303,-1.2495974466849469,-111.81048368326361
val,608,Dst,Burton,26.99609519585697,0.9110617038219736,0.08290014699432047,-111.81048368326361
val,608,AE,Coupled-SINDy,240.85158064826047,0.6668448435762881,0.39997955396855533,-111.81048368326361
val,609,Dst,Coupled-SINDy,16.69604983809213,0.780461083638315,0.5941739230017093,-104.71829596114985
val,609,Dst,Single-SINDy,41.56336814705636,0.8159922449598287,-1.5149766251887549,-104.71829596114985
val,609,Dst,Burton,12.693189599883123,0.9208164895680203,0.7654399641019577,-104.71829596114985
val,609,AE,Coupled-SINDy,190.7993668803405,0.44672256217255646,0.11218276922653325,-104.71829596114985
val,610,Dst,Coupled-SINDy,15.6115183081449,0.5536863570516269,0.14799210498064264,-56.694647820288424
val,610,Dst,Single-SINDy,52.13304953568879,0.657734575462401,-8.50122479372408,-56.694647820288424
val,610,Dst,Burton,8.886117898454614,0.9253675580508723,0.7239565314444839,-56.694647820288424
val,610,AE,Coupled-SINDy,176.12339291552215,0.5401877798822199,0.020534182503975984,-56.694647820288424
val,611,Dst,Coupled-SINDy,8.587102595698802,0.8349402688936015,0.6620154636825373,-71.02620920815905
val,611,Dst,Single-SINDy,30.511200106207472,0.8779234804989584,-3.2669947408830673,-71.02620920815905
val,611,Dst,Burton,8.304308089345067,0.937991474000106,0.6839102351657336,-71.02620920815905
val,611,AE,Coupled-SINDy,196.03271246987308,0.604462008496331,0.30888142941423247,-71.02620920815905
val,612,Dst,Coupled-SINDy,16.17413906800086,0.8731915102831664,0.7226319570706526,-109.74366969947805
val,612,Dst,Single-SINDy,31.029039727800786,0.9060116414315706,-0.02082370690309787,-109.74366969947805
val,612,Dst,Burton,12.74241616244454,0.955945754670103,0.8278457906640674,-109.74366969947805
val,612,AE,Coupled-SINDy,188.76518291617617,0.587880996187628,0.2907706908587535,-109.74366969947805
val,613,Dst,Coupled-SINDy,12.646459769994925,0.6813740621976617,0.19447113752944256,-55.743818874124784
val,613,Dst,Single-SINDy,27.93382878699166,0.7091414539262244,-2.930104572163763,-55.743818874124784
val,613,Dst,Burton,8.234829334509811,0.8427301705872993,0.6584515032585347,-55.743818874124784
val,613,AE,Coupled-SINDy,202.85513106759728,0.4712861149854659,0.14354377778076577,-55.743818874124784
val,614,Dst,Coupled-SINDy,16.14305433260274,0.5896714468996399,0.09555727147106952,-65.87857251217333
val,614,Dst,Single-SINDy,34.336710830375544,0.760654712791563,-3.0919190793607925,-65.87857251217333
val,614,Dst,Burton,9.673937368547469,0.870830794752115,0.6751998678825692,-65.87857251217333
val,614,AE,Coupled-SINDy,207.32188166500174,0.5077103261789384,-0.034520249619911514,-65.87857251217333
val,615,Dst,Coupled-SINDy,18.110768679484835,0.7008654766138852,-0.07129171150423019,-60.986373560006044
val,615,Dst,Single-SINDy,35.051667479226076,0.8145866252266627,-3.012835379539408,-60.986373560006044
val,615,Dst,Burton,15.051219747478866,0.9399956668473528,0.26009260028900394,-60.986373560006044
val,615,AE,Coupled-SINDy,186.14039294900178,0.7061657209205722,0.4825127848239097,-60.986373560006044
val,616,Dst,Coupled-SINDy,12.85926665330403,0.8451786764283749,0.6907426429423401,-101.28733906649603
val,616,Dst,Single-SINDy,22.605574308686695,0.9326290172510943,0.04430629370081751,-101.28733906649603
val,616,Dst,Burton,8.57719202316908,0.9603822217599852,0.8624128413681081,-101.28733906649603
val,616,AE,Coupled-SINDy,258.86346234699397,0.6281319574233081,0.35541194019119593,-101.28733906649603
val,617,Dst,Coupled-SINDy,21.987596571281202,0.8372502330092206,0.18242997489159452,-54.64649896733005
val,617,Dst,Single-SINDy,47.108857070175766,0.8662489239555938,-2.7529655340010653,-54.64649896733005
val,617,Dst,Burton,14.641492965574843,0.883591271006582,0.637473158839353,-54.64649896733005
val,617,AE,Coupled-SINDy,278.52592877029684,0.4325706696146455,-0.05879439719674728,-54.64649896733005
val,618,Dst,Coupled-SINDy,12.742427095513577,0.8118087161866737,0.5020937881821137,-73.50200312989003
val,618,Dst,Single-SINDy,24.52000727006425,0.8839555620942512,-0.8436752207520135,-73.50200312989003
val,618,Dst,Burton,12.293128846247498,0.7792054458024408,0.5365871239256688,-73.50200312989003
val,618,AE,Coupled-SINDy,208.99046366952743,0.4376943505227572,0.1021665821839598,-73.50200312989003
val,619,Dst,Coupled-SINDy,10.800769162866168,0.7697339725188558,0.37503699495827136,-61.7557364034064
val,619,Dst,Single-SINDy,19.864799653224146,0.8337412791277123,-1.1140405817175911,-61.7557364034064
val,619,Dst,Burton,7.841814127203778,0.8261213194584143,0.6705587103198342,-61.7557364034064
val,619,AE,Coupled-SINDy,234.81792788034176,0.5037044692529086,0.239559165261094,-61.7557364034064
val,620,Dst,Coupled-SINDy,12.696467844158425,0.1422421362554604,-0.791513655331997,-67.62096736652724
val,620,Dst,Single-SINDy,19.09445112463036,0.6049542742142833,-3.051992628233254,-67.62096736652724
val,620,Dst,Burton,9.409740981476096,0.7077076827188281,0.0159670825991981,-67.62096736652724
val,620,AE,Coupled-SINDy,287.1440433124024,-0.0784855089504141,-0.20117798967818112,-67.62096736652724
val,621,Dst,Coupled-SINDy,33.38053077191908,0.597165500810431,-0.09577043411843267,-103.64866819637625
val,621,Dst,Single-SINDy,58.248985900089245,0.9012463325952418,-2.3366437495396797,-103.64866819637625
val,621,Dst,Burton,44.99822700625621,0.958320952735449,-0.9912413712998591,-103.64866819637625
val,621,AE,Coupled-SINDy,223.96786140883498,0.8284363637132646,0.4901894660304592,-103.64866819637625
val,622,Dst,Coupled-SINDy,9.292678568593962,0.7424291556839241,0.5411278773746075,-73.29029953111149
val,622,Dst,Single-SINDy,22.71826990279426,0.7908988068831423,-1.7425866230011944,-73.29029953111149
val,622,Dst,Burton,12.431246550680212,0.6499942188825872,0.17881841142599542,-73.29029953111149
val,622,AE,Coupled-SINDy,255.4689426809711,0.11895658658851467,-0.0487804554840241,-73.29029953111149
val,623,Dst,Coupled-SINDy,13.328733893983575,0.6685033626241759,0.3189393633757982,-69.02760185344216
val,623,Dst,Single-SINDy,45.35092155029752,0.7687539242166533,-6.884610031619778,-69.02760185344216
val,623,Dst,Burton,6.713679052347812,0.9138783677040692,0.8272058094819031,-69.02760185344216
val,623,AE,Coupled-SINDy,209.311324429387,0.4655177624455197,-0.014559373687609733,-69.02760185344216
val,624,Dst,Coupled-SINDy,9.610035146156358,0.7716730546795585,0.5268556026031993,-63.06121784895704
val,624,Dst,Single-SINDy,23.34800176742051,0.7486103587262951,-1.7928215371925256,-63.06121784895704
val,624,Dst,Burton,9.285359503988953,0.7683061563684699,0.5582859676494817,-63.06121784895704
val,624,AE,Coupled-SINDy,206.38743876770909,0.4576980112935622,0.10491069003713194,-63.06121784895704
val,625,Dst,Coupled-SINDy,13.332799071105276,0.7108717580417353,0.49247090867451604,-74.77275727322271
val,625,Dst,Single-SINDy,20.8578920451114,0.8540508608258092,-0.24210726821653838,-74.77275727322271
val,625,Dst,Burton,10.923744083528527,0.8770873673351522,0.6593084934936015,-74.77275727322271
val,625,AE,Coupled-SINDy,181.9701223942817,0.6371888334134908,0.40516609489362065,-74.77275727322271
val,626,Dst,Coupled-SINDy,14.567042453500848,0.46632920191487676,0.15035243373503826,-68.068
val,626,Dst,Single-SINDy,27.50402351093734,0.40507356562533975,-2.0289249114811456,-68.068
val,626,Dst,Burton,7.280014356598557,0.9496213072493713,0.7877926033674008,-68.068
val,626,AE,Coupled-SINDy,218.07945867893775,0.3380510365440884,-0.3313681855365105,-68.068
val,627,Dst,Coupled-SINDy,12.611347470857488,0.6140243056312189,0.34608041783318544,-69.77672745203903
val,627,Dst,Single-SINDy,18.049300702430493,0.7825131554725798,-0.3394364720240546,-69.77672745203903
val,627,Dst,Burton,10.491992932111536,0.8219210084953738,0.5473970937632202,-69.77672745203903
val,627,AE,Coupled-SINDy,230.60961216809574,0.3975802402324597,0.13873544009113736,-69.77672745203903
val,628,Dst,Coupled-SINDy,15.903559086787489,0.714163037644192,-0.36783654085693485,-50.24154471037906
val,628,Dst,Single-SINDy,24.21871107940904,0.87910895777485,-2.1721053356240625,-50.24154471037906
val,628,Dst,Burton,9.850614704450901,0.8753965370822487,0.4752261170357641,-50.24154471037906
val,628,AE,Coupled-SINDy,210.6823384574813,0.5052705135145853,0.017121561995549373,-50.24154471037906
val,629,Dst,Coupled-SINDy,23.565630651511594,0.804667026050026,0.6293234823550622,-146.6386653874059
val,629,Dst,Single-SINDy,63.97041085338208,0.8903815611758634,-1.731462365510124,-146.6386653874059
val,629,Dst,Burton,22.618397085576262,0.9529729497354706,0.6585236823261873,-146.6386653874059
val,629,AE,Coupled-SINDy,238.59580588233393,0.7284938189148408,0.506701826652376,-146.6386653874059
val,630,Dst,Coupled-SINDy,17.08697166390524,0.8004897668909735,0.4168480380682882,-75.53707848985773
val,630,Dst,Single-SINDy,30.204979772835753,0.8592454648632339,-0.8222528624807848,-75.53707848985773
val,630,Dst,Burton,25.885615764149946,0.748364456123499,-0.33834642576879514,-75.53707848985773
val,630,AE,Coupled-SINDy,232.8009547572214,0.736364100876281,0.5148696157144999,-75.53707848985773
val,631,Dst,Coupled-SINDy,15.987355657952646,0.45227257112680264,-0.9739735791591517,-52.50200312989003
val,631,Dst,Single-SINDy,23.724064044939265,0.6846529998566611,-3.3467657671118785,-52.50200312989003
val,631,Dst,Burton,10.719130452097488,0.8186735762261167,0.11262502850250211,-52.50200312989003
val,631,AE,Coupled-SINDy,229.26307648768784,0.4128509645443646,0.1555253422141758,-52.50200312989003
val,632,Dst,Coupled-SINDy,17.841723460440274,0.6437988009644998,0.39700896509571426,-75.35215420597811
val,632,Dst,Single-SINDy,24.802552069654524,0.8620139312851139,-0.1652791825037232,-75.35215420597811
val,632,Dst,Burton,16.12973489595888,0.8682600280903012,0.5071761617222931,-75.35215420597811
val,632,AE,Coupled-SINDy,207.78505394784824,0.5600249433001244,0.27191030862747045,-75.35215420597811
val,633,Dst,Coupled-SINDy,31.169071323061182,0.6693556669098766,0.07346322657554483,-150.40645053696167
val,633,Dst,Single-SINDy,20.95823904261811,0.7855320203211146,0.5810863476441439,-150.40645053696167
val,633,Dst,Burton,30.350073865355007,0.8529363785012231,0.12151481861259894,-150.40645053696167
val,633,AE,Coupled-SINDy,289.424673888858,0.46585166708858083,0.058863456828641136,-150.40645053696167
val,634,Dst,Coupled-SINDy,14.621856629288056,0.2042059241274955,-0.6533101645681183,-73.36707761629295
val,634,Dst,Single-SINDy,14.791510755466536,0.6850116310884626,-0.6918987152433997,-73.36707761629295
val,634,Dst,Burton,16.832082587539936,0.7084950387756976,-1.1909123329722013,-73.36707761629295
val,634,AE,Coupled-SINDy,282.79163394301565,0.2150604935472264,-0.11928499015215777,-73.36707761629295
val,635,Dst,Coupled-SINDy,13.560883103943544,0.7906671199006322,0.5895726097225233,-104.52955527102728
val,635,Dst,Single-SINDy,17.308256013818237,0.8779976356250532,0.3313990146280732,-104.52955527102728
val,635,Dst,Burton,11.465181451898184,0.910791222181943,0.7066255716831734,-104.52955527102728
val,635,AE,Coupled-SINDy,182.64190354053903,0.671334201454362,0.3698233168128372,-104.52955527102728
val,636,Dst,Coupled-SINDy,9.925380125673623,0.8087664435359534,0.6034743576638755,-71.6374059046942
val,636,Dst,Single-SINDy,25.70414075387012,0.7910782852909988,-1.6593969216625162,-71.6374059046942
val,636,Dst,Burton,10.388407767835744,0.8157240409800269,0.565614863042551,-71.6374059046942
val,636,AE,Coupled-SINDy,247.56414699217962,0.46091698124165376,0.2104810469925169,-71.6374059046942
val,637,Dst,Coupled-SINDy,13.513360524618786,0.8253229716106181,0.649089263055528,-85.33735121980347
val,637,Dst,Single-SINDy,25.618746054317953,0.9071430458060816,-0.26120495172288427,-85.33735121980347
val,637,Dst,Burton,12.756049429829536,0.8978808825536018,0.6873184064746289,-85.33735121980347
val,637,AE,Coupled-SINDy,192.78849543476,0.7234229256399798,0.49196775577840435,-85.33735121980347
val,638,Dst,Coupled-SINDy,14.266042021696984,0.5899721517883958,0.20584300526072552,-59.00204826015434
val,638,Dst,Single-SINDy,31.263767348481178,0.8548605365967369,-2.8140114102797305,-59.00204826015434
val,638,Dst,Burton,8.025069064328036,0.8882787477911828,0.7486974329811447,-59.00204826015434
val,638,AE,Coupled-SINDy,188.7964003126125,0.5904653488320405,0.039723750288266024,-59.00204826015434
val,639,Dst,Coupled-SINDy,11.645375758971753,0.8622887829186311,0.4050090360880366,-58.90390245425532
val,639,Dst,Single-SINDy,42.38709639825737,0.893143912199394,-6.882621843755135,-58.90390245425532
val,639,Dst,Burton,9.49710073810015,0.8705165304314609,0.6042823267890965,-58.90390245425532
val,639,AE,Coupled-SINDy,168.8703009015263,0.6575696466391786,0.37210900045776363,-58.90390245425532
val,640,Dst,Coupled-SINDy,9.972920953702557,0.8907906001251361,0.7842214192498602,-85.9734790694801
val,640,Dst,Single-SINDy,35.577976885101705,0.9103136189962981,-1.7461615106563664,-85.9734790694801
val,640,Dst,Burton,10.45229329301909,0.8846746595480585,0.7629790394157472,-85.9734790694801
val,640,AE,Coupled-SINDy,160.76482764042947,0.77580888520782,0.5178334691156659,-85.9734790694801
val,641,Dst,Coupled-SINDy,14.423495074972358,0.7457348158671742,0.31139118501396523,-57.36652361466314
val,641,Dst,Single-SINDy,24.189019690601622,0.9013009154416395,-0.9367255983494329,-57.36652361466314
val,641,Dst,Burton,9.784282011176899,0.8352378886051213,0.6831239028613327,-57.36652361466314
val,641,AE,Coupled-SINDy,195.39600742417204,0.6269093822818081,0.33522295397624857,-57.36652361466314
val,642,Dst,Coupled-SINDy,15.43699447093116,0.567964259865687,-0.46856886365811024,-50.17095466085472
val,642,Dst,Single-SINDy,33.95955579395061,0.7129078761053396,-6.10710645441905,-50.17095466085472
val,642,Dst,Burton,12.36719920015008,0.9398959217012874,0.05743451840108338,-50.17095466085472
val,642,AE,Coupled-SINDy,231.6986250313338,0.5062681966866692,0.2250169769344439,-50.17095466085472
val,643,Dst,Coupled-SINDy,23.9555538469508,0.7975376998061315,0.5531954729321489,-182.81290970055144
val,643,Dst,Single-SINDy,34.391227484295406,0.8364344399541863,0.07912541685648078,-182.81290970055144
val,643,Dst,Burton,20.313153522101103,0.9097026538201475,0.6787376482387106,-182.81290970055144
val,643,AE,Coupled-SINDy,256.65224098441774,0.5181406286157968,0.22788156100718404,-182.81290970055144
val,644,Dst,Coupled-SINDy,11.04795825658073,0.8358760157940138,0.5825811107752611,-75.9648888287734
val,644,Dst,Single-SINDy,14.166449953678267,0.9245019849059773,0.3136745362536273,-75.9648888287734
val,644,Dst,Burton,14.219920199339134,0.8295484894081614,0.30848378652689934,-75.9648888287734
val,644,AE,Coupled-SINDy,221.89909002691306,0.5782071235699902,0.32056357690798476,-75.9648888287734
val,645,Dst,Coupled-SINDy,13.83902324383261,0.6018088733979735,0.042089651945393936,-52.394738091938635
val,645,Dst,Single-SINDy,29.07770802831096,0.7780423937551287,-3.228967331112277,-52.394738091938635
val,645,Dst,Burton,9.988767426633176,0.8411643406465636,0.5009572047069246,-52.394738091938635
val,645,AE,Coupled-SINDy,153.4408648835507,0.7372432372070422,0.394180083629867,-52.394738091938635
val,646,Dst,Coupled-SINDy,10.566085218018742,0.742356931918882,0.5135037520937988,-58.29776924914218
val,646,Dst,Single-SINDy,21.268715398248307,0.8860838108478047,-0.9712140991979221,-58.29776924914218
val,646,Dst,Burton,9.614089672726118,0.8476999751858927,0.5972202628404215,-58.29776924914218
val,646,AE,Coupled-SINDy,233.4551422940515,0.4732188874000182,0.2192229616422533,-58.29776924914218
val,647,Dst,Coupled-SINDy,14.654807154038817,0.6352167212938549,0.14792415625813626,-60.226636426084696
val,647,Dst,Single-SINDy,22.844793161059243,0.8843306968281102,-1.0705823045041507,-60.226636426084696
val,647,Dst,Burton,6.448530755098937,0.9324219617339984,0.8350168510338121,-60.226636426084696
val,647,AE,Coupled-SINDy,209.97984313571314,0.5878191456881712,0.24398270114128284,-60.226636426084696
val,648,Dst,Coupled-SINDy,9.307163395920556,0.2609750618848168,-0.2240257352424686,-51.93896583847271
val,648,Dst,Single-SINDy,21.22604458039997,0.47506186458063265,-5.366401383718005,-51.93896583847271
val,648,Dst,Burton,6.957606182175424,0.8415154583038311,0.31596935620812605,-51.93896583847271
val,648,AE,Coupled-SINDy,211.60019432126015,0.32576266791374603,-0.1739399564006998,-51.93896583847271
test,649,Dst,Coupled-SINDy,18.509399998212732,0.3186353107141122,-0.09884056899758753,-76.78932712347745
test,649,Dst,Single-SINDy,21.72555900945202,0.7958011690482392,-0.5138816440162077,-76.78932712347745
test,649,Dst,Burton,6.744610170739769,0.9523312341866714,0.8540971720686892,-76.78932712347745
test,649,AE,Coupled-SINDy,288.4370546559355,0.27956590743503235,-0.2842391219228506,-76.78932712347745
test,650,Dst,Coupled-SINDy,9.680287261223945,0.892075674600711,0.7667527843443913,-61.67082638018218
test,650,Dst,Single-SINDy,20.192859556790232,0.9204375139129456,-0.014928919075227753,-61.67082638018218
test,650,Dst,Burton,12.070142801903387,0.8620081331329654,0.6373691112035582,-61.67082638018218
test,650,AE,Coupled-SINDy,219.0096969466567,0.6728399535562308,3.5588467879876795e-5,-61.67082638018218
test,651,Dst,Coupled-SINDy,7.681535701997385,0.8861640046376745,0.6957953825165148,-60.69981322697306
test,651,Dst,Single-SINDy,16.190456629569855,0.8752603861798136,-0.35141237129355285,-60.69981322697306
test,651,Dst,Burton,11.481802424539124,0.8203858687091127,0.3203429379402748,-60.69981322697306
test,651,AE,Coupled-SINDy,216.4136777548297,0.6831634882371993,0.44189488939225763,-60.69981322697306
test,652,Dst,Coupled-SINDy,15.365728438586435,0.5890910650138848,0.11713884473007175,-60.15932505093812
test,652,Dst,Single-SINDy,18.617024378746372,0.9214734597750396,-0.29600487945730736,-60.15932505093812
test,652,Dst,Burton,7.348816182955792,0.8935319237322774,0.798060688774566,-60.15932505093812
test,652,AE,Coupled-SINDy,265.19409543533726,0.46481039020564474,0.0965644904140005,-60.15932505093812
test,653,Dst,Coupled-SINDy,12.008019136594251,0.7707786097468343,0.40926051561295695,-53.25629062971338
test,653,Dst,Single-SINDy,27.330168601330396,0.8724880036982167,-2.060115922887505,-53.25629062971338
test,653,Dst,Burton,9.06615198249703,0.817997227553597,0.6632564800252765,-53.25629062971338
test,653,AE,Coupled-SINDy,246.47469946238908,0.48919959941049224,0.21332427802685494,-53.25629062971338
test,654,Dst,Coupled-SINDy,12.017865124919007,0.7786607580770726,0.4158613216841709,-62.10708138589317
test,654,Dst,Single-SINDy,29.78100463831246,0.8476341738965314,-2.5870712307655253,-62.10708138589317
test,654,Dst,Burton,11.049133459782638,0.8972148904119769,0.5062379004950806,-62.10708138589317
test,654,AE,Coupled-SINDy,190.03767148366364,0.6747891227655853,0.34866931323301487,-62.10708138589317
test,655,Dst,Coupled-SINDy,14.484147279827129,0.6815225208984964,0.3544045951767397,-67.26719046282867
test,655,Dst,Single-SINDy,23.67194148605937,0.8375567897960322,-0.7244171099855667,-67.26719046282867
test,655,Dst,Burton,8.801497668857133,0.8764648301072185,0.7616101707030154,-67.26719046282867
test,655,AE,Coupled-SINDy,230.85025404367903,0.3322270034616667,-0.11679360696894392,-67.26719046282867
test,656,Dst,Coupled-SINDy,19.427627607010777,0.6574036833807635,-0.6694305280029442,-51.88919781700873
test,656,Dst,Single-SINDy,38.073856116264835,0.7946954908035293,-5.411837972569941,-51.88919781700873
test,656,Dst,Burton,15.645769437245894,0.9541322660715801,-0.0827362133816516,-51.88919781700873
test,656,AE,Coupled-SINDy,202.54425075783925,0.7142575639291849,0.3197032464250896,-51.88919781700873
test,657,Dst,Coupled-SINDy,11.246890739643625,0.4650214972853593,0.008088802564527264,-65.28248224319621
test,657,Dst,Single-SINDy,12.407927651001891,0.6297985088455598,-0.20727538432781567,-65.28248224319621
test,657,Dst,Burton,9.93571305866686,0.7590246045411757,0.2258842171175478,-65.28248224319621
test,657,AE,Coupled-SINDy,218.95755584100164,0.327962188389391,0.05793407194341316,-65.28248224319621
test,658,Dst,Coupled-SINDy,18.956901257820867,0.6919363152507516,0.14060898904105557,-62.6385185999186
test,658,Dst,Single-SINDy,38.94392655303911,0.8302799329057762,-2.6269000362181476,-62.6385185999186
test,658,Dst,Burton,15.49118839074921,0.9162940590191263,0.42611406393210416,-62.6385185999186
test,658,AE,Coupled-SINDy,215.2456837842452,0.4698111920557874,0.06391596825588619,-62.6385185999186
test,659,Dst,Coupled-SINDy,19.527131316197128,0.35429349117439984,-0.06625924040618036,-50.91617381027545
test,659,Dst,Single-SINDy,31.87102215143567,0.5361856669373042,-1.8403895002921784,-50.91617381027545
test,659,Dst,Burton,21.368644397121923,0.021332571622540878,-0.27684993290576676,-50.91617381027545
test,659,AE,Coupled-SINDy,272.4378563157712,0.270108352395875,-0.1653606867281372,-50.91617381027545
test,660,Dst,Coupled-SINDy,16.523587652521947,0.6913974082553265,-0.0935607477545215,-55.88522176759096
test,660,Dst,Single-SINDy,25.82048695512812,0.8851819329182394,-1.6703185522818984,-55.88522176759096
test,660,Dst,Burton,11.603074572644278,0.9105814708294089,0.4607621319123726,-55.88522176759096
test,660,AE,Coupled-SINDy,215.34652852710244,0.567594249531787,0.3095039474740193,-55.88522176759096
test,661,Dst,Coupled-SINDy,19.676606629888465,0.4900664039640248,-3.468866528586924,-50.65128845895222
test,661,Dst,Single-SINDy,14.69841775075053,0.7222185354172724,-1.4936652312477565,-50.65128845895222
test,661,Dst,Burton,9.229061124961975,0.8537999509287504,0.01686757089633273,-50.65128845895222
test,661,AE,Coupled-SINDy,274.76358670729167,0.39334793988060546,-0.20550406676326127,-50.65128845895222
test,662,Dst,Coupled-SINDy,15.379951509223106,0.7733514878402917,0.39106474260294233,-62.180295690121284
test,662,Dst,Single-SINDy,24.747974264115697,0.9392290353592629,-0.5766688938620133,-62.180295690121284
test,662,Dst,Burton,11.920841252514055,0.8728154032759987,0.6341736387701622,-62.180295690121284
test,662,AE,Coupled-SINDy,279.5411129658263,0.3591185589334147,-0.6270893704608396,-62.180295690121284
test,663,Dst,Coupled-SINDy,22.568501213845124,0.4786845561278621,-0.5065281479663428,-76.62357181869316
test,663,Dst,Single-SINDy,41.51245968317789,0.7893789033495782,-4.09716564706218,-76.62357181869316
test,663,Dst,Burton,27.13728416574189,0.9407805572363632,-1.1782342300768769,-76.62357181869316
test,663,AE,Coupled-SINDy,263.2144650749945,0.6331021932417057,0.37534872254707485,-76.62357181869316
test,664,Dst,Coupled-SINDy,12.086759925066863,0.8178042646662026,0.5802903216883629,-75.98108248103209
test,664,Dst,Single-SINDy,37.709770130806625,0.799701758704424,-3.085422366149402,-75.98108248103209
test,664,Dst,Burton,10.074703227371938,0.8423004976155724,0.7083958396392669,-75.98108248103209
test,664,AE,Coupled-SINDy,193.18234101710735,0.6133957606385133,0.22476126682905173,-75.98108248103209
test,665,Dst,Coupled-SINDy,9.783544159577014,0.8853248718797683,0.6218048748895529,-78.12243569791409
test,665,Dst,Single-SINDy,39.0952436383341,0.8670314126210449,-5.039087960714472,-78.12243569791409
test,665,Dst,Burton,12.92293113288322,0.7116546525604196,0.3401494740043648,-78.12243569791409
test,665,AE,Coupled-SINDy,178.69960899582554,0.7353554902334383,0.4930705712861324,-78.12243569791409
test,666,Dst,Coupled-SINDy,12.593019647231456,0.7418717962641262,0.5023439220747573,-53.46588189235425
test,666,Dst,Single-SINDy,30.5911825853694,0.7822689401368388,-1.93671690313024,-53.46588189235425
test,666,Dst,Burton,7.594807146917074,0.9443323535847776,0.8189897986527155,-53.46588189235425
test,666,AE,Coupled-SINDy,181.98202572391182,0.678107090432213,0.38657774171132053,-53.46588189235425
test,667,Dst,Coupled-SINDy,22.05528270987893,0.7862527864123148,0.49201999182262657,-106.4271182500208
test,667,Dst,Single-SINDy,30.889301256921257,0.9011261520813015,0.003591253265487815,-106.4271182500208
test,667,Dst,Burton,21.151413150042615,0.8729067916239001,0.5328028988347361,-106.4271182500208
test,667,AE,Coupled-SINDy,361.77136429063626,0.4996577932087701,0.18185739189448646,-106.4271182500208
test,668,Dst,Coupled-SINDy,13.80828846657453,0.8278562283359244,0.6716541231237709,-95.29776924914218
test,668,Dst,Single-SINDy,26.447936167067265,0.8934885704074609,-0.2045794246132202,-95.29776924914218
test,668,Dst,Burton,14.754884707301109,0.8385824743874275,0.6250930380197307,-95.29776924914218
test,668,AE,Coupled-SINDy,190.63698531232177,0.5006315663529617,0.11047186016408161,-95.29776924914218
test,669,Dst,Coupled-SINDy,25.083477969501015,0.6928440067047847,-0.19725068389722122,-67.2805323205705
test,669,Dst,Single-SINDy,45.39018297744995,0.8418254061906246,-2.9204277372711935,-67.2805323205705
test,669,Dst,Burton,36.32012814417512,0.9783814198087434,-1.5101769106094656,-67.2805323205705
test,669,AE,Coupled-SINDy,315.35573934469454,0.46856037418843416,0.018195717537656808,-67.2805323205705
test,670,Dst,Coupled-SINDy,27.277910111015174,0.4864158042744841,-0.47322469553263735,-55.45282914697111
test,670,Dst,Single-SINDy,41.64617878630832,0.7343934846563265,-2.4339749349957605,-55.45282914697111
test,670,Dst,Burton,24.697064249690918,0.8289022040064892,-0.20763993350337362,-55.45282914697111
test,670,AE,Coupled-SINDy,303.0442882493037,0.4099446098832461,-0.5004627969011874,-55.45282914697111
test,671,Dst,Coupled-SINDy,17.04568560053708,0.5723669390867757,-0.5921528172974861,-54.18325432512897
test,671,Dst,Single-SINDy,15.641379963076572,0.8416182046579884,-0.34062074118798935,-54.18325432512897
test,671,Dst,Burton,15.438846249615898,0.879022344872899,-0.3061272384155562,-54.18325432512897
test,671,AE,Coupled-SINDy,279.56664081318274,0.1458940864504826,-0.32926817018275845,-54.18325432512897
test,672,Dst,Coupled-SINDy,14.14523249950776,0.610398534352316,0.3563819067845394,-86.6374059046942
test,672,Dst,Single-SINDy,32.159225008419526,0.8192149513664873,-2.3267427007465273,-86.6374059046942
test,672,Dst,Burton,15.205895759883086,0.6045205043735298,0.2562412604563876,-86.6374059046942
test,672,AE,Coupled-SINDy,227.43531067601586,0.37397265519368966,0.12150943651127066,-86.6374059046942
test,673,Dst,Coupled-SINDy,21.004134166107374,0.5237207927243481,-0.47810144495522966,-79.74031210998908
test,673,Dst,Single-SINDy,38.24589770683046,0.62566945671827,-3.9007708058554416,-79.74031210998908
test,673,Dst,Burton,16.52632430657881,0.8328165893116002,0.08494496298668319,-79.74031210998908
test,673,AE,Coupled-SINDy,253.96697079856511,0.3863286727490194,0.05353571028167947,-79.74031210998908
test,674,Dst,Coupled-SINDy,11.710397954225638,0.8550954757619266,0.7296526086360182,-65.7557364034064
test,674,Dst,Single-SINDy,28.077128296847704,0.7971747483377358,-0.5541189228554746,-65.7557364034064
test,674,Dst,Burton,13.785370264583758,0.7917823385598729,0.6253586184677222,-65.7557364034064
test,674,AE,Coupled-SINDy,236.37830739618053,0.47909251146530407,0.2119472733561586,-65.7557364034064
test,675,Dst,Coupled-SINDy,19.610762601144643,0.808684023043016,0.30470235126257705,-78.68169729949162
test,675,Dst,Single-SINDy,68.59754515187817,0.7945196033030735,-7.5074409723939635,-78.68169729949162
test,675,Dst,Burton,23.11673522319582,0.9130786995845345,0.0338717230122777,-78.68169729949162
test,675,AE,Coupled-SINDy,242.31323721897985,0.6373130164245766,0.39188825253806503,-78.68169729949162
test,676,Dst,Coupled-SINDy,29.014419441242357,0.6082396158199954,-1.0374448894791763,-56.43288652559576
test,676,Dst,Single-SINDy,43.63923219540754,0.8403146307496083,-3.609059366055491,-56.43288652559576
test,676,Dst,Burton,32.23781354911045,0.9497917894738854,-1.5152969178639935,-56.43288652559576
test,676,AE,Coupled-SINDy,237.82118065253601,0.6785797411420348,0.41851026807384784,-56.43288652559576
test,677,Dst,Coupled-SINDy,16.664699498714903,0.9174179824398336,-0.03247963739849635,-60.4271182500208
test,677,Dst,Single-SINDy,32.41470744440424,0.8610588503147926,-2.9063462379676457,-60.4271182500208
test,677,Dst,Burton,20.40873591592186,0.622806992462302,-0.5485268277809927,-60.4271182500208
test,677,AE,Coupled-SINDy,205.70884382688678,0.6144034834032693,0.2536439962390634,-60.4271182500208
test,678,Dst,Coupled-SINDy,11.085012226026025,0.9008340122046794,0.7307561654347636,-53.226636426084696
test,678,Dst,Single-SINDy,27.574648939732835,0.9410112195775925,-0.666070590576413,-53.226636426084696
test,678,Dst,Burton,13.596801448360173,0.7765113798149607,0.5949142876525071,-53.226636426084696
test,678,AE,Coupled-SINDy,275.59243024996175,0.3405618128651475,0.06926811750598394,-53.226636426084696
test,679,Dst,Coupled-SINDy,14.008027665931076,0.7304099799143968,0.22721674600810093,-77.21094744632032
test,679,Dst,Single-SINDy,24.37706753972292,0.7866279235595246,-1.3402736460593,-77.21094744632032
test,679,Dst,Burton,14.195424570160652,0.7821385620385439,0.20640212995721363,-77.21094744632032
test,679,AE,Coupled-SINDy,255.80144259544184,0.566920272135712,0.24373532505191664,-77.21094744632032
test,680,Dst,Coupled-SINDy,15.431609919464913,0.7296410490616704,-0.06964140642884642,-63.51165744415982
test,680,Dst,Single-SINDy,33.69743703680069,0.6489328643942803,-4.100461503964404,-63.51165744415982
test,680,Dst,Burton,9.405246525522605,0.8937354387078914,0.6026656608098668,-63.51165744415982
test,680,AE,Coupled-SINDy,193.7281126499103,0.4393707947932758,-0.7453751900550503,-63.51165744415982
test,681,Dst,Coupled-SINDy,17.72413478250441,0.8181377266762551,0.4632711277087025,-81.13615641966823
test,681,Dst,Single-SINDy,43.03900907184452,0.9017527214809372,-2.164822789618486,-81.13615641966823
test,681,Dst,Burton,10.768936925046631,0.9205078171510798,0.8018607400549569,-81.13615641966823
test,681,AE,Coupled-SINDy,212.78040793312175,0.6562790130812375,0.40146564266370666,-81.13615641966823
test,682,Dst,Coupled-SINDy,14.550803960422051,0.6492426061730816,0.3668136261213808,-97.39538837600378
test,682,Dst,Single-SINDy,19.988783594564236,0.8534490064322685,-0.19489656727521742,-97.39538837600378
test,682,Dst,Burton,10.826681775608156,0.878416634685702,0.6494513290141445,-97.39538837600378
test,682,AE,Coupled-SINDy,218.43292172811604,0.614952599204819,0.27916193716957705,-97.39538837600378
test,683,Dst,Coupled-SINDy,15.761293179728742,0.8686270153944406,-0.11990803834619324,-70.80606274582748
test,683,Dst,Single-SINDy,46.48058022185728,0.7889340735633656,-8.739614068727574,-70.80606274582748
test,683,Dst,Burton,11.378439076524247,0.8398589530769054,0.41633447233908216,-70.80606274582748
test,683,AE,Coupled-SINDy,229.8579506718949,0.4813014533420878,0.13830939233511574,-70.80606274582748
test,684,Dst,Coupled-SINDy,17.882656111939397,0.7268071209667598,-0.2815233459228952,-64.18703332398007
test,684,Dst,Single-SINDy,16.140425782949652,0.8943107730621531,-0.043980643767878025,-64.18703332398007
test,684,Dst,Burton,27.535795868768844,0.8919451473901998,-2.0384894941983456,-64.18703332398007
test,684,AE,Coupled-SINDy,276.2175950063158,0.6031195688241885,-0.18057122251851587,-64.18703332398007
test,685,Dst,Coupled-SINDy,20.484632346379634,0.15793966216536232,-0.44740534607583315,-61.10566450060509
test,685,Dst,Single-SINDy,40.19589585251024,0.3450068733098045,-4.573105308661097,-61.10566450060509
test,685,Dst,Burton,12.49947638406457,0.9535062171204709,0.4610884821803266,-61.10566450060509
test,685,AE,Coupled-SINDy,235.62183208260805,0.3522989971008207,-0.4267916446926878,-61.10566450060509
test,686,Dst,Coupled-SINDy,24.52716043711042,0.19043227630925116,-3.9657245246911828,-54.11692675832424
test,686,Dst,Single-SINDy,49.688561772596145,0.19932560439734023,-19.37984760484214,-54.11692675832424
test,686,Dst,Burton,31.724514117053022,0.7822756474893596,-7.307647064794237,-54.11692675832424
test,686,AE,Coupled-SINDy,259.3769425017941,0.48481567403787484,-0.47054177769568795,-54.11692675832424
test,687,Dst,Coupled-SINDy,12.12136560913103,0.9313700576383502,0.6980170080780259,-74.18844494244867
test,687,Dst,Single-SINDy,48.706949262516865,0.9079058608487937,-3.8759724062781427,-74.18844494244867
test,687,Dst,Burton,14.905142799791394,0.9071170876203564,0.5433834331463272,-74.18844494244867
test,687,AE,Coupled-SINDy,168.261324177124,0.6808120838397715,0.44841249861257937,-74.18844494244867
test,688,Dst,Coupled-SINDy,17.578310668322622,0.938458993901213,0.7944781397306309,-141.28906986532405
test,688,Dst,Single-SINDy,45.12616010771104,0.9438189870841326,-0.3544423070413496,-141.28906986532405
test,688,Dst,Burton,18.837681840410244,0.9276142844105175,0.7639746414026107,-141.28906986532405
test,688,AE,Coupled-SINDy,298.71514841928183,0.5645586497396078,0.22599408698242995,-141.28906986532405
test,689,Dst,Coupled-SINDy,22.367124256347537,0.899590112760247,0.7695917923511341,-166.31895820232742
test,689,Dst,Single-SINDy,51.48735791833848,0.9043183530252674,-0.2208965254707982,-166.31895820232742
test,689,Dst,Burton,15.38586564376308,0.973988664509442,0.8909761495663963,-166.31895820232742
test,689,AE,Coupled-SINDy,259.6291218512165,0.5840123946444056,0.21891847402289355,-166.31895820232742
test,690,Dst,Coupled-SINDy,31.00155083776191,0.7947051683047902,0.5958056889990544,-211.98084986361383
test,690,Dst,Single-SINDy,39.218978079800074,0.8685263300540078,0.3531316486464585,-211.98084986361383
test,690,Dst,Burton,40.99823736085632,0.8710925101500719,0.2931069236086128,-211.98084986361383
test,690,AE,Coupled-SINDy,277.88863959164223,0.5631835791087906,0.0579922513029284,-211.98084986361383
test,691,Dst,Coupled-SINDy,14.786656429568113,0.8216651809996309,0.5794709818703083,-74.76397527178077
test,691,Dst,Single-SINDy,34.324732215540465,0.635526581897364,-1.2660543426235735,-74.76397527178077
test,691,Dst,Burton,13.561941958416517,0.8071734636067625,0.6462472963563097,-74.76397527178077
test,691,AE,Coupled-SINDy,184.29435397663082,0.6131939763876126,0.3299512563285192,-74.76397527178077
test,692,Dst,Coupled-SINDy,15.288181437111355,0.8938766040960602,0.686354558126153,-59.754063440286544
test,692,Dst,Single-SINDy,32.5931946565053,0.9700760872820504,-0.42554583250775946,-59.754063440286544
test,692,Dst,Burton,17.77617396444742,0.8704983587928931,0.5759628493086661,-59.754063440286544
test,692,AE,Coupled-SINDy,243.79719231312447,0.5781474467846759,0.33077308330906796,-59.754063440286544
test,693,Dst,Coupled-SINDy,10.241412007995052,0.86698010375214,0.7068475947124313,-73.92606250951928
test,693,Dst,Single-SINDy,19.292455031509228,0.8843470461969253,-0.04027647927520528,-73.92606250951928
test,693,Dst,Burton,12.681774103594474,0.7690921427270123,0.5504957401022166,-73.92606250951928
test,693,AE,Coupled-SINDy,178.53233938650422,0.6369374464784614,0.4001290022575841,-73.92606250951928
test,694,Dst,Coupled-SINDy,8.673356622911944,0.6633461605565598,-0.22724489186803276,-57.01033514476285
test,694,Dst,Single-SINDy,12.359223826154688,0.7756408911237643,-1.4919494059190348,-57.01033514476285
test,694,Dst,Burton,11.274332061187,0.7518294605375381,-1.0736643887316735,-57.01033514476285
test,694,AE,Coupled-SINDy,228.93741490643723,0.15903385038784548,-0.29237664896371296,-57.01033514476285
test,695,Dst,Coupled-SINDy,11.982417312717393,0.8910084906148618,0.7937135126092667,-93.38366419290281
test,695,Dst,Single-SINDy,23.127299876751646,0.9217896865665696,0.2315214273241758,-93.38366419290281
test,695,Dst,Burton,16.767970940976408,0.8336802145938105,0.5960357573793775,-93.38366419290281
test,695,AE,Coupled-SINDy,221.99906441936392,0.6678581259608354,0.4294430344195873,-93.38366419290281
test,696,Dst,Coupled-SINDy,22.310195304128886,0.6813020971697418,-0.6360978539750015,-63.582216313989406
test,696,Dst,Single-SINDy,42.175820952392584,0.5472596781990446,-4.846953237984728,-63.582216313989406
test,696,Dst,Burton,14.563902857875416,0.9353678610134962,0.3027988773724294,-63.582216313989406
test,696,AE,Coupled-SINDy,183.31002863790934,0.734132398528404,0.4735452210405583,-63.582216313989406
test,697,Dst,Coupled-SINDy,17.19098690087403,0.8765675031572773,0.5852648917568957,-84.88919781700872
test,697,Dst,Single-SINDy,50.778095431535995,0.9121567245566655,-2.6184451771562722,-84.88919781700872
test,697,Dst,Burton,11.549869126388726,0.9521985031142657,0.8127924720602868,-84.88919781700872
test,697,AE,Coupled-SINDy,230.21307602222083,0.5701492034624353,0.324552586283263,-84.88919781700872
test,698,Dst,Coupled-SINDy,19.149732735959457,0.8059199808652675,0.3865724312102007,-85.17662793511532
test,698,Dst,Single-SINDy,34.36803757214626,0.6297265497805336,-0.9758197623586704,-85.17662793511532
test,698,Dst,Burton,10.016558787666156,0.9288332422064175,0.832167932519098,-85.17662793511532
test,698,AE,Coupled-SINDy,236.59738181132215,0.5329363775064021,0.1959714543594897,-85.17662793511532
test,699,Dst,Coupled-SINDy,17.37483735474605,0.5917593665301681,-0.09338996707442182,-71.77488148769346
test,699,Dst,Single-SINDy,49.32294333453204,0.5680247181836284,-7.811128987458865,-71.77488148769346
test,699,Dst,Burton,15.076371580113474,0.7294789814048313,0.17675850193287435,-71.77488148769346
test,699,AE,Coupled-SINDy,256.07812028016997,0.48420949446580025,0.20291886818821125,-71.77488148769346
test,700,Dst,Coupled-SINDy,18.572007931916243,0.6271609775831237,0.299638061690675,-88.90728533293799
test,700,Dst,Single-SINDy,40.29250050631672,0.7488043976443729,-2.2965013286783313,-88.90728533293799
test,700,Dst,Burton,11.015657761940979,0.931880203503118,0.753608521066083,-88.90728533293799
test,700,AE,Coupled-SINDy,149.79935135662447,0.7373656640006017,0.5168896906827883,-88.90728533293799
test,701,Dst,Coupled-SINDy,14.559017133667043,0.20558920875581208,-0.04058167923693112,-63.64649896733005
test,701,Dst,Single-SINDy,20.142839779757313,0.8067201848393026,-0.9918354504187328,-63.64649896733005
test,701,Dst,Burton,8.726160203793318,0.822842340320817,0.6261835361247112,-63.64649896733005
test,701,AE,Coupled-SINDy,219.3670800955752,0.2517009315692919,-0.08167363072684863,-63.64649896733005
test,702,Dst,Coupled-SINDy,14.87713645986899,0.9360619524354127,0.8712818519721389,-170.10638760216958
test,702,Dst,Single-SINDy,45.87899831977256,0.9600899757379785,-0.22413395379079315,-170.10638760216958
test,702,Dst,Burton,23.412903526810762,0.8930769510291371,0.6812048976810715,-170.10638760216958
test,702,AE,Coupled-SINDy,297.34188134479143,-0.04133793166744751,-0.7328824719964651,-170.10638760216958
test,703,Dst,Coupled-SINDy,13.913644711656325,0.8037845255979899,0.6092610368728402,-95.71377515703739
test,703,Dst,Single-SINDy,30.4088075546155,0.9520769548804533,-0.86639551124105,-95.71377515703739
test,703,Dst,Burton,11.348079204215152,0.8667508578793405,0.7400740633548415,-95.71377515703739
test,703,AE,Coupled-SINDy,187.5210688605053,0.6277206217125642,0.2283442618999506,-95.71377515703739
test,704,Dst,Coupled-SINDy,13.88427256884977,0.9439227671940769,0.82293047927072,-132.64682316381598
test,704,Dst,Single-SINDy,42.04781005505786,0.9407561394236192,-0.6239935996697794,-132.64682316381598
test,704,Dst,Burton,20.44958377708488,0.8722143160175757,0.6158803752897178,-132.64682316381598
test,704,AE,Coupled-SINDy,135.01469731698162,0.6989838216137996,0.39145567100460865,-132.64682316381598
test,705,Dst,Coupled-SINDy,14.273685706510328,0.6790222924521643,0.311759521978042,-85.84252433537628
test,705,Dst,Single-SINDy,45.70996268082077,0.750026740132157,-6.058130525085372,-85.84252433537628
test,705,Dst,Burton,14.080292887601843,0.7694576371106996,0.3302829901274802,-85.84252433537628
test,705,AE,Coupled-SINDy,218.12644098968053,0.41069087574736607,0.1185541442262642,-85.84252433537628
test,706,Dst,Coupled-SINDy,13.765970317198725,0.9110187440365967,0.8029967222753962,-122.32966403688152
test,706,Dst,Single-SINDy,25.779125354829077,0.9238140433588603,0.3091302917409736,-122.32966403688152
test,706,Dst,Burton,18.763683374544065,0.8524797231041407,0.633987442181448,-122.32966403688152
test,706,AE,Coupled-SINDy,179.9112248958733,0.47983765126618405,0.13728632654586514,-122.32966403688152
test,707,Dst,Coupled-SINDy,21.028850299221197,0.8087508344911276,0.48291780770077686,-129.72054762972098
test,707,Dst,Single-SINDy,36.881651902095825,0.8036293092048378,-0.5905570531687632,-129.72054762972098
test,707,Dst,Burton,29.139303121897886,0.5900765321620935,0.0071426728193008104,-129.72054762972098
test,707,AE,Coupled-SINDy,253.12812156246747,0.4628398618958475,0.212405729729224,-129.72054762972098
test,708,Dst,Coupled-SINDy,15.506774398815054,0.7935249349439479,0.62729660099425,-119.18844494244868
test,708,Dst,Single-SINDy,38.63529237208059,0.7511428548767577,-1.3136029136813963,-119.18844494244868
test,708,Dst,Burton,11.105424183828903,0.9272685352353435,0.8088427740627308,-119.18844494244868
test,708,AE,Coupled-SINDy,206.22794924059906,0.6094773656626205,0.3651452701315737,-119.18844494244868
test,709,Dst,Coupled-SINDy,18.936433450758674,0.7935656088564709,0.28155380038763345,-96.19442950441612
test,709,Dst,Single-SINDy,47.267123590619086,0.7930306096686501,-3.476269528956877,-96.19442950441612
test,709,Dst,Burton,15.232513911992177,0.9064330344975259,0.5351198026178938,-96.19442950441612
test,709,AE,Coupled-SINDy,216.77246858621902,0.5837452970543747,0.2944518195904029,-96.19442950441612
test,710,Dst,Coupled-SINDy,47.57061385438963,0.9119344416019359,0.7850315795539257,-445.695390086279
test,710,Dst,Single-SINDy,90.4893346589908,0.8716710667233958,0.2221570065692533,-445.695390086279
test,710,Dst,Burton,50.678747278172764,0.9212108375317728,0.7560229947037692,-445.695390086279
test,710,AE,Coupled-SINDy,511.31849507806487,0.13898463477514214,-0.3899331768605303,-445.695390086279
test,711,Dst,Coupled-SINDy,13.144616412378682,0.9232369074294366,0.8406485394463024,-122.43676939416008
test,711,Dst,Single-SINDy,78.85638042203041,0.8367139041890319,-4.7350062005899405,-122.43676939416008
test,711,Dst,Burton,20.081668046448005,0.8116001386571727,0.6280712229682166,-122.43676939416008
test,711,AE,Coupled-SINDy,227.01527744891834,0.7343594955655353,0.33189707092953946,-122.43676939416008
test,712,Dst,Coupled-SINDy,18.743335770223037,0.9266026249801177,0.6693833984503914,-111.7702644495176
test,712,Dst,Single-SINDy,50.25834741463639,0.9060636233434874,-1.3770991409966005,-111.7702644495176
test,712,Dst,Burton,20.430167403618544,0.8373218402621917,0.6071970530535609,-111.7702644495176
test,712,AE,Coupled-SINDy,179.94271204063816,0.8481479838256109,0.6341986085383714,-111.7702644495176
test,713,Dst,Coupled-SINDy,21.13940457674737,0.9487428112742917,0.882266839785637,-188.0
test,713,Dst,Single-SINDy,78.96708034908393,0.9335161491625515,-0.6428785626233928,-188.0
test,713,Dst,Burton,26.271423251899645,0.921840959343939,0.8181637346699204,-188.0
test,713,AE,Coupled-SINDy,239.86611072598913,0.7213554264566157,0.4458849725319939,-188.0
test,714,Dst,Coupled-SINDy,25.104788672194815,0.843171106873034,0.14116406895056288,-73.49761213518245
test,714,Dst,Single-SINDy,67.98104968542447,0.8755051115977391,-5.297567022547244,-73.49761213518245
test,714,Dst,Burton,23.99713954539515,0.962291015796031,0.21527765413240452,-73.49761213518245
test,714,AE,Coupled-SINDy,137.7318042598478,0.8397105895448826,0.5987838952499719,-73.49761213518245
test,715,Dst,Coupled-SINDy,20.449573475476985,0.8449565433143128,0.6743261402203398,-126.792428651032
test,715,Dst,Single-SINDy,38.08446356192841,0.870640140111378,-0.12956201215512286,-126.792428651032
test,715,Dst,Burton,17.186514795251185,0.9030350317499346,0.769967062455218,-126.792428651032
test,715,AE,Coupled-SINDy,218.7313460039462,0.5616207371932702,0.2942523812265637,-126.792428651032
test,716,Dst,Coupled-SINDy,19.224472470746935,0.33352233135646175,-1.237091477795841,-54.01743832936121
test,716,Dst,Single-SINDy,29.476657307451315,0.6629570936616497,-4.259341185658739,-54.01743832936121
test,716,Dst,Burton,14.963066447408554,0.7967636696936529,-0.3552396201849899,-54.01743832936121
test,716,AE,Coupled-SINDy,200.17820107565242,0.5047930493204654,0.19163124885172,-54.01743832936121
test,717,Dst,Coupled-SINDy,38.71530985034342,0.9031050493440326,0.7317136568700271,-343.68298392749483
test,717,Dst,Single-SINDy,68.94100161600743,0.8845955194498025,0.14927682329998115,-343.68298392749483
test,717,Dst,Burton,61.38910750775114,0.8922467079638227,0.3254475466999416,-343.68298392749483
test,717,AE,Coupled-SINDy,372.9443484409196,0.4505184107579403,-0.014951390173933321,-343.68298392749483
test,718,Dst,Coupled-SINDy,9.7414758283512,0.9435005217945681,0.8583923962591292,-104.61046816498363
test,718,Dst,Single-SINDy,63.99751368483591,0.9271660082247664,-5.111717377750434,-104.61046816498363
test,718,Dst,Burton,12.232903234673133,0.933216227416449,0.7766961864031259,-104.61046816498363
test,718,AE,Coupled-SINDy,224.42348393342712,0.32827326916767136,-0.23696370302848613,-104.61046816498363
test,719,Dst,Coupled-SINDy,21.706091522990782,0.9241930851036563,0.8248934532568782,-217.6030343009945
test,719,Dst,Single-SINDy,66.70053270428025,0.9248296910822583,-0.6534753641763498,-217.6030343009945
test,719,Dst,Burton,26.470085157153985,0.9094464680578738,0.7395947110753953,-217.6030343009945
test,719,AE,Coupled-SINDy,250.68999703406078,0.543196564090888,0.14436491041772626,-217.6030343009945
test,720,Dst,Coupled-SINDy,17.476228051885293,0.7972059072554496,-0.043158514046973684,-67.61653486500948
test,720,Dst,Single-SINDy,34.06428331947105,0.8569779280031092,-2.9632677458112338,-67.61653486500948
test,720,Dst,Burton,20.364983197018596,0.8577408474838621,-0.4165209845815494,-67.61653486500948
test,720,AE,Coupled-SINDy,218.7285755966813,0.5219492516306892,0.13919731452948436,-67.61653486500948
test,721,Dst,Coupled-SINDy,22.070014472036757,0.6487631449940546,-0.3228894610153221,-61.88995637898617
test,721,Dst,Single-SINDy,54.951491683207095,0.596660380972873,-7.201197918468472,-61.88995637898617
test,721,Dst,Burton,15.848436132765887,0.8040253520794749,0.31783230524091566,-61.88995637898617
test,721,AE,Coupled-SINDy,233.47267235405778,0.36868116164568976,-0.0933193017569216,-61.88995637898617
test,722,Dst,Coupled-SINDy,11.401752380181339,0.7486105140883734,0.5556915259113424,-67.39538837600378
test,722,Dst,Single-SINDy,37.53764997280017,0.7630538903688834,-3.815878785393793,-67.39538837600378
test,722,Dst,Burton,21.82712720194549,0.519337173656177,-0.628300459411415,-67.39538837600378
test,722,AE,Coupled-SINDy,247.29213845488258,0.15415947418165768,-0.1404877965136342,-67.39538837600378
test,723,Dst,Coupled-SINDy,11.030862475735113,0.7542997513166303,0.4889591307291815,-70.72888894993895
test,723,Dst,Single-SINDy,27.77599546428363,0.7524645330827072,-2.2402308903345896,-70.72888894993895
test,723,Dst,Burton,7.871813650933213,0.8976474188173824,0.7397526584417049,-70.72888894993895
test,723,AE,Coupled-SINDy,219.95618364154546,0.43852708156107867,0.16856795708765404,-70.72888894993895
test,724,Dst,Coupled-SINDy,19.757966882059037,0.48269083915651956,0.2133857375784376,-134.7854826439984
test,724,Dst,Single-SINDy,44.935997496159814,0.6888123240256455,-3.06879757106878,-134.7854826439984
test,724,Dst,Burton,16.481528248102236,0.8551001012988755,0.45264099355614706,-134.7854826439984
test,724,AE,Coupled-SINDy,240.0403441823542,0.3949258064475664,0.11897683546702531,-134.7854826439984
test,725,Dst,Coupled-SINDy,11.428269649471364,0.8787601968108223,0.5271226908745275,-61.52073951773353
test,725,Dst,Single-SINDy,34.45228594366053,0.7489782565943467,-3.29757637143718,-61.52073951773353
test,725,Dst,Burton,9.999264820327914,0.8966971123590375,0.6379874239995963,-61.52073951773353
test,725,AE,Coupled-SINDy,227.48531029329612,0.4461210278587744,0.19315695314306225,-61.52073951773353
test,726,Dst,Coupled-SINDy,14.651110173503861,0.4372950007133498,-0.20778020176975942,-66.12659078224378
test,726,Dst,Single-SINDy,28.510738460425095,0.6548438888622778,-3.573658880409365,-66.12659078224378
test,726,Dst,Burton,11.84801760678032,0.8863459773086703,0.2101616446100636,-66.12659078224378
test,726,AE,Coupled-SINDy,228.41369521853377,0.2954150354991759,0.025317558838405252,-66.12659078224378
test,727,Dst,Coupled-SINDy,28.30065079214876,0.673644234482554,-2.6136389513812945,-73.08427404959382
test,727,Dst,Single-SINDy,62.68301951488099,0.574506443881223,-16.72767296301803,-73.08427404959382
test,727,Dst,Burton,15.480961815610955,0.8148737784221998,-0.08130395792850931,-73.08427404959382
test,727,AE,Coupled-SINDy,247.46276851269033,0.2863117799570942,-0.17269236944021893,-73.08427404959382
test,728,Dst,Coupled-SINDy,19.677157129711762,0.7557097175313483,0.5337708378442444,-132.94370929531857
test,728,Dst,Single-SINDy,32.988228372812856,0.8922886291815415,-0.31036629084165646,-132.94370929531857
test,728,Dst,Burton,27.16637402753261,0.7949669892583179,0.11133499360942778,-132.94370929531857
test,728,AE,Coupled-SINDy,341.25354065365315,0.3291638824600037,-0.09775499364499463,-132.94370929531857
test,729,Dst,Coupled-SINDy,18.856210680859622,0.9163299648306269,0.6697973402575752,-108.16451419664176
test,729,Dst,Single-SINDy,70.81246056081163,0.8720051054876548,-3.6568376116094417,-108.16451419664176
test,729,Dst,Burton,21.941576223600055,0.9558008432563925,0.5528972211860876,-108.16451419664176
test,729,AE,Coupled-SINDy,288.9332455084322,0.6643309880500036,0.2328728436634665,-108.16451419664176
test,730,Dst,Coupled-SINDy,22.30404546374687,0.6631419015678839,-3.0908022562471196,-57.67925530105836
test,730,Dst,Single-SINDy,36.5547968191724,0.454386270620466,-9.988285937696165,-57.67925530105836
test,730,Dst,Burton,8.930833395138455,0.8955805277064077,0.3441188056941883,-57.67925530105836
test,730,AE,Coupled-SINDy,222.43287079194226,0.37881850011318813,-0.07992114925196092,-57.67925530105836
test,731,Dst,Coupled-SINDy,14.569447990228102,0.8543488373396936,0.5667433959672881,-86.57468886295004
test,731,Dst,Single-SINDy,49.39999755538934,0.8882526003769456,-3.980957673264972,-86.57468886295004
test,731,Dst,Burton,19.397987974590123,0.8519938272214642,0.23198028601846865,-86.57468886295004
test,731,AE,Coupled-SINDy,279.8460300285183,0.39876305483577934,-0.18032401301268175,-86.57468886295004
test,732,Dst,Coupled-SINDy,26.980315828159448,0.8138516433929421,-0.38667174542248106,-79.4905762877459
test,732,Dst,Single-SINDy,37.68093118907864,0.8808949913363732,-1.7047234208544495,-79.4905762877459
test,732,Dst,Burton,13.89636191658331,0.8405046796537357,0.6321406146138,-79.4905762877459
test,732,AE,Coupled-SINDy,318.0081907124325,0.47164212975613284,-0.1691192250767235,-79.4905762877459
test,733,Dst,Coupled-SINDy,15.632544188565573,0.355972420572875,-1.8632931537917283,-50.36369746165393
test,733,Dst,Single-SINDy,15.59769471624544,0.8734640896938657,-1.8505411627798414,-50.36369746165393
test,733,Dst,Burton,7.0392831488769465,0.7703098500347528,0.4194182845853808,-50.36369746165393
test,733,AE,Coupled-SINDy,303.4030178484217,-0.004171201668758171,-0.6829843590501599,-50.36369746165393
test,734,Dst,Coupled-SINDy,19.281917950086093,0.6380658108214313,0.36796352107274266,-86.40563745635015
test,734,Dst,Single-SINDy,35.27100666415323,0.7933803436201176,-1.114839405402646,-86.40563745635015
test,734,Dst,Burton,15.894643840012753,0.8257834862140184,0.5705196624620298,-86.40563745635015
test,734,AE,Coupled-SINDy,197.18891246542063,0.6545013915698026,-0.017749748098537355,-86.40563745635015
test,735,Dst,Coupled-SINDy,21.135023272192026,0.7297284305933414,0.46493013937997285,-110.00204826015434
test,735,Dst,Single-SINDy,32.244239306400864,0.8576974635137743,-0.2454012559976182,-110.00204826015434
test,735,Dst,Burton,13.266481192314188,0.8920268382584106,0.7891777134432774,-110.00204826015434
test,735,AE,Coupled-SINDy,339.74613229484595,0.061448069819645706,-0.5088671322384779,-110.00204826015434
test,736,Dst,Coupled-SINDy,14.920487192296555,0.8943010507312164,0.4486424545583787,-65.18069466938046
test,736,Dst,Single-SINDy,48.281615987701045,0.9148279487696533,-4.773390177593816,-65.18069466938046
test,736,Dst,Burton,10.4917721524519,0.8973290252525495,0.7273754165345865,-65.18069466938046
test,736,AE,Coupled-SINDy,218.95683511155516,0.5209759676464579,-0.18348825563288873,-65.18069466938046
test,737,Dst,Coupled-SINDy,19.14975273487814,0.49073015888361293,-0.022529894166163578,-70.46529405545976
test,737,Dst,Single-SINDy,24.668270239181165,0.9060085449456599,-0.6967859807121144,-70.46529405545976
test,737,Dst,Burton,9.258672888518635,0.8910468638839479,0.7609728938365914,-70.46529405545976
test,737,AE,Coupled-SINDy,211.41795516168114,0.35240901391899954,0.04789862778961429,-70.46529405545976
test,738,Dst,Coupled-SINDy,24.627673306343407,0.730202488878757,0.2195648523278485,-124.84252433537628
test,738,Dst,Single-SINDy,60.66259071672119,0.6244952757870205,-3.7351305779682535,-124.84252433537628
test,738,Dst,Burton,16.135598630678768,0.9026549278976991,0.6649881131004143,-124.84252433537628
test,738,AE,Coupled-SINDy,277.1296838331327,0.4196465693179142,-0.47101727646028,-124.84252433537628
test,739,Dst,Coupled-SINDy,27.966660745857215,0.949418199721275,0.823649480783168,-226.78370205330424
test,739,Dst,Single-SINDy,43.14205327094987,0.9151255419384009,0.5803404256157723,-226.78370205330424
test,739,Dst,Burton,25.255576573533748,0.9336346712354584,0.8561830448498817,-226.78370205330424
test,739,AE,Coupled-SINDy,378.9735195340909,0.3492875759846271,-0.05405796655962125,-226.78370205330424
test,740,Dst,Coupled-SINDy,27.145809973660132,0.9409225087769091,-0.45677118670080974,-70.56166449982139
test,740,Dst,Single-SINDy,61.0724772409915,0.9211891479985922,-6.373553003862812,-70.56166449982139
test,740,Dst,Burton,17.696827874462908,0.8432123434711382,0.38087749988965114,-70.56166449982139
test,740,AE,Coupled-SINDy,237.75029019371436,0.45636021525040243,-0.14175099313460593,-70.56166449982139
test,741,Dst,Coupled-SINDy,24.452431607025293,0.8018756411386242,-0.05586091249304981,-75.98374756637146
test,741,Dst,Single-SINDy,54.216577031015724,0.8245987995908253,-4.190710369103142,-75.98374756637146
test,741,Dst,Burton,26.383663697735628,0.8671371987034744,-0.22922904123359245,-75.98374756637146
test,741,AE,Coupled-SINDy,214.75584292948176,0.4359947160454684,0.006334725575034783,-75.98374756637146
