storm_id,catalog_row,datetime,time_hr,dst_observed_nt,dst_star_observed_nt,dst_cleaned_nt,dst_star_cleaned_nt,dst_original_flag,dst_star_original_target_flag,dst_star_sindy_nt,dst_star_burton_simplified_nt,dst_star_burton_published_nt,dst_star_obrien_nt,dst_sindy_nt,dst_burton_simplified_nt,dst_burton_published_nt,dst_obrien_nt,v_kms,bz_nt,pdyn_npa
684,537836,2024-05-09T19:00:00.0,0.0,22.0,22.144809313572146,22.0,22.144809313572146,true,true,22.144809313572146,22.144809313572146,22.144809313572146,22.144809313572146,22.0,22.0,22.0,22.0,425.0,-0.8,2.2356389750000005
684,537837,2024-05-09T20:00:00.0,1.0,21.0,20.933955323755775,21.0,20.933955323755775,true,true,20.07250001043858,17.43286005206927,19.26886005206927,20.814046024157108,20.138544686682806,17.498904728313494,19.334904728313496,20.880090700401333,422.0,1.1,2.32333372752
684,537838,2024-05-09T21:00:00.0,2.0,20.0,20.421352351968288,20.0,20.421352351968288,true,true,18.51186714932436,15.168852253099235,16.76641069465768,19.72706924103552,18.09051479735607,14.747499901130947,16.34505834268939,19.30571688906723,417.0,0.5,2.12318121222
684,537839,2024-05-09T22:00:00.0,3.0,20.0,21.330043301584748,20.0,21.330043301584748,true,true,17.119761239887588,13.198871441008425,14.588954760286551,18.696857900138575,15.78971793830284,11.868828139423677,13.258911458701803,17.366814598553827,424.0,1.5,1.7740906918400001
684,537840,2024-05-09T23:00:00.0,4.0,17.0,18.817729834698802,17.0,18.817729834698802,true,true,15.760676909027472,11.484732292825512,12.694285310898687,17.720447526529004,13.942947074328671,9.66700245812671,10.876555476199886,15.902717691830205,417.0,-1.0,1.5996570777
684,537841,2024-05-10T00:00:00.0,5.0,12.0,14.05431907746412,12.0,14.05431907746412,true,true,13.962964316346827,7.7414086184325885,11.045676828963792,16.624012262990274,11.908645238882706,5.6870895409684685,8.99135775149967,14.569693185526155,410.0,-3.0,1.518285924
684,537842,2024-05-10T01:00:00.0,6.0,10.0,12.236106652782068,10.0,12.236106652782068,true,true,11.125245522106187,0.0940308757790067,5.66917334468278,12.031438876696257,8.889138869324121,-2.142075777003061,3.433066691900713,9.795332223914187,398.0,-3.7,1.4572059172
684,537843,2024-05-10T02:00:00.0,7.0,12.0,12.748354858882893,12.0,12.748354858882893,true,true,8.369514187748436,-7.870220926270215,-0.31912293384745194,6.675943158014013,7.621159328865545,-8.618575785153109,-1.0674777927303438,5.92758829913112,425.0,0.1,1.993948275
684,537844,2024-05-10T03:00:00.0,8.0,21.0,18.917348518918196,21.0,18.917348518918196,true,true,7.535310698093994,-6.848114312468889,-0.2776783969841465,6.327303820435027,9.617962179175798,-4.765462831387083,1.804973084097659,8.409955301516831,430.0,-0.9,3.24726927
684,537845,2024-05-10T04:00:00.0,9.0,16.0,12.949006374218978,16.0,12.949006374218978,true,true,6.427663543819075,-8.04854881734306,-0.2416162675056859,5.940195338303378,9.478657169600098,-4.9975551915620375,2.809377358275336,8.991188964084401,432.0,-3.4,3.7457676288000004
684,537846,2024-05-10T05:00:00.0,10.0,7.0,4.4281095871875245,7.0,4.4281095871875245,true,true,3.21818200028237,-14.934802737168637,-5.441757531465986,1.1244225868508817,5.790072413094844,-12.362912324356161,-2.8698671186535094,3.6963129996633572,430.0,-0.7,3.494680262
684,537847,2024-05-10T06:00:00.0,11.0,9.0,8.113161215834944,9.0,8.113161215834944,true,true,2.697748217032518,-14.620617966107774,-4.735035774132741,1.0578666022960934,3.5845870011975727,-13.733779181942719,-3.8481969899676853,1.9447053864611483,422.0,-1.0,2.6807696856
684,537848,2024-05-10T07:00:00.0,12.0,16.0,15.088472113277632,16.0,15.088472113277632,true,true,2.1580616345068,-15.000636412067804,-4.120096063206411,0.9922899338629811,3.069589521229169,-14.089108525345436,-3.208568176484043,1.903817820585349,416.0,-1.2,2.6919172300800005
684,537849,2024-05-10T08:00:00.0,13.0,13.0,12.721811581956514,13.0,12.721811581956514,true,true,1.3641315878767268,-15.74818181309796,-3.5850186524003838,0.8885298060685018,1.6423200059202134,-15.469993395054473,-3.306830234356898,1.1667182241119889,412.0,0.1,2.4132674224
684,537850,2024-05-10T09:00:00.0,14.0,15.0,14.97887933924467,15.0,14.97887933924467,true,true,0.8560133629325242,-13.70296339581251,-3.119431814426308,0.8421279066402478,0.8771340236878533,-13.681842735057181,-3.098311153670979,0.8632485673955763,415.0,-0.2,2.3045082800000003
684,537851,2024-05-10T10:00:00.0,15.0,13.0,15.803112198141365,13.0,15.803112198141365,true,true,0.4993842966943656,-12.371557759992704,-2.7143107995657485,0.7965320031376241,-2.303727901446999,-15.17466995813407,-5.517422997707113,-2.0065801950037407,421.0,-3.2,1.27474917538
684,537852,2024-05-10T11:00:00.0,16.0,3.0,6.569687893311772,3.0,6.569687893311772,true,true,-1.446094777975536,-18.03974194700664,-6.93668290351825,-3.041267773036394,-5.015782671287308,-21.609429840318413,-10.506370796830023,-6.610955666348167,423.0,-3.1,1.0474682589000002
684,537853,2024-05-10T12:00:00.0,17.0,-1.0,3.4603429492152102,-1.0,3.4603429492152102,true,true,-3.174727292864259,-22.77793831752526,-10.416834993970426,-6.404958172395631,-7.635070242079469,-27.23828126674047,-14.877177943185636,-10.865301121610841,409.0,-1.9,0.8114031817399999
684,537854,2024-05-10T13:00:00.0,18.0,1.0,5.0968155458209665,1.0,5.0968155458209665,true,true,-3.6384822921543574,-24.016104510054447,-10.560339280467772,-7.218852325709733,-7.735297837975324,-28.112920055875414,-14.657154826288739,-11.3156678715307,411.0,0.6,0.9041192467200002
684,537855,2024-05-10T14:00:00.0,19.0,10.0,11.543016883670669,10.0,11.543016883670669,true,true,-3.421909142141595,-20.897129898359065,-9.18886664664079,-6.841860515961512,-4.964926025812264,-22.440146782029736,-10.731883530311459,-8.384877399632181,446.0,-1.0,1.6968051981599999
684,537856,2024-05-10T15:00:00.0,20.0,23.0,17.901395324901017,23.0,17.901395324901017,true,true,-3.715170735832114,-20.5916169245462,-7.995507341882246,-6.41394371087406,1.3834339392668689,-15.493012249447219,-2.8969026667832622,-1.315339035775077,455.0,-0.6,4.917034213
684,537857,2024-05-10T16:00:00.0,21.0,25.0,19.34896218513257,25.0,19.34896218513257,true,true,-4.345367204358584,-19.391580960319423,-6.957129765014422,-6.038451322956657,1.3056706105088445,-13.740543145451994,-1.3060919501469925,-0.38741350808922803,449.0,1.9,5.26028618856
684,537858,2024-05-10T17:00:00.0,22.0,66.0,48.078869197466034,66.0,48.078869197466034,true,true,-4.683556299840489,-16.8731938226156,-6.053606418908653,-5.723103870258329,13.237574502693477,1.047936979918365,11.867524383625312,12.198026932275639,571.0,-5.9,15.86928273906
684,537859,2024-05-10T18:00:00.0,23.0,-33.0,-59.53733135092101,-33.0,-59.53733135092101,true,true,-17.777794058519497,-32.87392994954864,-20.759483767102335,-17.678179669220505,8.759537292401511,-6.336598598627631,5.777847583818673,8.859151681700503,697.0,-18.0,26.73335998886
684,537860,2024-05-10T19:00:00.0,24.0,-131.0,-156.9889563704034,-131.0,-156.9889563704034,true,true,-60.66273403867454,-96.3529883976592,-83.1118469142319,-66.53849418773032,-34.67377766827116,-70.36403202725582,-57.12289054382852,-40.549537817326936,664.0,-1.2,25.957981265920004
684,537861,2024-05-10T20:00:00.0,25.0,-157.0,-191.71327300232252,-157.0,-191.71327300232252,true,true,-70.34674440145486,-88.14233328108008,-73.92082056173426,-63.19038826006073,-35.63347139913235,-53.429060278757575,-39.20754755941175,-28.47711525773822,702.0,-26.9,39.64709697624001
684,537862,2024-05-10T21:00:00.0,26.0,-277.0,-303.3657965705745,-277.0,-303.3657965705745,true,true,-146.13890181838906,-178.66779701080995,-163.59323399527528,-126.70495568260198,-119.77310524781453,-152.30200044023542,-137.22743742470075,-100.33915911202746,697.0,-35.0,26.48959074884
684,537863,2024-05-10T22:00:00.0,27.0,-339.0,-358.6872678445288,-339.0,-358.6872678445288,true,true,-212.76468445788453,-287.1971870094061,-271.38035945043436,-194.11707641818953,-193.07741661335575,-267.5099191648773,-251.69309160590558,-174.42980857366075,729.0,-13.7,17.86665315366
684,537864,2024-05-10T23:00:00.0,28.0,-308.0,-328.2277052397046,-308.0,-328.2277052397046,true,true,-228.45688625863414,-303.83027103415856,-287.3675769244039,-194.25179906524642,-208.22918101892952,-283.60256579445394,-267.1398716846993,-174.0240938255418,740.0,4.8,18.501498352
684,537865,2024-05-11T00:00:00.0,29.0,-313.0,-328.71131319671264,-313.0,-328.71131319671264,true,true,-225.06030510338388,-264.3717942764756,-250.04711238876706,-184.10734202799082,-209.34899190667122,-248.66048107976295,-234.3357991920544,-168.39602883127816,742.0,-35.3,13.53683819208
684,537866,2024-05-11T01:00:00.0,30.0,-390.0,-413.50197994349844,-390.0,-413.50197994349844,true,true,-262.59699214647344,-371.47783501979046,-356.3135014291869,-241.2373758554149,-239.095012202975,-347.975855076292,-332.81152148568844,-217.73539591191644,732.0,-34.0,22.58472440448
684,537867,2024-05-11T02:00:00.0,31.0,-406.0,-437.9392684281722,-406.0,-437.9392684281722,true,true,-312.4862404604211,-457.6291603418956,-441.73422072409767,-276.27485627188287,-280.54697203224885,-425.6898919137234,-409.79495229592544,-244.33558784371064,738.0,-20.5,34.98130768896
684,537868,2024-05-11T03:00:00.0,32.0,-395.0,-413.38010131800644,-395.0,-413.38010131800644,true,true,-353.24264108206455,-479.89340185593517,-463.3627401105785,-270.2662749844378,-334.8625397640581,-461.5133005379287,-444.98263879257206,-251.88617366643138,748.0,-22.8,16.376961832
684,537869,2024-05-11T04:00:00.0,33.0,-389.0,-397.1577706218573,-389.0,-397.1577706218573,true,true,-372.00769376766664,-509.6633434330864,-492.57952087543845,-271.1970386539059,-363.8499231458093,-501.5055728112291,-484.42175025358114,-263.0392680320486,704.0,-18.9,6.963325501440001
684,537870,2024-05-11T05:00:00.0,34.0,-358.0,-376.31954626851785,-358.0,-376.31954626851785,true,true,-374.236164771454,-515.3235388313869,-497.7583945279789,-261.8176729762775,-355.91661850293616,-497.0039925628691,-479.43884825946105,-243.49812670775964,700.0,5.9,16.3095226
684,537871,2024-05-11T06:00:00.0,35.0,-320.0,-345.5820797760188,-320.0,-345.5820797760188,true,true,-361.8137251986775,-448.3984039182198,-433.1144471866829,-248.14470753717762,-336.2316454226587,-422.816324142201,-407.5323674106641,-222.5626277611588,692.0,-9.9,25.390049266880002
684,537872,2024-05-11T07:00:00.0,36.0,-374.0,-400.6661939152941,-374.0,-400.6661939152941,true,true,-370.97182206045886,-427.15916496780164,-411.1601376819189,-231.67262154302819,-344.30562814516475,-400.4929710525075,-384.4939437666248,-205.00642762773407,689.0,-18.0,26.91722188194
684,537873,2024-05-11T08:00:00.0,37.0,-364.0,-384.64704187346075,-364.0,-384.64704187346075,true,true,-395.87344212299297,-438.654748738217,-422.03351720374764,-229.48731078996207,-375.2264002495322,-418.00770686475624,-401.3864753302869,-208.84026891650132,709.0,-15.5,19.00172383756
684,537874,2024-05-11T09:00:00.0,38.0,-297.0,-309.4826098237271,-297.0,-309.4826098237271,true,true,-406.1234441371486,-441.02989955143556,-423.86726951494927,-224.30836147845685,-393.6408343134215,-428.54728972770846,-411.38465969122217,-211.82575165472974,691.0,-35.2,10.46211483986
684,537875,2024-05-11T10:00:00.0,39.0,-318.0,-344.1575983656572,-318.0,-344.1575983656572,true,true,-429.4871987936173,-515.0985692200803,-497.46485217534547,-262.36504622159515,-403.32960042796014,-488.94097085442314,-471.3072538096883,-236.207447855938,691.0,-12.7,26.195218835680002
684,537876,2024-05-11T11:00:00.0,40.0,-268.0,-287.0666085923966,-268.0,-287.0666085923966,true,true,-440.3656955502458,-495.5914311395504,-477.5478072175084,-245.7872969025455,-421.29908695784917,-476.5248225471538,-458.4811986251118,-226.72068831014886,759.0,-1.3,17.15124483468
684,537877,2024-05-11T12:00:00.0,41.0,-258.0,-273.85568257394897,-258.0,-273.85568257394897,true,true,-426.9487194015835,-436.5570876149335,-418.15679147497485,-229.55691785459751,-411.09303682763453,-420.7014050409845,-402.3011089010259,-213.70123528064852,809.0,-16.5,13.683561507500002
684,537878,2024-05-11T13:00:00.0,42.0,-279.0,-290.0088919614247,-279.0,-290.0088919614247,true,true,-429.8400939262416,-451.9432619506564,-433.23261466004305,-230.3927547358824,-418.8312019648169,-440.9343699892317,-422.22372269861836,-219.38386277445773,804.0,-22.3,9.190160913600002
684,537879,2024-05-11T14:00:00.0,43.0,-281.0,-290.32061921492505,-281.0,-290.32061921492505,true,true,-433.88484555939743,-490.0670118271945,-471.08631873016736,-244.71625823973278,-424.5642263444724,-480.74639261226946,-461.7656995152423,-235.3956390248077,770.0,-19.8,7.8343078660000005
684,537880,2024-05-11T15:00:00.0,44.0,-265.0,-274.3909042789691,-265.0,-274.3909042789691,true,true,-433.9923365479117,-508.7503453561303,-489.5346773366391,-247.0863383310647,-424.6014322689426,-499.3594410771612,-480.14377305767,-237.69543405209555,793.0,-14.6,7.8885962805
684,537881,2024-05-11T16:00:00.0,45.0,-270.0,-275.8075338848325,-270.0,-275.8075338848325,true,true,-428.6376534401622,-505.19899193325625,-485.77886521499767,-239.29917918905048,-422.8301195553297,-499.3914580484238,-479.9713313301652,-233.49164530421803,785.0,-7.9,5.359629262
684,537882,2024-05-11T17:00:00.0,46.0,-248.0,-252.85447960113476,-248.0,-252.85447960113476,true,true,-415.1543098930175,-473.07683324062555,-453.47880090136164,-223.6588023960531,-410.29983029188276,-468.2223536394908,-448.6243213002269,-218.8043227949183,796.0,-4.6,4.7690375472
684,537883,2024-05-11T18:00:00.0,47.0,-203.0,-215.34438885688715,-203.0,-215.34438885688715,true,true,-399.177021017922,-431.41092346911574,-411.65809013495107,-208.58153216699327,-386.8326321610349,-419.0665346122286,-399.31370127806395,-196.23714331010612,863.0,2.0,10.339315224020002
684,537884,2024-05-11T19:00:00.0,48.0,-198.0,-211.08933448514142,-198.0,-211.08933448514142,true,true,-383.798020294195,-375.383530810789,-358.19600050703536,-197.6887301336783,-370.7086858090536,-362.2941963256476,-345.10666602189394,-184.59939564853687,880.0,0.8,11.00972224
684,537885,2024-05-11T20:00:00.0,49.0,-190.0,-201.25818237809307,-190.0,-201.25818237809307,true,true,-369.65878201713855,-326.63242291328396,-311.6770394022256,-187.3647854431217,-358.4005996390455,-315.3742405351909,-300.41885702413254,-176.10660306502862,896.0,0.2,9.399530291200001
684,537886,2024-05-11T21:00:00.0,50.0,-169.0,-181.88980996804236,-169.0,-181.88980996804236,true,true,-355.4120336777361,-284.2126277297406,-271.19950181752097,-177.57999052555215,-342.5222237096937,-271.3228177616982,-258.3096918494786,-164.6901805575098,894.0,0.9,10.82809728216
684,537887,2024-05-11T22:00:00.0,51.0,-157.0,-168.034606885456,-157.0,-168.034606885456,true,true,-342.7206040820507,-247.30189685574828,-235.97878729576502,-168.30618923654768,-331.68599719659477,-236.2672899702923,-224.94418041030903,-157.2715823510917,887.0,8.0,9.211648805800001
684,537888,2024-05-11T23:00:00.0,52.0,-167.0,-166.7975621562292,-167.0,-166.7975621562292,true,true,-329.40715863765905,-215.1847673939628,-205.33219154306826,-159.51669583658753,-329.6095964814299,-215.3872052377336,-205.53462938683907,-159.71913368035834,882.0,3.5,2.21196466008
684,537889,2024-05-12T00:00:00.0,53.0,-150.0,-151.45519419251627,-150.0,-151.45519419251627,true,true,-313.47142356519646,-187.23869370643516,-178.6656731608516,-151.1862182017539,-312.0162293726802,-185.78349951391888,-177.21047896833534,-149.73102400923761,938.0,0.5,2.9432541488000004
684,537890,2024-05-12T01:00:00.0,54.0,-142.0,-145.9348426720424,-142.0,-145.9348426720424,true,true,-298.79065816285936,-162.92198023806696,-155.46233898411765,-143.29078504461904,-294.85581549081695,-158.98713756602456,-151.52749631207524,-139.35594237257664,1006.0,-4.9,4.231828534000001
684,537891,2024-05-12T02:00:00.0,55.0,-135.0,-143.12098042347912,-135.0,-143.12098042347912,true,true,-288.59841291735285,-168.38204150585048,-159.19118483033614,-141.133737252463,-280.4774324938737,-160.26106108237136,-151.07020440685702,-133.01275682898387,960.0,-3.2,6.93660672
684,537892,2024-05-12T03:00:00.0,56.0,-138.0,-149.55361931045763,-138.0,-149.55361931045763,true,true,-279.38633065346454,-163.1030439076881,-152.40580498224054,-135.72761611380574,-267.8327113430069,-151.54942459723046,-140.8521856717829,-124.1739968033481,935.0,2.2,9.650709651
684,537893,2024-05-12T04:00:00.0,57.0,-138.0,-153.08344245056122,-138.0,-153.08344245056122,true,true,-269.5870642380381,-141.92083041318315,-132.61284329623527,-128.63948114125319,-254.5036217874769,-126.83738796262192,-117.52940084567403,-113.55603869069195,926.0,1.9,12.9079292184
684,537894,2024-05-12T05:00:00.0,58.0,-143.0,-147.0271768345186,-143.0,-147.0271768345186,true,true,-262.341627661625,-123.48955373614638,-115.39039611490601,-121.92151149560799,-258.3144508271064,-119.46237690162779,-111.36321928038743,-117.8943346610894,909.0,3.0,4.28431656186
684,537895,2024-05-12T06:00:00.0,59.0,-132.0,-133.33893650006678,-132.0,-133.33893650006678,true,true,-250.60002541318661,-107.45194935482867,-100.40463038569743,-115.55437594661352,-249.26108891311983,-106.11301285476188,-99.06569388563064,-114.21543944654672,886.0,2.8,2.8885654811200006
684,537896,2024-05-12T07:00:00.0,60.0,-132.0,-131.07354666513203,-132.0,-131.07354666513203,true,true,-238.84789804146988,-93.49715073731845,-87.36506799794452,-109.5197528033624,-239.77435137633785,-94.42360407218642,-88.2915213328125,-110.44620613823037,876.0,1.8,1.9252696464
684,537897,2024-05-12T08:00:00.0,61.0,-131.0,-129.1317365629058,-131.0,-129.1317365629058,true,true,-226.92065676399108,-81.35466362857579,-76.01895527093873,-103.8002771928874,-228.7889202010853,-83.22292706567,-77.88721870803295,-105.66854062998162,853.0,1.0,1.58209845742
684,537898,2024-05-12T09:00:00.0,62.0,-114.0,-113.46702453920176,-114.0,-113.46702453920176,true,true,-215.5481526940928,-70.78912289759192,-66.14636367731032,-98.37949109203497,-216.08112815489105,-71.32209835839016,-66.67933913810856,-98.91246655283321,855.0,1.0,2.0786111055
684,537899,2024-05-12T10:00:00.0,63.0,-104.0,-107.51469885666373,-104.0,-107.51469885666373,true,true,-204.90098394296754,-61.59573031348908,-57.555926836101186,-93.2417959688356,-201.38628508630381,-58.08103145682536,-54.041227979437465,-89.72709711217189,878.0,5.3,3.99707979304
684,537900,2024-05-12T11:00:00.0,64.0,-108.0,-106.72086110410235,-108.0,-106.72086110410235,true,true,-195.80857661245665,-53.59628481823076,-50.08113114310103,-88.3724078970953,-197.0877155083543,-54.8754237141284,-51.36027003899868,-89.65154679299295,875.0,4.4,1.792818125
684,537901,2024-05-12T12:00:00.0,65.0,-108.0,-105.2062378336179,-108.0,-105.2062378336179,true,true,-186.38574998846227,-46.63572834833066,-43.577088137503495,-83.75731501504795,-189.17951215484436,-49.42949051471276,-46.3708503038856,-86.55107718143006,874.0,3.5,1.2776589976000001
684,537902,2024-05-12T13:00:00.0,66.0,-104.0,-100.65150886001058,-104.0,-100.65150886001058,true,true,-176.95646239878127,-40.57914025114486,-37.91772604172382,-79.38323720565457,-180.3049535387707,-43.92763139113427,-41.26621718171323,-82.73172834564399,859.0,2.9,1.11076178454
684,537903,2024-05-12T14:00:00.0,67.0,-102.0,-99.09356637594809,-102.0,-99.09356637594809,true,true,-168.08645310906115,-35.30912203671046,-32.99334603630514,-75.2375878825276,-170.99288673311307,-38.21555566076238,-35.899779660357055,-78.14402150657952,862.0,0.1,1.2428153944
684,537904,2024-05-12T15:00:00.0,68.0,-96.0,-92.58915663414321,-96.0,-92.58915663414321,true,true,-160.034788558492,-30.72352177220261,-28.708495901720056,-71.30843777151792,-163.4456319243488,-34.134365138059394,-32.11933926757684,-74.71928113737471,852.0,1.0,1.09273232736
684,537905,2024-05-12T16:00:00.0,69.0,-97.0,-94.27195752182286,-97.0,-94.27195752182286,true,true,-152.41905493027465,-26.733454009578892,-24.98011981058758,-67.58448058374431,-155.1470974084518,-29.461496487756044,-27.708162288764733,-70.31252306192147,840.0,2.0,1.2982052160000002
684,537906,2024-05-12T17:00:00.0,70.0,-93.0,-91.48756043760389,-93.0,-91.48756043760389,true,true,-145.1795413433885,-23.26157686547774,-21.73594840661517,-64.0550004812885,-146.69198090578462,-24.774016427873846,-23.248387969011276,-65.5674400436846,854.0,1.9,1.70779551824
684,537907,2024-05-12T18:00:00.0,71.0,-87.0,-87.33734673131593,-87.0,-87.33734673131593,true,true,-138.62952292288838,-20.240592856974136,-18.913097964197615,-60.7098412419367,-138.29217619157245,-19.903246125658207,-18.575751232881686,-60.37249451062077,900.0,0.9,2.4386508
684,537908,2024-05-12T19:00:00.0,72.0,-82.0,-82.5788159231068,-82.0,-82.5788159231068,true,true,-132.85249005787904,-17.61194443399048,-16.45685147534078,-57.53937703423804,-132.27367413477225,-17.033128510883678,-15.878035552233976,-56.96056111113124,872.0,1.2,2.5436365568
684,537909,2024-05-12T20:00:00.0,73.0,-75.0,-76.28874070588911,-75.0,-76.28874070588911,true,true,-127.41610350619285,-15.324678923082626,-14.319598036984836,-54.534484718784014,-126.12736280030374,-14.035938217193518,-13.030857331095728,-53.2457440128949,863.0,-1.5,2.86511144762
684,537910,2024-05-12T21:00:00.0,74.0,-77.0,-79.78731075906326,-77.0,-79.78731075906326,true,true,-123.35439274758733,-20.324760881123844,-16.75020998023356,-53.61126008428188,-120.56708198852407,-17.537450122060584,-13.962899221170298,-50.82394932521862,834.0,-4.9,3.60649959336
684,537911,2024-05-12T22:00:00.0,75.0,-86.0,-91.61135174289748,-86.0,-91.61135174289748,true,true,-122.35161209597538,-39.75282154591296,-33.94249803474868,-62.072904182999764,-116.7402603530779,-34.14146980301547,-28.33114629185119,-56.461552440102274,834.0,-1.7,5.2352413452
684,537912,2024-05-12T23:00:00.0,76.0,-81.0,-90.44615942706531,-81.0,-90.44615942706531,true,true,-119.7520511198887,-42.246237449041146,-34.490501406859245,-60.905588811317294,-110.3058916928234,-32.800078021975835,-25.044341979793934,-51.45942938425198,829.0,3.2,7.931407146540001
684,537913,2024-05-13T00:00:00.0,77.0,-74.0,-81.91372339097468,-74.0,-81.91372339097468,true,true,-117.63146150575241,-36.75971310500983,-30.011215509864538,-57.72490203261912,-109.71773811477773,-28.845989714035152,-22.09749211888986,-49.811178641644446,809.0,1.2,6.78704650772
684,537914,2024-05-13T01:00:00.0,78.0,-76.0,-84.53842956307025,-76.0,-84.53842956307025,true,true,-115.03033705880026,-31.98572439007349,-26.113655054037974,-54.71032100187663,-106.49190749573,-23.447294827003237,-17.57522549096772,-46.17189143880638,810.0,-2.0,7.242792876
684,537915,2024-05-13T02:00:00.0,79.0,-83.0,-91.6853514140777,-83.0,-91.6853514140777,true,true,-113.98451733638102,-36.57973420954447,-28.77027128078629,-54.812768609970625,-105.29916592230333,-27.894382795466775,-20.084919866708596,-46.12741719589293,804.0,-1.3,7.35212873088
684,537916,2024-05-13T03:00:00.0,80.0,-88.0,-97.68170039210509,-88.0,-97.68170039210509,true,true,-112.48943278963985,-37.4731993771361,-27.977952413151705,-53.07623833619989,-102.80773239753476,-27.79149898503101,-18.296252021046616,-43.39453794409481,799.0,-2.4,8.11520029576
684,537917,2024-05-13T04:00:00.0,81.0,-93.0,-103.98858724114338,-93.0,-103.98858724114338,true,true,-112.42115581310631,-42.961590107378164,-31.99949209975538,-54.293456812728124,-101.43256857196293,-31.973002866234786,-21.010904858612,-43.304869571584746,785.0,-4.1,9.1732116215
684,537918,2024-05-13T05:00:00.0,82.0,-86.0,-94.90516595936022,-86.0,-94.90516595936022,true,true,-114.5222509603752,-54.76206282070568,-42.52361390498195,-59.697014728908584,-105.61708500101498,-45.85689686134546,-33.61844794562173,-50.791848769548366,769.0,-4.6,7.51723910536
684,537919,2024-05-13T06:00:00.0,83.0,-84.0,-88.22590773506923,-84.0,-88.22590773506923,true,true,-116.04345710329896,-66.75206661022443,-53.40302664459468,-65.49176104375324,-111.81754936822973,-62.5261588751552,-49.17711890952545,-61.26585330868401,748.0,-6.2,4.39838403488
684,537920,2024-05-13T07:00:00.0,84.0,-67.0,-74.3133452286324,-67.0,-74.3133452286324,true,true,-116.76859670867869,-83.12600705045503,-68.81060863880316,-74.13659539831231,-109.45525148004629,-75.81266182182263,-61.49726341017076,-66.82325016967991,717.0,-2.9,6.363002934360001
684,537921,2024-05-13T08:00:00.0,85.0,-63.0,-71.7757230474487,-63.0,-71.7757230474487,true,true,-115.40397497486644,-83.5586417192271,-68.40238595843911,-73.80232883571469,-106.62825192741775,-74.7829186717784,-59.62666291099042,-65.026605788266,706.0,4.3,7.419788077040001
684,537922,2024-05-13T09:00:00.0,86.0,-59.0,-65.70718479214901,-59.0,-65.70718479214901,true,true,-112.1419901020815,-72.70687006737943,-59.51895921058988,-69.94813259286884,-105.43480530993249,-65.99968527523042,-52.811774418440876,-63.24094780071984,698.0,4.1,5.9487510959200005
684,537923,2024-05-13T10:00:00.0,87.0,-57.0,-62.64794528155281,-57.0,-62.64794528155281,true,true,-108.38226394235585,-63.264419409278204,-51.78922424817561,-66.29521493990916,-102.73431866080304,-57.6164741277254,-46.14127896662281,-60.64726965835635,685.0,5.0,5.258332424500001
684,537924,2024-05-13T11:00:00.0,88.0,-61.0,-66.55136511929916,-61.0,-66.55136511929916,true,true,-104.4757415712303,-55.04826104443688,-45.06335096919176,-62.833064458061415,-98.92437645193115,-49.49689592513772,-39.5119858498926,-57.28169933876226,676.0,3.0,5.19749879168
684,537925,2024-05-13T12:00:00.0,89.0,-59.0,-62.06469732319266,-59.0,-62.06469732319266,true,true,-101.04395265142608,-47.89913623347105,-39.210967726439584,-59.551718668827206,-97.97925532823342,-44.83443891027839,-36.14627040324692,-56.487021345634545,633.0,4.4,3.75307755984
684,537926,2024-05-13T13:00:00.0,90.0,-63.0,-64.7673522487352,-63.0,-64.7673522487352,true,true,-96.75532768617614,-41.67846919016312,-34.1186342554734,-56.4417353665478,-94.98797543744095,-39.91111694142792,-32.3512820067382,-54.6743831178126,634.0,3.8,3.09263338576
684,537927,2024-05-13T14:00:00.0,91.0,-57.0,-56.54793147743172,-57.0,-56.54793147743172,true,true,-92.44528992441843,-36.26568098364843,-29.68764279372361,-53.49416544807423,-92.89735844698671,-36.71774950621672,-30.1397113162919,-53.94623397064252,628.0,4.3,2.1108693708800006
684,537928,2024-05-13T15:00:00.0,92.0,-51.0,-52.545836673441684,-51.0,-52.545836673441684,true,true,-87.97546448809209,-31.55585228447331,-25.8321047685647,-50.70052716135979,-86.4296278146504,-30.010015611031626,-24.286268095123013,-49.1546904879181,623.0,4.5,2.98624900084
684,537929,2024-05-13T16:00:00.0,93.0,-54.0,-54.17954627583809,-54.0,-54.17954627583809,true,true,-84.04606281499164,-27.457689650126127,-22.477285967452403,-48.05278169887442,-83.86651653915355,-27.27814337428803,-22.297739691614307,-47.87323542303632,619.0,4.6,2.3712378278200004
684,537930,2024-05-13T17:00:00.0,94.0,-55.0,-53.76951212232153,-55.0,-53.76951212232153,true,true,-80.2713892718465,-23.891755929330525,-19.55815791973131,-45.5433100656098,-81.50187714952497,-25.122243807008992,-20.788645797409778,-46.77379794328827,611.0,2.0,1.81080844334
684,537931,2024-05-13T18:00:00.0,95.0,-55.0,-55.29229624638559,-55.0,-55.29229624638559,true,true,-76.68796241966575,-20.788930483962925,-17.018137410675298,-43.16489115511206,-76.39566617328016,-20.496634237577332,-16.725841164289704,-42.87259490872646,609.0,3.8,2.4193086863400004
684,537932,2024-05-13T19:00:00.0,96.0,-51.0,-52.17258399140562,-51.0,-52.17258399140562,true,true,-73.18033601922191,-18.08906938214956,-14.807989695003181,-40.91068097045493,-72.0077520278163,-16.916485390743944,-13.635405703597565,-39.73809697904932,598.0,4.0,2.81120371688
684,537933,2024-05-13T20:00:00.0,97.0,-48.0,-48.83110663702771,-48.0,-48.83110663702771,true,true,-69.97128839770524,-15.739839592260008,-12.884874150197573,-38.77419293036089,-69.14018176067754,-14.9087329552323,-12.053767513169865,-37.94308629333318,594.0,3.3,2.6556907212
684,537934,2024-05-13T21:00:00.0,98.0,-44.0,-45.688453807781336,-44.0,-45.688453807781336,true,true,-67.04966092945764,-13.69570458027819,-11.211513870951135,-36.749279203800306,-65.3612071216763,-12.007250772496855,-9.523060063169801,-35.06082539601897,587.0,4.0,3.0545283798200003
684,537935,2024-05-13T22:00:00.0,99.0,-43.0,-44.05476366769227,-43.0,-44.05476366769227,true,true,-64.14198918239919,-11.917041647774528,-9.755473108489948,-34.8301130193582,-63.087225514706915,-10.862277980082256,-8.700709440797675,-33.77534935166593,580.0,4.8,2.7570469360000005
684,537936,2024-05-13T23:00:00.0,100.0,-46.0,-45.87478361246198,-46.0,-45.87478361246198,true,true,-61.567251873356184,-10.369373901310304,-8.4885285489458,-33.01117189846306,-61.6924682608942,-10.494590288848318,-8.613744936483814,-33.13638828600108,572.0,4.7,2.24371662944
684,537937,2024-05-14T00:00:00.0,101.0,-45.0,-45.910550897879574,-45.0,-45.910550897879574,true,true,-58.6527472666255,-9.0227019660752,-7.386122243887904,-31.287221764230654,-57.74219636874592,-8.112151068195624,-6.475571346008328,-30.376670866351077,579.0,5.0,2.69147566368
684,537938,2024-05-14T01:00:00.0,102.0,-48.0,-47.698940778595215,-48.0,-47.698940778595215,true,true,-56.04048586754996,-7.850922489961538,-6.426885588837527,-29.653301880195404,-56.341545088954746,-8.151981711366318,-6.727944810242308,-29.954361101600185,577.0,4.6,2.17174247706
684,537939,2024-05-14T02:00:00.0,103.0,-49.0,-47.30227818743836,-49.0,-47.30227818743836,true,true,-53.524017502549476,-6.83132216658991,-5.592225122754731,-28.104710575589916,-55.221739315111115,-8.529043979151549,-7.28994693531637,-29.802432388151555,572.0,3.6,1.6417438752000002
684,537940,2024-05-14T03:00:00.0,104.0,-51.0,-47.88243573254831,-51.0,-47.88243573254831,true,true,-51.264474105713305,-5.944137469630181,-4.865962119799571,-26.636991716096563,-54.382038373164995,-9.061701737081869,-7.983526387251259,-29.75455598354825,566.0,3.0,1.1788203803200001
684,537941,2024-05-14T04:00:00.0,105.0,-46.0,-42.24765470561881,-46.0,-42.24765470561881,true,true,-49.06293706224744,-5.1721715644834045,-4.234018987358068,-25.24592188114017,-52.815282356628636,-8.9245168588646,-7.986364281739264,-28.998267175521367,560.0,2.7,0.996601984
684,537942,2024-05-14T05:00:00.0,106.0,-42.0,-38.5243232627039,-42.0,-38.5243232627039,true,true,-46.93126488879744,-4.500460971693352,-3.68414639159728,-23.927498210823916,-50.40694162609354,-7.976137708989452,-7.15982312889338,-27.403174948120018,553.0,0.8,1.0741418801400002
684,537943,2024-05-14T06:00:00.0,107.0,-41.0,-36.745415814152246,-41.0,-36.745415814152246,true,true,-45.01877606560886,-3.9159855208240852,-3.205685821259971,-22.67792688753757,-49.273360251456616,-8.170569706671841,-7.460270007107727,-26.932511073385328,551.0,2.0,0.8632651554199999
684,537944,2024-05-14T07:00:00.0,108.0,-43.0,-36.91691838268434,-43.0,-36.91691838268434,true,true,-43.1064423411666,-3.407415972665113,-2.7893629873301045,-21.49361221909336,-49.18952395848226,-9.490497589980778,-8.87244460464577,-27.576693836409028,552.0,4.8,0.45868311936
684,537945,2024-05-14T08:00:00.0,109.0,-46.0,-39.627317073300055,-46.0,-39.627317073300055,true,true,-40.71121459327259,-2.96489441777354,-2.4271080539106102,-20.37114629197581,-47.08389751997253,-9.337577344473482,-8.799790980610553,-26.74382921867575,551.0,4.1,0.40624242608000005
684,537946,2024-05-14T09:00:00.0,110.0,-49.0,-42.23419107230093,-49.0,-42.23419107230093,true,true,-38.289899911225454,-2.579843194686067,-2.1118992157404013,-19.30729916493229,-45.05570883892453,-9.34565212238514,-8.877708143439474,-26.07310809263136,539.0,3.8,0.34014779722
684,537947,2024-05-14T10:00:00.0,111.0,-51.0,-44.51814262329479,-51.0,-44.51814262329479,true,true,-35.96667851345791,-2.244798623947617,-1.8376265903195699,-18.299009574686025,-42.448535890163114,-8.726656000652824,-8.319483967024777,-24.780866951391232,538.0,4.3,0.38729922752000007
684,537948,2024-05-14T11:00:00.0,112.0,-53.0,-46.45935638098427,-53.0,-46.45935638098427,true,true,-34.189642658923106,-1.953266335123251,-1.5989737863819635,-17.343376127026787,-40.73028627793884,-8.493909954138985,-8.139617405397697,-23.88401974604252,531.0,2.6,0.37728637488000005
684,537949,2024-05-14T12:00:00.0,113.0,-54.0,-47.4341622771369,-54.0,-47.4341622771369,true,true,-32.087530524692944,-1.699595382509842,-1.3913148530856045,-16.437648947931308,-38.653368247556045,-8.265433105372946,-7.957152575948707,-23.00348667079441,528.0,-0.2,0.3730352947200001
684,537950,2024-05-14T13:00:00.0,114.0,-48.0,-41.57843487083288,-48.0,-41.57843487083288,true,true,-30.596540331742382,-2.0491087094566156,-1.2106246124251365,-15.539053913921723,-37.0181054609095,-8.470673838623739,-7.632189741592259,-21.960619043088847,514.0,0.7,0.39770480664
684,537951,2024-05-14T14:00:00.0,115.0,-45.0,-38.5160826449655,-45.0,-38.5160826449655,true,true,-28.66429962350276,-1.7829906952414707,-1.0534006367855084,-14.727554274855677,-35.148216978537256,-8.266908050275967,-7.5373179918200055,-21.211471629890173,507.0,0.4,0.38694614166
684,537952,2024-05-14T15:00:00.0,116.0,-44.0,-37.66750947921484,-44.0,-37.66750947921484,true,true,-27.232372856588405,-1.5514334620932277,-0.916595359280897,-13.958433770829142,-33.56486337737357,-7.883923982878388,-7.2490858800660565,-20.290924291614303,524.0,0.2,0.41333023584
684,537953,2024-05-14T16:00:00.0,117.0,-42.0,-35.05351130483725,-42.0,-35.05351130483725,true,true,-26.1083321337176,-1.349948596886315,-0.7975570009327285,-13.229479226382466,-33.05482082888035,-8.296437292049063,-7.744045696095478,-20.175967921545215,516.0,1.5,0.31173784992
684,537954,2024-05-14T17:00:00.0,118.0,-42.0,-35.509744588679006,-42.0,-35.509744588679006,true,true,-24.48765837942198,-1.1746305972906896,-0.6939781696427638,-12.53859304523454,-30.977913790742974,-7.664886008611686,-7.18423358096376,-19.028848456555536,537.0,2.5,0.3858607915200001
684,537955,2024-05-14T18:00:00.0,119.0,-45.0,-38.65860201837664,-45.0,-38.65860201837664,true,true,-22.946489836868647,-1.0220811690711196,-0.603851134624223,-11.883787174364382,-29.287887818492003,-7.363479150694476,-6.945249116247579,-18.225185155987738,523.0,0.4,0.41175414486
684,537956,2024-05-14T19:00:00.0,120.0,-44.0,-37.282997654052686,-44.0,-37.282997654052686,true,true,-21.67780893717122,-0.8893433549060391,-0.52542890934835,-11.263177383307898,-28.394811283118536,-7.606345700853354,-7.242431255295665,-17.980179729255212,510.0,-0.0,0.3480346080000001
684,537957,2024-05-14T20:00:00.0,121.0,-41.0,-34.29139568866847,-41.0,-34.29139568866847,true,true,-20.744506677126367,-0.7738442179052548,-0.4571913886537591,-10.674977842208266,-27.453110988457894,-7.48244852923678,-7.165795699985285,-17.38358215353979,511.0,2.0,0.34940078768000005
684,537958,2024-05-14T21:00:00.0,122.0,-39.0,-32.29979372328427,-39.0,-32.29979372328427,true,true,-19.4820322701834,-0.6733449688266503,-0.3978158836337904,-10.117495983018053,-26.182238546899136,-7.373551245542386,-7.098022160349527,-16.81770225973379,512.0,2.4,0.35076964352000006
684,537959,2024-05-14T22:00:00.0,123.0,-38.0,-31.232609446357948,-38.0,-31.232609446357948,true,true,-18.150768852273004,-0.5858975702777347,-0.34615148316186956,-9.589127629065981,-24.918159405915056,-7.353288123919787,-7.113542036803922,-16.356518182708033,504.0,1.4,0.33989372928000006
684,537960,2024-05-14T23:00:00.0,124.0,-41.0,-34.23260944635795,-41.0,-34.23260944635795,true,true,-16.977383358002438,-0.5098069767351717,-0.3011967450888995,-9.088352378973463,-23.74477391164449,-7.277197530377224,-7.068587298730952,-15.855742932615517,504.0,1.3,0.33989372928000006
684,537961,2024-05-15T00:00:00.0,125.0,-42.0,-35.729861705082214,-42.0,-35.729861705082214,true,true,-16.182961086569627,-0.4435982784578767,-0.2620802846877437,-8.613729231637933,-22.453099381487412,-6.713736573375663,-6.53221857960553,-14.883867526555719,531.0,2.0,0.42444717174
684,537962,2024-05-15T01:00:00.0,126.0,-40.0,-33.64078709670025,-40.0,-33.64078709670025,true,true,-15.31120627551489,-0.38598811242438624,-0.22804388407894582,-8.163892439693713,-21.67041917881464,-6.7452010157241356,-6.587256787378695,-14.523105342993462,521.0,2.4,0.40861099494
684,537963,2024-05-15T02:00:00.0,127.0,-39.0,-32.5160826449655,-39.0,-32.5160826449655,true,true,-14.199740082676671,-0.33585978613550493,-0.1984277952375243,-7.737547579518538,-20.68365743771117,-6.819777141170002,-6.682345150272021,-14.221464934553035,507.0,1.8,0.38694614166
684,537964,2024-05-15T03:00:00.0,128.0,-39.0,-33.229058862009445,-39.0,-33.229058862009445,true,true,-13.124006133755499,-0.2922416320919329,-0.17265795170018347,-7.333467826477063,-18.894947271746055,-6.06318277008249,-5.94359908969074,-13.10440896446762,531.0,-2.5,0.5187687654600001
684,537965,2024-05-15T04:00:00.0,129.0,-32.0,-26.19951615657436,-32.0,-26.19951615657436,true,true,-13.922937088819891,-7.422788173378695,-4.618734841089771,-10.412926588963995,-19.723420932245528,-13.223272016804334,-10.419218684515409,-16.213410432389633,528.0,-2.9,0.5129235302400001
684,537966,2024-05-15T05:00:00.0,130.0,-30.0,-24.379290258714178,-30.0,-24.379290258714178,true,true,-14.91919393943103,-14.72726970930354,-9.587379147441748,-14.087589519543146,-20.539903680716854,-20.347979450589364,-15.20808888872757,-19.70829926082897,523.0,-2.6,0.54900552648
684,537967,2024-05-15T06:00:00.0,131.0,-33.0,-27.40624497569452,-33.0,-27.40624497569452,true,true,-15.562095238228311,-20.15755727952386,-12.985184972449314,-16.74136889034487,-21.155850262533797,-25.751312303829344,-18.578939996754798,-22.335123914650353,505.0,-0.9,0.5545212595000001
684,537968,2024-05-15T07:00:00.0,132.0,-35.0,-29.64624590477149,-35.0,-29.64624590477149,true,true,-15.200563871572504,-19.993992697767517,-11.298797313689663,-15.691011993496485,-20.554317966801012,-25.347746792996027,-16.65255140891817,-21.04476608872499,491.0,1.3,0.6048481209000001
684,537969,2024-05-15T08:00:00.0,133.0,-33.0,-27.91455399656232,-33.0,-27.91455399656232,true,true,-14.21507182131611,-17.39737026948602,-9.831421039184512,-14.871576612176684,-19.300517824753793,-22.482816272923706,-14.916867042622197,-19.957022615614367,498.0,1.6,0.6636983846400001
684,537970,2024-05-15T09:00:00.0,134.0,-33.0,-28.072098446133417,-33.0,-28.072098446133417,true,true,-13.446822300270387,-15.137971533189136,-8.554613112017693,-14.094934796016162,-18.37472385413697,-20.065873087055717,-13.482514665884274,-19.022836349882745,496.0,-1.3,0.69952681472
684,537971,2024-05-15T10:00:00.0,135.0,-36.0,-30.94967710649363,-36.0,-30.94967710649363,true,true,-13.007167771080923,-16.653921204203535,-8.22554439617124,-13.829949262152681,-18.05749066458729,-21.704244097709903,-13.275867289677608,-18.88027215565905,486.0,-1.6,0.67160443032
684,537972,2024-05-15T11:00:00.0,136.0,-44.0,-38.724528165347465,-44.0,-38.724528165347465,true,true,-12.957280369392482,-18.690114294566712,-8.656331877187961,-14.124978116151464,-18.23275220404502,-23.96558612921925,-13.931803711840498,-19.400449950804003,482.0,-2.5,0.6217361958400001
684,537973,2024-05-15T12:00:00.0,137.0,-46.0,-40.61763863528911,-46.0,-40.61763863528911,true,true,-13.451124088805116,-22.769826723843764,-11.339132932098616,-16.143223801871102,-18.83348545351601,-28.152188088554656,-16.72149429680951,-21.525585166581994,473.0,-1.3,0.5987346006400001
684,537974,2024-05-15T13:00:00.0,138.0,-44.0,-37.88167863151822,-44.0,-37.88167863151822,true,true,-13.14426961524942,-23.133166370097822,-10.486978265592303,-15.620282843051287,-19.262590983731204,-29.251487738579605,-16.605299634074086,-21.73860421153307,456.0,1.1,0.45213187968
684,537975,2024-05-15T14:00:00.0,139.0,-41.0,-35.3012614299382,-41.0,-35.3012614299382,true,true,-12.15893827551331,-20.1288590493059,-9.125033036294601,-14.804541166662023,-17.857676845575106,-25.827597619367694,-14.823771606356399,-20.50327973672382,461.0,0.5,0.5331939369
684,537976,2024-05-15T15:00:00.0,140.0,-40.0,-34.23226453497155,-40.0,-34.23226453497155,true,true,-11.621599678829739,-17.514721510435002,-7.939963810801796,-14.03140015821741,-17.389335143858194,-23.282456975463457,-13.707699275830251,-19.799135623245867,455.0,0.3,0.5194050225000001
684,537977,2024-05-15T16:00:00.0,141.0,-40.0,-34.186266604993776,-40.0,-34.186266604993776,true,true,-11.325479682468599,-15.240082353235652,-6.908799679528835,-13.298635073093191,-17.139213077474825,-21.053815748241878,-12.722533074535061,-19.11236846809942,451.0,-0.6,0.5103127689000001
684,537978,2024-05-15T17:00:00.0,142.0,-38.0,-32.151768157510446,-38.0,-32.151768157510446,true,true,-10.980027788034374,-14.722090878789462,-6.0115529679017135,-12.520830123812427,-16.82825963052393,-20.57032272127902,-11.859784810391268,-18.369061966301985,448.0,-1.1,0.5035462656
684,537979,2024-05-15T18:00:00.0,143.0,-32.0,-26.117269710027117,-32.0,-26.117269710027117,true,true,-10.80521072125346,-15.471251024401221,-5.230831803239154,-11.736522647056223,-16.687941011226343,-21.353981314374106,-11.113562093212039,-17.619252937029106,445.0,-0.4,0.49682492250000004
684,537980,2024-05-15T19:00:00.0,144.0,-32.0,-26.693867469505335,-32.0,-26.693867469505335,true,true,-10.562429888367085,-14.423197644608855,-4.551502997623679,-11.075247228593929,-15.868562418861751,-19.72933017510352,-9.857635528118346,-16.381379759088595,452.0,-0.1,0.61509396672
684,537981,2024-05-15T20:00:00.0,145.0,-36.0,-32.38960180971376,-36.0,-32.38960180971376,true,true,-10.274758351346197,-12.794135093360952,-3.9603987122180064,-10.485281830837149,-13.885156541632435,-16.40453328364719,-7.570796902504245,-14.095680021123387,447.0,-1.0,1.03602165354
684,537982,2024-05-15T21:00:00.0,146.0,-42.0,-38.34000716669555,-42.0,-38.34000716669555,true,true,-10.33324533401209,-13.54635910721018,-3.446061217124759,-9.829249017615826,-13.993238167316541,-17.20635194051463,-7.10605405042921,-13.489241850920276,444.0,-2.8,1.0221619881600001
684,537983,2024-05-15T22:00:00.0,147.0,-44.0,-39.89142344471453,-44.0,-39.89142344471453,true,true,-11.503463351201235,-18.500371690689377,-7.011800799316347,-12.350157766297622,-15.6120399064867,-22.608948245974844,-11.120377354601814,-16.458734321583087,431.0,-0.4,0.90104116094
684,537984,2024-05-15T23:00:00.0,148.0,-49.0,-45.40996052645769,-49.0,-45.40996052645769,true,true,-11.335184266401354,-17.028686016573875,-6.101177318885653,-11.655909693023414,-14.925223739943668,-20.61872549011619,-9.691216792427968,-15.24594916656573,428.0,-1.6,1.04173809856
684,537985,2024-05-16T00:00:00.0,149.0,-49.0,-45.13832942342114,-49.0,-45.13832942342114,true,true,-11.494817840401268,-18.51508835208376,-6.306736628121283,-11.719937550037189,-15.356488416980127,-22.37675892866262,-10.168407204700141,-15.581608126616047,425.0,-0.5,0.9667628000000001
684,537986,2024-05-16T01:00:00.0,150.0,-51.0,-46.535894196946884,-51.0,-46.535894196946884,true,true,-11.350629138969,-17.258031423241714,-5.487679923170467,-11.050233071127405,-15.814734942022113,-21.72213722629483,-9.951785726223582,-15.51433887418052,416.0,-1.2,0.81046970368
684,537987,2024-05-16T02:00:00.0,151.0,-48.0,-44.18078184185989,-48.0,-44.18078184185989,true,true,-11.401694688885717,-17.71240864100253,-4.774994218862615,-10.38601967755693,-15.220912847025826,-21.53162679914264,-8.594212377002723,-14.20523783569704,421.0,-0.7,0.97829587878
684,537988,2024-05-16T03:00:00.0,152.0,-46.0,-42.44787785634943,-46.0,-42.44787785634943,true,true,-11.367239534522314,-17.00347583048272,-4.1548650995298075,-9.772772546178084,-14.919361678172887,-20.555597974133292,-7.70698724318038,-13.324894689828657,424.0,-1.1,1.0524266816
684,537989,2024-05-16T04:00:00.0,153.0,-39.0,-34.7652932272279,-39.0,-34.7652932272279,true,true,-11.62564881128561,-17.313792216134317,-3.6152722294610014,-9.156941899016282,-15.86035558405771,-21.548498988906417,-7.849979002233102,-13.391648671788381,416.0,-1.4,0.8683603968000001
684,537990,2024-05-16T05:00:00.0,154.0,-29.0,-26.255297928712736,-29.0,-26.255297928712736,true,true,-11.900356614720614,-18.21020777248051,-3.590716355505027,-8.961992135058269,-14.64505868600788,-20.954909843767773,-6.335418426792293,-11.706694206345535,424.0,-4.4,1.29298135168
684,537991,2024-05-16T06:00:00.0,155.0,-37.0,-38.89606233005799,-37.0,-38.89606233005799,true,true,-14.116646416808663,-25.919485724106416,-10.49862955608879,-14.169471726935868,-12.220584086750677,-24.02342339404843,-8.602567226030803,-12.27340939687788,441.0,2.0,3.15530252982
684,537992,2024-05-16T07:00:00.0,156.0,-32.0,-42.12631769713037,-32.0,-42.12631769713037,true,true,-14.106343799301875,-22.55331874694974,-9.135171172181156,-13.42949609805519,-3.9800261021715073,-12.42700104981937,0.9911465249492117,-3.3031784009248213,491.0,1.9,8.4678736926
684,537993,2024-05-16T08:00:00.0,157.0,-38.0,-46.09849710225548,-38.0,-46.09849710225548,true,true,-15.568970078712526,-19.624316312280943,-7.9487853056641224,-12.728164389137769,-7.470472976457048,-11.525819210025464,0.14971179659135636,-4.62966728688229,446.0,-6.8,6.92030355328
684,537994,2024-05-16T09:00:00.0,158.0,-74.0,-82.9689341843453,-74.0,-82.9689341843453,true,true,-22.41895673540593,-33.45282380419251,-20.59359552570774,-22.413958123849994,-13.450022551060634,-24.483889619847215,-11.624661341362444,-13.445023939504697,463.0,-8.2,7.5654807363400005
684,537995,2024-05-16T10:00:00.0,159.0,-82.0,-91.4415822074838,-82.0,-91.4415822074838,true,true,-31.036046060800942,-49.609941232219455,-35.720742600291146,-33.999046153725445,-21.59446385331714,-40.16835902473565,-26.279160392807345,-24.557463946241644,460.0,-7.9,7.927856384
684,537996,2024-05-16T11:00:00.0,160.0,-73.0,-88.22826813518675,-73.0,-88.22826813518675,true,true,-39.03098930973112,-62.790691721541606,-48.005285119733855,-43.4363904211267,-23.802721174544367,-47.56242358635485,-32.7770169845471,-28.20812228593995,458.0,3.2,13.051667110080002
684,537997,2024-05-16T12:00:00.0,161.0,-63.0,-76.33869676189502,-63.0,-76.33869676189502,true,true,-38.98535704755756,-54.63605643302971,-41.7708325067814,-41.168001666937734,-25.646660285662527,-41.29735967113468,-28.432135744886374,-27.829304905042704,454.0,1.4,11.238837664160002
684,537998,2024-05-16T13:00:00.0,162.0,-73.0,-82.22013404531081,-73.0,-82.22013404531081,true,true,-38.89312152373316,-47.5404646884804,-36.34604906434226,-39.01807550805752,-29.672987478422346,-38.320330643169584,-27.12591501903145,-29.79794146274671,452.0,4.3,7.75701835808
684,537999,2024-05-16T14:00:00.0,163.0,-71.0,-74.42996436996916,-71.0,-74.42996436996916,true,true,-37.80476050846985,-41.366378365301124,-31.62578295209002,-36.98042544472433,-34.3747961385007,-37.936413995331975,-28.19581858212087,-33.550461074755184,440.0,9.2,3.9505473920000003
684,538000,2024-05-16T15:00:00.0,164.0,-73.0,-72.47483856401351,-73.0,-72.47483856401351,true,true,-36.107384004142844,-35.99412143474254,-27.518538412857552,-35.04918805619732,-36.63254544012933,-36.51928287072902,-28.043699848844035,-35.574349492183806,431.0,9.1,2.08171578562
684,538001,2024-05-16T16:00:00.0,165.0,-69.0,-69.41505963670906,-69.0,-69.41505963670906,true,true,-34.075714803779086,-31.3195602094513,-23.944702255343586,-33.218806128525394,-33.66065516707002,-30.904500572742236,-23.529642618634522,-32.80374649181633,417.0,5.4,2.4721973019
684,538002,2024-05-16T17:00:00.0,166.0,-68.0,-66.53868868172765,-68.0,-66.53868868172765,true,true,-32.14195000188791,-27.25208485757451,-20.835000663740523,-31.484012663438566,-33.603261320160264,-28.71339617584686,-22.296311982012874,-32.945323981710914,408.0,6.7,1.72625165568
684,538003,2024-05-16T18:00:00.0,167.0,-64.0,-62.04317821570207,-64.0,-62.04317821570207,true,true,-30.284496952735044,-23.712853057889507,-18.1291564216963,-29.83981572234673,-32.24131873703297,-25.669674842187433,-20.085978205994227,-31.796637506644657,407.0,6.0,1.55156129744
684,538004,2024-05-16T19:00:00.0,168.0,-58.0,-57.45733036096428,-58.0,-57.45733036096428,true,true,-28.754494100002773,-20.63326175167009,-15.774720522774704,-28.281484061833794,-29.2971637390385,-21.175931390705816,-16.31739016181043,-28.82415370086952,404.0,3.9,2.07476262016
684,538005,2024-05-16T20:00:00.0,169.0,-54.0,-53.11448355723631,-54.0,-53.11448355723631,true,true,-27.277681701890636,-17.953617368336314,-13.72605551981695,-26.804533519312763,-28.16319814465433,-18.839133811100005,-14.611571962580642,-27.690049962076458,396.0,3.3,1.9409492678400002
684,538006,2024-05-16T21:00:00.0,170.0,-52.0,-51.114483557236305,-52.0,-51.114483557236305,true,true,-25.571272329164998,-15.621978749071857,-11.943450906853709,-25.404714109665942,-26.456788771928693,-16.507495191835552,-12.828967349617402,-26.290230552429634,396.0,6.1,1.9409492678400002
684,538007,2024-05-16T22:00:00.0,171.0,-51.0,-49.83352568064641,-51.0,-49.83352568064641,true,true,-24.26857471374065,-13.593150340101486,-10.392353386483098,-24.077997795740306,-25.435049033094245,-14.759624659455078,-11.55882770583669,-25.2444721150939,385.0,4.1,1.8346163990000002
684,538008,2024-05-16T23:00:00.0,172.0,-49.0,-47.54482955159744,-49.0,-47.54482955159744,true,true,-23.075114740507203,-11.827806140088306,-9.042697102524254,-22.82056689750713,-24.530285188909765,-13.28297658849087,-10.497867550926818,-24.275737345909697,387.0,3.1,1.7284750428600002
684,538009,2024-05-17T00:00:00.0,173.0,-51.0,-50.91027767080833,-51.0,-50.91027767080833,true,true,-22.137012017098815,-10.291727420596319,-7.868320855443183,-21.628803106532818,-22.226734346290492,-10.381449749787995,-7.958043184634859,-21.718525435724494,379.0,3.5,2.25838700404
684,538010,2024-05-17T01:00:00.0,174.0,-52.0,-51.15450535554373,-52.0,-51.15450535554373,true,true,-21.200204463587763,-8.955139443895497,-6.846461004086925,-20.499277074149532,-22.045699108044026,-9.800634088351762,-7.69195564854319,-21.3447717186058,380.0,3.0,1.956339864
684,538011,2024-05-17T02:00:00.0,175.0,-51.0,-50.67811793882635,-51.0,-50.67811793882635,true,true,-20.382807762063884,-7.792134321311666,-5.957310224335377,-19.42873854336527,-20.704689823237537,-8.114016382485318,-6.279192285509028,-19.750620604538923,377.0,2.6,2.1632971851400002
684,538012,2024-05-17T03:00:00.0,176.0,-50.0,-49.39526758174644,-50.0,-49.39526758174644,true,true,-19.611881849034422,-6.780168825037424,-5.183633571824289,-18.414106996117464,-20.216614267287984,-7.384901243290986,-5.788365990077851,-19.018839414371026,382.0,1.9,2.0502088521600004
684,538013,2024-05-17T04:00:00.0,177.0,-43.0,-42.187198930056496,-43.0,-42.187198930056496,true,true,-18.899070736284553,-5.899627419188408,-4.510434406652303,-17.452462788957263,-19.711871806228054,-6.712428489131908,-5.323235476595803,-18.265263858900763,391.0,3.4,1.96895745662
684,538014,2024-05-17T05:00:00.0,178.0,-37.0,-38.89545321943905,-37.0,-38.89545321943905,true,true,-17.60690006351938,-5.133442040073031,-3.9246637044896664,-16.541038751657037,-15.711446844080328,-3.237988820633979,-2.0292104850506156,-14.645585532217986,405.0,2.3,3.1550044725000004
684,538015,2024-05-17T06:00:00.0,179.0,-39.0,-39.896085416518574,-39.0,-39.896085416518574,true,true,-16.549360707248777,-4.4667612556479614,-3.4149671194910085,-15.677212224565759,-15.653275290730203,-3.570675839129388,-2.5188817029724344,-14.781126808047185,391.0,1.0,2.6849419863
684,538016,2024-05-17T07:00:00.0,180.0,-34.0,-33.800824272992095,-34.0,-33.800824272992095,true,true,-16.04671707104886,-3.8866623912780964,-2.971464896180488,-14.858497511799431,-16.245892798056765,-4.085838118286003,-3.170640623188395,-15.057673238807338,390.0,6.5,2.213301402
684,538017,2024-05-17T08:00:00.0,181.0,-31.0,-30.66774871224736,-31.0,-30.66774871224736,true,true,-15.238508954707497,-3.3819010417614606,-2.5855603642089964,-14.082538728550324,-15.570760242460134,-3.714152329514098,-2.9178116519616335,-14.41479001630296,383.0,8.5,2.1590977883200004
684,538018,2024-05-17T09:00:00.0,182.0,-30.0,-28.32850608055174,-30.0,-28.32850608055174,true,true,-14.108748716697557,-2.9426931142599724,-2.2497733039221135,-13.34710302193284,-15.780242636145815,-4.61418703370823,-3.9212672233703714,-15.018596941381098,381.0,8.5,1.65101476248
684,538019,2024-05-17T10:00:00.0,183.0,-30.0,-29.576658219053158,-30.0,-29.576658219053158,true,true,-13.263632187321058,-2.560525177343093,-1.9575949527633973,-12.650074145858733,-13.686973968267903,-2.983866958289939,-2.380936733710243,-13.073415926805579,391.0,7.9,2.1223827129800004
684,538020,2024-05-17T11:00:00.0,184.0,-34.0,-33.51170959351626,-34.0,-33.51170959351626,true,true,-12.282311382173463,-2.2279894400258082,-1.7033618420149041,-11.989446371453111,-12.770601788657203,-2.716279846509549,-2.191652248498645,-12.477736777936851,384.0,5.8,2.0963966976000004
684,538021,2024-05-17T12:00:00.0,185.0,-40.0,-38.470838624840866,-40.0,-38.470838624840866,true,true,-11.593192310285358,-1.9386401621003786,-1.4821460183766049,-11.363318715488218,-13.122353685444489,-3.4678015372595095,-3.011307393535736,-12.892480090647348,384.0,5.3,1.7017808486400001
684,538022,2024-05-17T13:00:00.0,186.0,-28.0,-26.709573590656667,-28.0,-26.709573590656667,true,true,-11.002525933914686,-1.6868687124769528,-1.2896595224835392,-10.769889470227053,-12.292952343258017,-2.9772951218202834,-2.5800859318268703,-12.060315879570384,412.0,2.0,1.78865703072
684,538023,2024-05-17T14:00:00.0,187.0,-23.0,-25.587469816943347,-23.0,-25.587469816943347,true,true,-10.835792227408081,-1.4677948537137122,-1.1221712728103523,-10.207451018936247,-8.248322410464734,1.1196749632296346,1.4652985441329953,-7.6199812019929,472.0,6.0,3.50270807296
684,538024,2024-05-17T15:00:00.0,188.0,-21.0,-23.678272616442783,-21.0,-23.678272616442783,true,true,-11.202681846154986,-1.2771721454392042,-0.9764347438739429,-9.674384922149628,-8.524409229712203,1.4011004710035788,1.7018378725688397,-6.996112305706845,463.0,-6.7,3.5496805350600003
684,538025,2024-05-17T16:00:00.0,189.0,-36.0,-40.231200655684944,-36.0,-40.231200655684944,true,true,-16.78917180220533,-17.862645633044504,-14.900965036877327,-20.012707359044462,-12.557971146520387,-13.63144497735956,-10.669764381192383,-15.781506703359518,457.0,-9.4,4.401442551240001
684,538026,2024-05-17T17:00:00.0,190.0,-52.0,-56.52574711165656,-52.0,-56.52574711165656,true,true,-25.03592360737904,-38.74014152485691,-33.4630947723478,-33.93758040300327,-20.510176495722476,-34.214394413200345,-28.937347660691238,-29.411833291346703,464.0,-12.6,4.573321937919999
684,538027,2024-05-17T18:00:00.0,191.0,-66.0,-67.97235548005959,-66.0,-67.97235548005959,true,true,-35.9816049699435,-65.27951431383653,-57.98779830840653,-51.895240535581266,-34.0092494898839,-63.30715883377693,-56.015442828346934,-49.92288505552167,458.0,-12.8,3.19274652424
