storm_id,onset_time,min_dst_star,min_dst_star_time,recovery_end_time,duration_hr,solar_cycle,split,onset_idx,end_idx
1,1964-01-02T05:00:00.0,-99.48646264270789,1964-01-02T10:00:00.0,1964-01-04T12:00:00.0,103.0,19,exclude,8766,8869
2,1965-09-15T21:00:00.0,-56.077429462017534,1965-09-16T01:00:00.0,1965-09-16T05:00:00.0,56.0,20,train,23710,23766
3,1966-07-09T01:00:00.0,-72.89742717465963,1966-07-09T08:00:00.0,1966-07-11T00:00:00.0,95.0,20,train,30818,30913
4,1967-01-20T12:00:00.0,-56.87671243259339,1967-01-20T17:00:00.0,1967-01-21T12:00:00.0,72.0,20,train,35509,35581
5,1967-02-07T17:00:00.0,-124.2156628520537,1967-02-07T23:00:00.0,1967-02-10T13:00:00.0,116.0,20,train,35946,36062
6,1967-02-16T10:00:00.0,-142.94325473307154,1967-02-16T13:00:00.0,1967-02-19T01:00:00.0,111.0,20,train,36155,36266
7,1967-02-23T14:00:00.0,-69.42447335637591,1967-02-23T18:00:00.0,1967-02-24T15:00:00.0,73.0,20,train,36327,36400
8,1967-06-25T20:00:00.0,-80.57728465719825,1967-06-25T23:00:00.0,1967-06-26T11:00:00.0,63.0,20,train,39261,39324
9,1967-07-29T23:00:00.0,-52.710063757892854,1967-07-30T06:00:00.0,1967-07-31T06:00:00.0,79.0,20,train,40080,40159
10,1967-09-13T15:00:00.0,-53.30566472645201,1967-09-13T17:00:00.0,1967-09-14T00:00:00.0,57.0,20,train,41176,41233
11,1967-09-20T07:00:00.0,-109.26719046282867,1967-09-21T08:00:00.0,1967-09-23T15:00:00.0,128.0,20,train,41336,41464
12,1967-09-28T05:00:00.0,-100.093169846737,1967-09-29T08:00:00.0,1967-10-01T22:00:00.0,137.0,20,train,41526,41663
13,1967-10-09T19:00:00.0,-80.23460674121993,1967-10-10T01:00:00.0,1967-10-11T17:00:00.0,94.0,20,train,41804,41898
14,1967-12-01T03:00:00.0,-57.19762895878874,1967-12-01T23:00:00.0,1967-12-03T01:00:00.0,94.0,20,train,43060,43154
15,1967-12-31T04:00:00.0,-109.74446716918091,1968-01-02T10:00:00.0,1968-01-05T02:00:00.0,166.0,20,train,43781,43947
16,1968-02-03T14:00:00.0,-60.853411305676374,1968-02-04T11:00:00.0,1968-02-04T22:00:00.0,80.0,20,train,44607,44687
17,1968-02-10T17:00:00.0,-126.23481696759157,1968-02-11T10:00:00.0,1968-02-14T00:00:00.0,127.0,20,train,44778,44905
18,1968-02-18T06:00:00.0,-52.034649437351796,1968-02-18T18:00:00.0,1968-02-19T10:00:00.0,76.0,20,train,44959,45035
19,1968-02-28T13:00:00.0,-85.12750527757969,1968-02-28T20:00:00.0,1968-03-01T23:00:00.0,106.0,20,train,45206,45312
20,1968-03-05T08:00:00.0,-66.8654569008759,1968-03-05T12:00:00.0,1968-03-07T00:00:00.0,88.0,20,train,45345,45433
21,1968-03-30T16:00:00.0,-59.067795133283795,1968-03-30T22:00:00.0,1968-03-31T12:00:00.0,68.0,20,train,45953,46021
22,1968-04-05T18:00:00.0,-119.15668217953984,1968-04-05T21:00:00.0,1968-04-07T13:00:00.0,91.0,20,train,46099,46190
23,1968-09-07T20:00:00.0,-90.50784294651588,1968-09-08T08:00:00.0,1968-09-09T18:00:00.0,94.0,20,train,49821,49915
24,1969-01-24T18:00:00.0,-56.52029152950962,1969-01-25T08:00:00.0,1969-01-26T00:00:00.0,78.0,20,train,53155,53233
25,1969-02-02T18:00:00.0,-193.62764558786154,1969-02-02T22:00:00.0,1969-02-05T20:00:00.0,122.0,20,train,53371,53493
26,1969-02-10T22:00:00.0,-133.08477575544322,1969-02-11T19:00:00.0,1969-02-14T10:00:00.0,132.0,20,train,53567,53699
27,1969-03-17T00:00:00.0,-63.93570385682905,1969-03-20T02:00:00.0,1969-03-21T13:00:00.0,157.0,20,train,54385,54542
28,1969-03-23T19:00:00.0,-237.62106041704996,1969-03-24T01:00:00.0,1969-03-27T20:00:00.0,145.0,20,train,54548,54693
29,1969-04-02T17:00:00.0,-72.97217745018565,1969-04-03T00:00:00.0,1969-04-04T14:00:00.0,93.0,20,train,54786,54879
30,1969-04-06T23:00:00.0,-50.64954331215816,1969-04-07T06:00:00.0,1969-04-07T21:00:00.0,70.0,20,train,54888,54958
31,1969-04-13T14:00:00.0,-62.930944471344944,1969-04-13T20:00:00.0,1969-04-14T10:00:00.0,68.0,20,train,55047,55115
32,1971-03-31T14:00:00.0,-52.46564256343747,1971-04-04T02:00:00.0,1971-04-04T08:00:00.0,138.0,20,train,72255,72393
33,1971-04-09T06:00:00.0,-146.19748419534463,1971-04-15T01:00:00.0,1971-04-15T08:00:00.0,194.0,20,train,72463,72657
34,1971-04-21T17:00:00.0,-92.2151311088792,1971-04-22T01:00:00.0,1971-04-23T12:00:00.0,91.0,20,train,72762,72853
35,1971-05-02T01:00:00.0,-60.89853353086673,1971-05-07T06:00:00.0,1971-05-08T05:00:00.0,196.0,20,train,73010,73206
36,1971-05-16T23:00:00.0,-77.88507155448835,1971-05-17T15:00:00.0,1971-05-20T02:00:00.0,123.0,20,train,73368,73491
37,1972-01-15T16:00:00.0,-85.80799230365602,1972-01-21T15:00:00.0,1972-01-21T17:00:00.0,193.0,20,train,79217,79410
38,1972-02-17T14:00:00.0,-58.41798721341422,1972-02-17T21:00:00.0,1972-02-18T17:00:00.0,75.0,20,train,80007,80082
39,1972-02-24T08:00:00.0,-91.5483842129607,1972-02-24T15:00:00.0,1972-02-26T11:00:00.0,99.0,20,train,80169,80268
40,1972-03-06T23:00:00.0,-73.68342353768223,1972-03-07T06:00:00.0,1972-03-08T00:00:00.0,73.0,20,train,80448,80521
41,1972-03-29T12:00:00.0,-63.37932641673957,1972-03-30T07:00:00.0,1972-03-31T00:00:00.0,84.0,20,train,80989,81073
42,1972-04-20T23:00:00.0,-51.89460718473542,1972-04-21T09:00:00.0,1972-04-21T23:00:00.0,72.0,20,train,81528,81600
43,1972-05-15T20:00:00.0,-89.55098232743015,1972-05-16T01:00:00.0,1972-05-17T22:00:00.0,98.0,20,train,82125,82223
44,1972-10-11T00:00:00.0,-57.40556139878129,1972-10-11T07:00:00.0,1972-10-11T23:00:00.0,71.0,20,train,85681,85752
45,1972-11-16T01:00:00.0,-50.11549360679231,1972-11-16T12:00:00.0,1972-11-17T04:00:00.0,75.0,20,train,86546,86621
46,1973-01-05T17:00:00.0,-50.87731955830699,1973-01-05T19:00:00.0,1973-01-06T07:00:00.0,62.0,20,train,87762,87824
47,1973-01-19T23:00:00.0,-71.26719046282867,1973-01-21T05:00:00.0,1973-01-21T20:00:00.0,93.0,20,train,88104,88197
48,1973-02-21T17:00:00.0,-124.99077995426913,1973-02-21T22:00:00.0,1973-02-27T18:00:00.0,193.0,20,train,88890,89083
49,1973-03-18T22:00:00.0,-89.79325842652491,1973-03-19T14:00:00.0,1973-03-24T23:00:00.0,193.0,20,train,89495,89688
50,1973-03-28T16:00:00.0,-219.55543266278013,1973-04-01T22:00:00.0,1973-04-04T00:00:00.0,200.0,20,train,89729,89929
51,1973-04-11T04:00:00.0,-140.62253051751466,1973-04-14T08:00:00.0,1973-04-17T06:00:00.0,194.0,20,train,90053,90247
52,1973-04-19T22:00:00.0,-75.57481305802209,1973-04-20T00:00:00.0,1973-04-26T22:00:00.0,216.0,20,train,90263,90479
53,1973-05-13T22:00:00.0,-105.70644663146032,1973-05-14T02:00:00.0,1973-05-18T03:00:00.0,149.0,20,train,90839,90988
54,1973-05-21T04:00:00.0,-106.25805393207283,1973-05-21T08:00:00.0,1973-05-24T03:00:00.0,119.0,20,train,91013,91132
55,1973-06-10T20:00:00.0,-60.84279311908125,1973-06-11T00:00:00.0,1973-06-12T12:00:00.0,88.0,20,train,91509,91597
56,1973-09-23T02:00:00.0,-96.19265993902651,1973-09-26T13:00:00.0,1973-09-27T06:00:00.0,148.0,20,train,94011,94159
57,1973-11-21T17:00:00.0,-65.24091282185194,1973-11-21T21:00:00.0,1973-11-22T15:00:00.0,70.0,20,train,95442,95512
58,1973-12-04T17:00:00.0,-66.26719046282867,1973-12-04T22:00:00.0,1973-12-05T12:00:00.0,67.0,20,train,95754,95821
59,1974-01-25T06:00:00.0,-67.86355296999547,1974-01-25T21:00:00.0,1974-01-26T14:00:00.0,80.0,20,train,96991,97071
60,1974-03-16T14:00:00.0,-92.5496781800341,1974-03-16T19:00:00.0,1974-03-17T17:00:00.0,75.0,20,train,98199,98274
61,1974-03-20T18:00:00.0,-79.45497996374434,1974-03-21T17:00:00.0,1974-03-23T22:00:00.0,124.0,20,train,98299,98423
62,1974-04-18T03:00:00.0,-88.50930922015243,1974-04-18T09:00:00.0,1974-04-20T11:00:00.0,104.0,20,train,98980,99084
63,1974-07-05T00:00:00.0,-215.42948871197422,1974-07-06T06:00:00.0,1974-07-11T02:00:00.0,194.0,20,train,100849,101043
64,1974-07-23T02:00:00.0,-79.80274823156643,1974-07-23T11:00:00.0,1974-07-26T09:00:00.0,127.0,20,train,101283,101410
65,1974-08-02T19:00:00.0,-61.89070956657709,1974-08-02T22:00:00.0,1974-08-03T07:00:00.0,60.0,20,train,101540,101600
66,1974-09-21T16:00:00.0,-55.57605683714489,1974-09-26T06:00:00.0,1974-09-27T05:00:00.0,181.0,20,train,102737,102918
67,1974-10-08T21:00:00.0,-118.7319706596499,1974-10-13T14:00:00.0,1974-10-15T05:00:00.0,200.0,20,train,103150,103350
68,1974-10-24T03:00:00.0,-58.85858929338674,1974-10-24T07:00:00.0,1974-10-25T02:00:00.0,71.0,20,train,103516,103587
69,1974-11-08T20:00:00.0,-80.44051328120094,1974-11-12T20:00:00.0,1974-11-14T21:00:00.0,193.0,20,train,103893,104086
70,1975-03-27T14:00:00.0,-72.8980882592582,1975-03-27T18:00:00.0,1975-03-29T12:00:00.0,94.0,20,train,107223,107317
71,1975-04-08T13:00:00.0,-56.54598915692313,1975-04-09T06:00:00.0,1975-04-10T12:00:00.0,95.0,20,train,107510,107605
72,1975-04-20T18:00:00.0,-72.5519456955752,1975-04-20T21:00:00.0,1975-04-21T04:00:00.0,58.0,20,train,107803,107861
73,1975-07-07T20:00:00.0,-63.57445699751722,1975-07-08T05:00:00.0,1975-07-10T03:00:00.0,103.0,20,train,109677,109780
74,1975-07-25T06:00:00.0,-63.39885796892921,1975-07-25T08:00:00.0,1975-07-26T11:00:00.0,77.0,20,train,110095,110172
75,1975-10-07T23:00:00.0,-50.1238201882962,1975-10-08T23:00:00.0,1975-10-09T19:00:00.0,92.0,20,train,111888,111980
76,1975-10-31T02:00:00.0,-75.43720538252313,1975-11-03T08:00:00.0,1975-11-06T08:00:00.0,198.0,20,train,112443,112641
77,1975-11-17T12:00:00.0,-96.26719046282867,1975-11-22T18:00:00.0,1975-11-23T14:00:00.0,194.0,20,train,112861,113055
78,1975-11-29T10:00:00.0,-50.09797532775467,1975-11-29T17:00:00.0,1975-12-02T17:00:00.0,127.0,20,train,113147,113274
79,1975-12-27T04:00:00.0,-51.25842573198936,1975-12-27T22:00:00.0,1975-12-28T09:00:00.0,77.0,20,train,113813,113890
80,1976-02-27T15:00:00.0,-69.47328249246435,1976-02-29T05:00:00.0,1976-02-29T13:00:00.0,94.0,20,train,115312,115406
81,1976-03-07T20:00:00.0,-60.544088953905614,1976-03-08T04:00:00.0,1976-03-09T00:00:00.0,76.0,21,train,115533,115609
82,1976-04-01T20:00:00.0,-131.84406073651343,1976-04-01T20:00:00.0,1976-04-08T20:00:00.0,216.0,21,train,116133,116349
83,1976-10-30T17:00:00.0,-59.525138387536,1976-10-31T07:00:00.0,1976-11-01T10:00:00.0,89.0,21,train,121218,121307
84,1976-12-08T06:00:00.0,-68.93024195449775,1976-12-08T11:00:00.0,1976-12-08T23:00:00.0,65.0,21,train,122143,122208
85,1977-01-30T01:00:00.0,-95.97134237741741,1977-01-30T22:00:00.0,1977-02-01T00:00:00.0,95.0,21,train,123410,123505
86,1977-05-11T13:00:00.0,-58.522680403522514,1977-05-12T07:00:00.0,1977-05-13T08:00:00.0,91.0,21,train,125846,125937
87,1977-09-10T23:00:00.0,-57.45142071681694,1977-09-13T19:00:00.0,1977-09-14T15:00:00.0,136.0,21,train,128784,128920
88,1977-09-28T08:00:00.0,-50.475947335312966,1977-09-28T14:00:00.0,1977-09-29T14:00:00.0,78.0,21,train,129201,129279
89,1977-10-12T02:00:00.0,-74.90561128847563,1977-10-12T08:00:00.0,1977-10-12T22:00:00.0,68.0,21,train,129531,129599
90,1977-10-17T20:00:00.0,-94.63118091683152,1977-10-19T02:00:00.0,1977-10-23T23:00:00.0,195.0,21,train,129669,129864
91,1977-11-13T08:00:00.0,-65.6041452016811,1977-11-14T21:00:00.0,1977-11-17T12:00:00.0,148.0,21,train,130305,130453
92,1977-11-25T19:00:00.0,-90.70859821961383,1977-11-25T23:00:00.0,1977-11-26T17:00:00.0,70.0,21,train,130604,130674
93,1977-12-11T04:00:00.0,-115.1475184621001,1977-12-11T11:00:00.0,1977-12-14T18:00:00.0,134.0,21,train,130973,131107
94,1978-01-04T00:00:00.0,-119.00256580492925,1978-01-05T00:00:00.0,1978-01-07T19:00:00.0,139.0,21,train,131545,131684
95,1978-01-16T14:00:00.0,-57.293881010570644,1978-01-16T18:00:00.0,1978-01-17T12:00:00.0,70.0,21,train,131847,131917
96,1978-01-29T05:00:00.0,-96.1132863600968,1978-01-30T11:00:00.0,1978-02-01T18:00:00.0,133.0,21,train,132150,132283
97,1978-02-09T07:00:00.0,-118.43047457463877,1978-02-15T11:00:00.0,1978-02-15T11:00:00.0,196.0,21,train,132416,132612
98,1978-02-21T15:00:00.0,-65.26719046282867,1978-02-27T17:00:00.0,1978-02-27T19:00:00.0,196.0,21,train,132712,132908
99,1978-05-09T04:00:00.0,-138.76315845871824,1978-05-09T09:00:00.0,1978-05-13T18:00:00.0,158.0,21,train,134549,134707
100,1978-05-21T20:00:00.0,-64.74907682931054,1978-05-22T20:00:00.0,1978-05-25T11:00:00.0,135.0,21,train,134853,134988
101,1978-08-27T19:00:00.0,-236.11492042622805,1978-08-28T09:00:00.0,1978-09-03T03:00:00.0,200.0,21,train,137204,137404
102,1978-09-06T05:00:00.0,-79.96480564824279,1978-09-08T04:00:00.0,1978-09-08T18:00:00.0,109.0,21,train,137430,137539
103,1978-09-25T06:00:00.0,-222.44107512793767,1978-09-29T10:00:00.0,1978-10-01T11:00:00.0,197.0,21,train,137887,138084
104,1978-10-18T01:00:00.0,-67.48501593755513,1978-10-19T07:00:00.0,1978-10-20T02:00:00.0,97.0,21,train,138434,138531
105,1978-10-26T22:00:00.0,-103.6349488509228,1978-10-27T08:00:00.0,1978-10-29T02:00:00.0,100.0,21,train,138647,138747
106,1978-10-31T07:00:00.0,-68.71976269063828,1978-11-01T08:00:00.0,1978-11-03T16:00:00.0,129.0,21,train,138752,138881
107,1978-11-10T18:00:00.0,-103.20345481518027,1978-11-12T12:00:00.0,1978-11-14T09:00:00.0,135.0,21,train,139003,139138
108,1978-11-24T16:00:00.0,-154.03373879260488,1978-11-25T18:00:00.0,1978-11-28T23:00:00.0,151.0,21,train,139337,139488
109,1978-12-14T06:00:00.0,-78.63433054621393,1978-12-18T16:00:00.0,1978-12-20T06:00:00.0,192.0,21,train,139807,139999
110,1978-12-25T14:00:00.0,-57.57582902673178,1978-12-31T01:00:00.0,1978-12-31T15:00:00.0,193.0,21,train,140079,140272
111,1979-01-02T23:00:00.0,-95.52505740280063,1979-01-07T20:00:00.0,1979-01-09T04:00:00.0,197.0,21,train,140280,140477
112,1979-01-22T20:00:00.0,-90.83139665669421,1979-01-24T00:00:00.0,1979-01-25T01:00:00.0,101.0,21,train,140757,140858
113,1979-02-04T16:00:00.0,-52.943906865815904,1979-02-04T23:00:00.0,1979-02-05T21:00:00.0,77.0,21,train,141065,141142
114,1979-02-11T22:00:00.0,-65.53441600733866,1979-02-12T06:00:00.0,1979-02-12T19:00:00.0,69.0,21,train,141239,141308
115,1979-02-21T05:00:00.0,-119.79972191439578,1979-02-21T21:00:00.0,1979-02-25T19:00:00.0,158.0,21,train,141462,141620
116,1979-02-28T11:00:00.0,-79.21206633427897,1979-03-04T11:00:00.0,1979-03-05T20:00:00.0,177.0,21,train,141636,141813
117,1979-03-10T18:00:00.0,-140.33740271807514,1979-03-10T23:00:00.0,1979-03-12T14:00:00.0,92.0,21,train,141883,141975
118,1979-03-22T11:00:00.0,-89.78553785894023,1979-03-22T16:00:00.0,1979-03-23T22:00:00.0,83.0,21,train,142164,142247
119,1979-03-26T17:00:00.0,-126.5788117625575,1979-03-29T21:00:00.0,1979-04-02T17:00:00.0,216.0,21,train,142266,142482
120,1979-04-05T07:00:00.0,-56.2649963758646,1979-04-05T21:00:00.0,1979-04-06T18:00:00.0,83.0,21,train,142496,142579
121,1979-04-16T02:00:00.0,-100.29665209504026,1979-04-22T03:00:00.0,1979-04-22T04:00:00.0,194.0,21,train,142755,142949
122,1979-04-25T02:00:00.0,-146.0877822333421,1979-04-25T12:00:00.0,1979-05-01T02:00:00.0,192.0,21,train,142971,143163
123,1979-05-21T15:00:00.0,-73.53113540820013,1979-05-22T10:00:00.0,1979-05-23T09:00:00.0,90.0,21,train,143608,143698
124,1979-06-22T15:00:00.0,-51.40928364343743,1979-06-22T18:00:00.0,1979-06-23T10:00:00.0,67.0,21,train,144376,144443
125,1979-07-26T21:00:00.0,-91.91252585860987,1979-07-27T02:00:00.0,1979-07-27T10:00:00.0,61.0,21,train,145198,145259
126,1979-08-13T12:00:00.0,-77.56789932648462,1979-08-13T21:00:00.0,1979-08-15T00:00:00.0,84.0,21,train,145621,145705
127,1979-08-19T00:00:00.0,-66.5175287496568,1979-08-19T02:00:00.0,1979-08-19T21:00:00.0,69.0,21,train,145753,145822
128,1979-08-29T06:00:00.0,-141.59207825556592,1979-08-29T18:00:00.0,1979-08-31T11:00:00.0,101.0,21,train,145999,146100
129,1979-09-18T00:00:00.0,-161.98164183557614,1979-09-18T16:00:00.0,1979-09-21T01:00:00.0,121.0,21,train,146473,146594
130,1979-10-06T12:00:00.0,-76.6590415960359,1979-10-08T10:00:00.0,1979-10-11T01:00:00.0,157.0,21,train,146917,147074
131,1979-11-13T02:00:00.0,-93.80538503269436,1979-11-13T16:00:00.0,1979-11-15T05:00:00.0,99.0,21,train,147819,147918
132,1979-11-24T04:00:00.0,-61.921151755119325,1979-11-25T03:00:00.0,1979-11-25T18:00:00.0,86.0,21,train,148085,148171
133,1980-01-01T02:00:00.0,-98.54924855112773,1980-01-01T22:00:00.0,1980-01-03T00:00:00.0,94.0,21,train,148995,149089
134,1980-01-13T12:00:00.0,-62.508595499009274,1980-01-13T22:00:00.0,1980-01-14T19:00:00.0,79.0,21,train,149293,149372
135,1980-01-27T16:00:00.0,-68.79846903929847,1980-01-29T02:00:00.0,1980-01-30T22:00:00.0,126.0,21,train,149633,149759
136,1980-02-06T08:00:00.0,-88.9048270079411,1980-02-06T19:00:00.0,1980-02-09T05:00:00.0,117.0,21,train,149865,149982
137,1980-02-15T20:00:00.0,-131.12202190765467,1980-02-16T08:00:00.0,1980-02-19T12:00:00.0,136.0,21,train,150093,150229
138,1980-03-26T01:00:00.0,-72.7903221918569,1980-03-26T10:00:00.0,1980-03-27T08:00:00.0,79.0,21,train,151034,151113
139,1980-04-09T10:00:00.0,-81.29925799617922,1980-04-11T21:00:00.0,1980-04-12T22:00:00.0,132.0,21,train,151379,151511
140,1980-05-11T09:00:00.0,-63.62387468299782,1980-05-12T04:00:00.0,1980-05-13T02:00:00.0,89.0,21,train,152146,152235
141,1980-05-25T04:00:00.0,-128.53301880315357,1980-05-25T13:00:00.0,1980-05-26T23:00:00.0,91.0,21,train,152477,152568
142,1980-06-01T04:00:00.0,-54.57922624075009,1980-06-01T15:00:00.0,1980-06-02T08:00:00.0,76.0,21,train,152645,152721
143,1980-06-11T03:00:00.0,-72.44405937264455,1980-06-11T16:00:00.0,1980-06-14T07:00:00.0,124.0,21,train,152884,153008
144,1980-07-18T21:00:00.0,-86.26858107517104,1980-07-18T22:00:00.0,1980-07-20T10:00:00.0,85.0,21,train,153790,153875
145,1980-07-25T18:00:00.0,-92.90095420633074,1980-07-25T22:00:00.0,1980-07-27T03:00:00.0,81.0,21,train,153955,154036
146,1980-08-27T07:00:00.0,-58.5254305326647,1980-08-27T11:00:00.0,1980-08-28T02:00:00.0,67.0,21,train,154736,154803
147,1980-09-05T17:00:00.0,-51.70480766204636,1980-09-05T21:00:00.0,1980-09-06T04:00:00.0,59.0,21,train,154962,155021
148,1980-09-12T06:00:00.0,-57.86699270408644,1980-09-13T10:00:00.0,1980-09-14T07:00:00.0,97.0,21,train,155119,155216
149,1980-10-04T04:00:00.0,-76.86062301174051,1980-10-04T15:00:00.0,1980-10-06T15:00:00.0,107.0,21,train,155645,155752
150,1980-10-10T20:00:00.0,-102.14009946248234,1980-10-11T08:00:00.0,1980-10-13T05:00:00.0,105.0,21,train,155805,155910
151,1980-10-22T19:00:00.0,-92.09206088173363,1980-10-23T14:00:00.0,1980-10-27T10:00:00.0,159.0,21,train,156092,156251
152,1980-10-31T13:00:00.0,-62.92308721608249,1980-10-31T16:00:00.0,1980-11-02T11:00:00.0,94.0,21,train,156302,156396
153,1980-11-27T06:00:00.0,-64.10444238825167,1980-11-30T22:00:00.0,1980-12-01T13:00:00.0,151.0,21,train,156943,157094
154,1980-12-19T13:00:00.0,-240.95060686313582,1980-12-19T18:00:00.0,1980-12-22T23:00:00.0,130.0,21,train,157478,157608
155,1980-12-30T07:00:00.0,-51.88818286678591,1980-12-30T09:00:00.0,1980-12-30T23:00:00.0,64.0,21,train,157736,157800
156,1981-02-05T06:00:00.0,-129.98833866778023,1981-02-07T00:00:00.0,1981-02-08T14:00:00.0,128.0,21,train,158623,158751
157,1981-02-24T17:00:00.0,-71.35312604972175,1981-03-02T10:00:00.0,1981-03-02T22:00:00.0,197.0,21,train,159090,159287
158,1981-03-05T04:00:00.0,-220.26030077747046,1981-03-05T17:00:00.0,1981-03-09T08:00:00.0,148.0,21,train,159293,159441
159,1981-03-14T08:00:00.0,-93.50647752240357,1981-03-14T15:00:00.0,1981-03-16T18:00:00.0,106.0,21,train,159513,159619
160,1981-03-25T12:00:00.0,-74.71621080631684,1981-03-25T22:00:00.0,1981-03-28T02:00:00.0,110.0,21,train,159781,159891
161,1981-03-30T21:00:00.0,-61.91460392940678,1981-04-01T00:00:00.0,1981-04-02T21:00:00.0,120.0,21,train,159910,160030
162,1981-04-11T23:00:00.0,-322.9813448652407,1981-04-13T06:00:00.0,1981-04-16T04:00:00.0,149.0,21,train,160200,160349
163,1981-04-19T01:00:00.0,-96.59247205494435,1981-04-20T21:00:00.0,1981-04-25T02:00:00.0,193.0,21,train,160370,160563
164,1981-04-28T00:00:00.0,-54.61448187363699,1981-04-29T03:00:00.0,1981-04-30T07:00:00.0,103.0,21,train,160585,160688
165,1981-05-09T04:00:00.0,-143.09009845431126,1981-05-11T04:00:00.0,1981-05-13T07:00:00.0,147.0,21,train,160853,161000
166,1981-05-16T21:00:00.0,-135.4370832578173,1981-05-18T06:00:00.0,1981-05-22T01:00:00.0,172.0,21,train,161038,161210
167,1981-05-24T07:00:00.0,-58.267190462828665,1981-05-25T00:00:00.0,1981-05-26T18:00:00.0,107.0,21,train,161216,161323
168,1981-06-07T19:00:00.0,-67.68658861971349,1981-06-08T01:00:00.0,1981-06-08T15:00:00.0,68.0,21,train,161564,161632
169,1981-06-29T07:00:00.0,-75.86818428329228,1981-06-29T10:00:00.0,1981-06-30T04:00:00.0,69.0,21,train,162080,162149
170,1981-07-17T19:00:00.0,-91.11882413438252,1981-07-23T18:00:00.0,1981-07-23T20:00:00.0,193.0,21,train,162524,162717
171,1981-07-27T06:00:00.0,-94.69433462070582,1981-07-27T08:00:00.0,1981-08-02T11:00:00.0,197.0,21,train,162751,162948
172,1981-08-05T19:00:00.0,-58.36094523683187,1981-08-06T00:00:00.0,1981-08-08T09:00:00.0,110.0,21,train,162980,163090
173,1981-08-21T06:00:00.0,-111.14037372265246,1981-08-23T22:00:00.0,1981-08-26T03:00:00.0,165.0,21,train,163351,163516
174,1981-08-28T10:00:00.0,-60.13847767500454,1981-08-29T15:00:00.0,1981-08-30T23:00:00.0,109.0,21,train,163523,163632
175,1981-09-02T02:00:00.0,-54.20731037254458,1981-09-02T16:00:00.0,1981-09-03T00:00:00.0,70.0,21,train,163635,163705
176,1981-09-11T04:00:00.0,-64.1054629063329,1981-09-11T10:00:00.0,1981-09-12T00:00:00.0,68.0,21,train,163853,163921
177,1981-09-18T21:00:00.0,-78.57924685587108,1981-09-19T07:00:00.0,1981-09-20T20:00:00.0,95.0,21,train,164038,164133
178,1981-09-26T08:00:00.0,-84.1412519187962,1981-09-26T19:00:00.0,1981-09-28T13:00:00.0,101.0,21,train,164217,164318
179,1981-10-07T11:00:00.0,-116.01875242648158,1981-10-11T15:00:00.0,1981-10-13T14:00:00.0,195.0,21,train,164484,164679
180,1981-10-19T19:00:00.0,-198.7698576173059,1981-10-20T19:00:00.0,1981-10-26T14:00:00.0,211.0,21,train,164780,164991
181,1981-11-07T01:00:00.0,-126.30718670030333,1981-11-12T07:00:00.0,1981-11-13T04:00:00.0,195.0,21,train,165218,165413
182,1981-11-17T11:00:00.0,-78.83383676536867,1981-11-17T17:00:00.0,1981-11-23T14:00:00.0,195.0,21,train,165468,165663
183,1981-12-12T13:00:00.0,-57.339803667813314,1981-12-13T06:00:00.0,1981-12-14T01:00:00.0,84.0,21,train,166070,166154
184,1981-12-29T06:00:00.0,-79.58707971313038,1981-12-30T12:00:00.0,1981-12-31T05:00:00.0,95.0,21,train,166471,166566
185,1982-01-28T09:00:00.0,-134.67939658301236,1982-02-02T08:00:00.0,1982-02-03T10:00:00.0,193.0,21,train,167194,167387
186,1982-02-06T19:00:00.0,-106.51336571664086,1982-02-10T20:00:00.0,1982-02-13T19:00:00.0,216.0,21,train,167420,167636
187,1982-02-17T11:00:00.0,-92.33174665849646,1982-02-23T01:00:00.0,1982-02-23T16:00:00.0,197.0,21,train,167676,167873
188,1982-02-26T01:00:00.0,-219.86737538871262,1982-03-02T05:00:00.0,1982-03-04T06:00:00.0,197.0,21,train,167882,168079
189,1982-03-09T09:00:00.0,-50.1206314528243,1982-03-10T04:00:00.0,1982-03-10T17:00:00.0,80.0,21,train,168154,168234
190,1982-03-22T00:00:00.0,-63.14893166624782,1982-03-22T08:00:00.0,1982-03-22T17:00:00.0,65.0,21,train,168457,168522
191,1982-04-01T22:00:00.0,-88.68752700355721,1982-04-03T05:00:00.0,1982-04-05T17:00:00.0,139.0,21,train,168719,168858
192,1982-04-10T06:00:00.0,-140.11636615074892,1982-04-10T20:00:00.0,1982-04-12T21:00:00.0,111.0,21,train,168919,169030
193,1982-04-17T08:00:00.0,-60.036512924229385,1982-04-17T10:00:00.0,1982-04-18T00:00:00.0,64.0,21,train,169089,169153
194,1982-04-25T03:00:00.0,-80.24544551597997,1982-04-25T10:00:00.0,1982-04-26T23:00:00.0,92.0,21,train,169276,169368
195,1982-04-29T18:00:00.0,-65.91110587402348,1982-04-30T01:00:00.0,1982-05-02T12:00:00.0,114.0,21,train,169387,169501
196,1982-05-27T06:00:00.0,-60.99880124274651,1982-05-28T05:00:00.0,1982-05-29T11:00:00.0,101.0,21,train,170047,170148
197,1982-06-10T04:00:00.0,-69.76773732222868,1982-06-10T06:00:00.0,1982-06-10T23:00:00.0,67.0,21,train,170381,170448
198,1982-06-13T13:00:00.0,-53.42906463283521,1982-06-13T23:00:00.0,1982-06-14T20:00:00.0,79.0,21,train,170462,170541
199,1982-06-22T22:00:00.0,-65.35506882335171,1982-06-23T05:00:00.0,1982-06-23T23:00:00.0,73.0,21,train,170687,170760
200,1982-06-30T04:00:00.0,-56.0797805232348,1982-06-30T07:00:00.0,1982-07-01T00:00:00.0,68.0,21,train,170861,170929
201,1982-07-12T12:00:00.0,-348.6945208334168,1982-07-14T01:00:00.0,1982-07-18T18:00:00.0,198.0,21,train,171157,171355
202,1982-07-23T11:00:00.0,-75.7688882249885,1982-07-24T19:00:00.0,1982-07-29T04:00:00.0,185.0,21,train,171420,171605
203,1982-08-29T02:00:00.0,-55.449495964915954,1982-08-29T11:00:00.0,1982-08-31T06:00:00.0,100.0,21,train,172299,172399
204,1982-09-21T06:00:00.0,-218.4024463063979,1982-09-22T07:00:00.0,1982-09-25T16:00:00.0,154.0,21,train,172855,173009
205,1983-03-30T11:00:00.0,-55.66388091530045,1983-03-31T11:00:00.0,1983-04-02T13:00:00.0,122.0,21,train,177420,177542
206,1983-07-23T20:00:00.0,-75.97498794166684,1983-07-24T05:00:00.0,1983-07-25T10:00:00.0,86.0,21,train,180189,180275
207,1983-10-04T07:00:00.0,-77.13169421242493,1983-10-04T16:00:00.0,1983-10-05T04:00:00.0,69.0,21,train,181928,181997
208,1983-10-17T08:00:00.0,-68.51261571273494,1983-10-18T01:00:00.0,1983-10-20T02:00:00.0,114.0,21,train,182241,182355
209,1983-10-28T23:00:00.0,-57.556742861004196,1983-11-02T09:00:00.0,1983-11-02T22:00:00.0,167.0,21,train,182520,182687
210,1983-11-09T14:00:00.0,-90.37034674344162,1983-11-12T08:00:00.0,1983-11-14T10:00:00.0,164.0,21,train,182799,182963
211,1983-12-10T12:00:00.0,-64.64945609563725,1983-12-10T17:00:00.0,1983-12-11T08:00:00.0,68.0,21,train,183541,183609
212,1983-12-30T11:00:00.0,-75.9620034231541,1984-01-04T08:00:00.0,1984-01-04T16:00:00.0,173.0,21,train,184020,184193
213,1984-03-01T13:00:00.0,-88.68889373558079,1984-03-02T00:00:00.0,1984-03-04T14:00:00.0,121.0,21,train,185510,185631
214,1984-05-05T13:00:00.0,-60.24736357203879,1984-05-05T19:00:00.0,1984-05-06T16:00:00.0,75.0,21,train,187070,187145
215,1984-05-18T22:00:00.0,-79.08747231257837,1984-05-21T08:00:00.0,1984-05-24T06:00:00.0,176.0,21,train,187391,187567
216,1984-06-16T01:00:00.0,-57.90832352682102,1984-06-16T03:00:00.0,1984-06-17T01:00:00.0,72.0,21,train,188066,188138
217,1985-07-31T08:00:00.0,-61.10760336825254,1985-07-31T23:00:00.0,1985-08-01T07:00:00.0,71.0,21,train,197913,197984
218,1985-08-12T21:00:00.0,-56.50851331151483,1985-08-13T05:00:00.0,1985-08-14T12:00:00.0,87.0,21,train,198214,198301
219,1986-04-09T14:00:00.0,-53.378069142952796,1986-04-10T08:00:00.0,1986-04-11T02:00:00.0,84.0,21,train,203967,204051
220,1986-06-27T18:00:00.0,-59.34245154751629,1986-06-28T00:00:00.0,1986-06-28T13:00:00.0,67.0,21,train,205867,205934
221,1986-09-20T18:00:00.0,-63.08393220872637,1986-09-23T05:00:00.0,1986-09-25T05:00:00.0,155.0,22,train,207907,208062
222,1986-10-27T11:00:00.0,-64.40815359070206,1986-10-27T16:00:00.0,1986-10-28T12:00:00.0,73.0,22,train,208788,208861
223,1986-11-23T22:00:00.0,-106.43622325879089,1986-11-25T18:00:00.0,1986-11-28T11:00:00.0,157.0,22,train,209447,209604
224,1987-08-25T09:00:00.0,-96.26719046282867,1987-08-25T21:00:00.0,1987-08-28T06:00:00.0,117.0,22,train,216034,216151
225,1987-09-10T13:00:00.0,-87.45990358123974,1987-09-10T23:00:00.0,1987-09-13T07:00:00.0,114.0,22,train,216422,216536
226,1987-11-23T06:00:00.0,-74.78175137233652,1987-11-23T10:00:00.0,1987-11-28T21:00:00.0,183.0,22,train,218191,218374
227,1988-05-05T23:00:00.0,-166.72442957619216,1988-05-06T10:00:00.0,1988-05-10T21:00:00.0,166.0,22,train,222144,222310
228,1988-07-22T00:00:00.0,-51.959914315865596,1988-07-22T03:00:00.0,1988-07-23T18:00:00.0,90.0,22,train,223993,224083
229,1988-10-17T20:00:00.0,-72.06694237240117,1988-10-18T19:00:00.0,1988-10-20T03:00:00.0,103.0,22,train,226101,226204
230,1988-12-16T14:00:00.0,-78.32726853712177,1988-12-18T01:00:00.0,1988-12-20T16:00:00.0,146.0,22,train,227535,227681
231,1989-01-11T18:00:00.0,-138.58897117336684,1989-01-11T21:00:00.0,1989-01-17T18:00:00.0,192.0,22,train,228163,228355
232,1989-03-02T04:00:00.0,-76.35271779771735,1989-03-03T21:00:00.0,1989-03-07T12:00:00.0,176.0,22,train,229349,229525
233,1989-04-23T13:00:00.0,-137.99670583656822,1989-04-26T06:00:00.0,1989-04-29T16:00:00.0,195.0,22,train,230606,230801
234,1989-08-28T17:00:00.0,-166.57747957686428,1989-08-29T05:00:00.0,1989-09-01T08:00:00.0,135.0,22,train,233658,233793
235,1989-10-29T23:00:00.0,-79.11653695743351,1989-11-03T13:00:00.0,1989-11-04T11:00:00.0,180.0,22,train,235152,235332
236,1989-12-22T13:00:00.0,-65.89924956943167,1989-12-22T14:00:00.0,1989-12-22T20:00:00.0,55.0,22,train,236438,236493
237,1990-01-23T23:00:00.0,-57.90577395724989,1990-01-25T00:00:00.0,1990-01-25T20:00:00.0,93.0,22,train,237216,237309
238,1990-03-05T22:00:00.0,-58.0147988864487,1990-03-06T04:00:00.0,1990-03-07T08:00:00.0,82.0,22,train,238199,238281
239,1990-08-15T11:00:00.0,-56.25666611335805,1990-08-16T14:00:00.0,1990-08-16T21:00:00.0,82.0,22,train,242100,242182
240,1990-08-30T12:00:00.0,-50.94832384395893,1990-08-30T17:00:00.0,1990-08-31T15:00:00.0,75.0,22,train,242461,242536
241,1990-10-30T02:00:00.0,-52.91351277562677,1990-10-30T02:00:00.0,1990-10-30T15:00:00.0,61.0,22,train,243915,243976
242,1991-07-08T22:00:00.0,-197.15395527189386,1991-07-09T14:00:00.0,1991-07-12T09:00:00.0,131.0,22,train,249959,250090
243,1991-08-01T16:00:00.0,-117.83029338045571,1991-08-02T12:00:00.0,1991-08-07T23:00:00.0,199.0,22,train,250529,250728
244,1991-08-27T17:00:00.0,-111.65130515877823,1991-08-30T21:00:00.0,1991-09-02T18:00:00.0,193.0,22,train,251154,251347
245,1991-12-16T16:00:00.0,-57.92630815077136,1991-12-19T18:00:00.0,1991-12-20T21:00:00.0,149.0,22,train,253817,253966
246,1992-07-22T07:00:00.0,-74.47361855601885,1992-07-22T19:00:00.0,1992-07-23T10:00:00.0,75.0,22,train,259064,259139
247,1993-06-10T22:00:00.0,-50.97370971678667,1993-06-11T03:00:00.0,1993-06-11T14:00:00.0,64.0,22,train,266831,266895
248,1993-09-20T10:00:00.0,-64.30823109371065,1993-09-20T22:00:00.0,1993-09-22T11:00:00.0,97.0,22,train,269267,269364
249,1993-10-25T15:00:00.0,-85.80783319674902,1993-10-27T08:00:00.0,1993-10-30T12:00:00.0,165.0,22,train,270112,270277
250,1994-05-01T12:00:00.0,-84.91862913821852,1994-05-03T03:00:00.0,1994-05-07T15:00:00.0,195.0,22,train,274621,274816
251,1994-05-28T15:00:00.0,-75.46916844044323,1994-05-28T20:00:00.0,1994-06-03T11:00:00.0,188.0,22,train,275272,275460
252,1994-11-19T03:00:00.0,-58.60913104997742,1994-11-19T06:00:00.0,1994-11-21T12:00:00.0,105.0,22,train,279460,279565
253,1995-01-16T15:00:00.0,-101.2758737765021,1995-01-18T06:00:00.0,1995-01-19T23:00:00.0,128.0,22,train,280864,280992
254,1995-01-29T13:00:00.0,-61.25019698155283,1995-01-29T23:00:00.0,1995-02-01T23:00:00.0,130.0,22,train,281174,281304
255,1995-02-07T22:00:00.0,-78.6328824984161,1995-02-08T09:00:00.0,1995-02-09T07:00:00.0,81.0,22,train,281399,281480
256,1995-02-12T16:00:00.0,-51.65878681714935,1995-02-13T06:00:00.0,1995-02-16T07:00:00.0,135.0,22,train,281513,281648
257,1995-02-27T13:00:00.0,-91.97235548005959,1995-03-04T21:00:00.0,1995-03-05T20:00:00.0,199.0,22,train,281870,282069
258,1995-03-11T00:00:00.0,-70.25652460575182,1995-03-12T05:00:00.0,1995-03-15T00:00:00.0,144.0,22,train,282145,282289
259,1995-03-26T09:00:00.0,-107.39862949299193,1995-03-26T16:00:00.0,1995-03-29T00:00:00.0,111.0,22,train,282514,282625
260,1995-04-01T19:00:00.0,-154.098152884551,1995-04-07T18:00:00.0,1995-04-08T04:00:00.0,201.0,22,train,282668,282869
261,1995-04-23T08:00:00.0,-54.21849101614657,1995-04-24T03:00:00.0,1995-04-25T13:00:00.0,101.0,22,train,283185,283286
262,1995-05-02T10:00:00.0,-61.137933015890226,1995-05-05T06:00:00.0,1995-05-08T17:00:00.0,199.0,22,train,283403,283602
263,1995-05-16T12:00:00.0,-90.10826980353018,1995-05-16T22:00:00.0,1995-05-19T23:00:00.0,131.0,22,train,283741,283872
264,1995-05-23T20:00:00.0,-69.74841427331083,1995-05-23T22:00:00.0,1995-05-25T15:00:00.0,91.0,22,train,283917,284008
265,1995-06-18T06:00:00.0,-50.08923865990447,1995-06-18T10:00:00.0,1995-06-18T20:00:00.0,62.0,22,train,284527,284589
266,1995-06-30T17:00:00.0,-53.650396055367494,1995-07-01T01:00:00.0,1995-07-01T13:00:00.0,68.0,22,train,284826,284894
267,1995-07-24T13:00:00.0,-53.85190449984378,1995-07-24T20:00:00.0,1995-07-25T10:00:00.0,69.0,22,train,285398,285467
268,1995-08-22T21:00:00.0,-61.18836651881816,1995-08-23T04:00:00.0,1995-08-23T15:00:00.0,66.0,22,train,286102,286168
269,1995-09-05T11:00:00.0,-65.65762503148574,1995-09-05T13:00:00.0,1995-09-07T02:00:00.0,87.0,22,train,286428,286515
270,1995-09-15T02:00:00.0,-55.011435898482716,1995-09-15T10:00:00.0,1995-09-15T23:00:00.0,69.0,22,train,286659,286728
271,1995-09-27T11:00:00.0,-110.72227549150082,1995-09-27T20:00:00.0,1995-09-29T08:00:00.0,93.0,22,train,286956,287049
272,1995-10-02T13:00:00.0,-95.52596858648059,1995-10-04T13:00:00.0,1995-10-08T22:00:00.0,201.0,22,train,287078,287279
273,1995-10-18T14:00:00.0,-122.7935723817512,1995-10-18T22:00:00.0,1995-10-19T19:00:00.0,77.0,22,train,287463,287540
274,1995-10-22T01:00:00.0,-56.58255624049994,1995-10-23T02:00:00.0,1995-10-24T22:00:00.0,117.0,22,train,287546,287663
275,1995-10-30T13:00:00.0,-58.647219494357074,1995-10-30T17:00:00.0,1995-11-02T21:00:00.0,128.0,22,train,287750,287878
276,1995-11-27T14:00:00.0,-66.20827754440752,1995-12-01T19:00:00.0,1995-12-02T20:00:00.0,174.0,22,train,288423,288597
277,1995-12-24T08:00:00.0,-65.66369670079501,1995-12-24T15:00:00.0,1995-12-25T13:00:00.0,77.0,22,train,289065,289142
278,1996-01-13T03:00:00.0,-89.26719046282867,1996-01-13T10:00:00.0,1996-01-16T01:00:00.0,118.0,22,train,289540,289658
279,1996-03-11T00:00:00.0,-63.481635761318245,1996-03-11T03:00:00.0,1996-03-11T13:00:00.0,61.0,22,train,290929,290990
280,1996-03-20T15:00:00.0,-65.51406431986119,1996-03-21T22:00:00.0,1996-03-22T11:00:00.0,92.0,22,train,291160,291252
281,1996-03-24T15:00:00.0,-59.71415450445626,1996-03-25T01:00:00.0,1996-03-25T10:00:00.0,67.0,22,train,291256,291323
282,1996-04-14T13:00:00.0,-58.880919526448494,1996-04-15T00:00:00.0,1996-04-16T01:00:00.0,84.0,22,train,291758,291842
283,1996-08-29T01:00:00.0,-52.13031716755455,1996-08-29T07:00:00.0,1996-08-30T08:00:00.0,79.0,23,train,295034,295113
284,1996-09-11T08:00:00.0,-54.34791710652078,1996-09-12T08:00:00.0,1996-09-13T12:00:00.0,100.0,23,train,295353,295453
285,1996-09-23T01:00:00.0,-52.06121074138453,1996-09-26T19:00:00.0,1996-09-27T17:00:00.0,160.0,23,train,295634,295794
286,1996-10-18T16:00:00.0,-108.33626174646902,1996-10-23T04:00:00.0,1996-10-25T16:00:00.0,216.0,23,train,296249,296465
287,1997-01-10T06:00:00.0,-76.05819377286873,1997-01-10T09:00:00.0,1997-01-10T23:00:00.0,65.0,23,train,298255,298320
288,1997-02-09T17:00:00.0,-60.16371642382367,1997-02-10T11:00:00.0,1997-02-12T15:00:00.0,118.0,23,train,298986,299104
289,1997-02-16T18:00:00.0,-54.26508932521118,1997-02-17T08:00:00.0,1997-02-18T08:00:00.0,86.0,23,train,299155,299241
290,1997-02-27T19:00:00.0,-92.60345948548479,1997-02-27T23:00:00.0,1997-03-02T20:00:00.0,121.0,23,train,299420,299541
291,1997-03-28T15:00:00.0,-62.926485294854075,1997-03-28T23:00:00.0,1997-03-29T12:00:00.0,69.0,23,train,300112,300181
292,1997-04-10T22:00:00.0,-87.20602121402464,1997-04-11T04:00:00.0,1997-04-11T15:00:00.0,65.0,23,train,300431,300496
293,1997-04-16T19:00:00.0,-106.58575677827059,1997-04-21T23:00:00.0,1997-04-23T01:00:00.0,198.0,23,train,300572,300770
294,1997-05-01T19:00:00.0,-66.04588800978489,1997-05-01T23:00:00.0,1997-05-03T00:00:00.0,77.0,23,train,300932,301009
295,1997-05-15T07:00:00.0,-113.19519214395885,1997-05-15T12:00:00.0,1997-05-18T13:00:00.0,126.0,23,train,301256,301382
296,1997-05-26T23:00:00.0,-72.39821843266496,1997-05-27T04:00:00.0,1997-05-28T14:00:00.0,87.0,23,train,301536,301623
297,1997-06-08T09:00:00.0,-86.58089434361037,1997-06-09T04:00:00.0,1997-06-10T22:00:00.0,109.0,23,train,301834,301943
298,1997-08-28T04:00:00.0,-50.718189544892276,1997-08-28T05:00:00.0,1997-08-28T11:00:00.0,55.0,23,train,303773,303828
299,1997-09-03T20:00:00.0,-100.9445050020043,1997-09-03T22:00:00.0,1997-09-05T09:00:00.0,85.0,23,train,303933,304018
300,1997-09-17T17:00:00.0,-53.9368394922723,1997-09-18T04:00:00.0,1997-09-19T00:00:00.0,79.0,23,train,304266,304345
301,1997-10-01T06:00:00.0,-99.80002122448802,1997-10-01T16:00:00.0,1997-10-03T00:00:00.0,90.0,23,train,304591,304681
302,1997-10-09T05:00:00.0,-130.6870457518017,1997-10-11T03:00:00.0,1997-10-14T00:00:00.0,163.0,23,train,304782,304945
303,1997-10-23T22:00:00.0,-66.79352275323183,1997-10-24T13:00:00.0,1997-10-29T22:00:00.0,192.0,23,train,305135,305327
304,1997-11-07T00:00:00.0,-116.70498506658308,1997-11-07T04:00:00.0,1997-11-09T07:00:00.0,103.0,23,train,305473,305576
305,1997-11-22T11:00:00.0,-110.525138387536,1997-11-23T06:00:00.0,1997-11-25T20:00:00.0,129.0,23,train,305844,305973
306,1997-12-10T11:00:00.0,-59.06738135499842,1997-12-10T15:00:00.0,1997-12-12T00:00:00.0,85.0,23,train,306276,306361
307,1997-12-30T05:00:00.0,-74.97189434120642,1997-12-30T17:00:00.0,1997-12-31T23:00:00.0,90.0,23,train,306750,306840
308,1998-01-06T17:00:00.0,-77.33293690550971,1998-01-07T04:00:00.0,1998-01-07T20:00:00.0,75.0,23,train,306930,307005
309,1998-01-30T02:00:00.0,-54.70892170585137,1998-01-30T12:00:00.0,1998-01-31T02:00:00.0,72.0,23,train,307491,307563
310,1998-02-17T16:00:00.0,-105.33786346547664,1998-02-18T00:00:00.0,1998-02-20T09:00:00.0,113.0,23,train,307937,308050
311,1998-03-10T15:00:00.0,-119.92351822950897,1998-03-10T21:00:00.0,1998-03-14T12:00:00.0,141.0,23,train,308440,308581
312,1998-03-21T10:00:00.0,-87.41996701879137,1998-03-21T15:00:00.0,1998-03-23T05:00:00.0,91.0,23,train,308699,308790
313,1998-03-25T11:00:00.0,-54.22258496054326,1998-03-25T16:00:00.0,1998-03-26T03:00:00.0,64.0,23,train,308796,308860
314,1998-03-29T15:00:00.0,-50.70428138848988,1998-03-29T19:00:00.0,1998-03-30T03:00:00.0,60.0,23,train,308896,308956
315,1998-04-24T01:00:00.0,-73.3366843823472,1998-04-24T07:00:00.0,1998-04-25T13:00:00.0,84.0,23,train,309506,309590
316,1998-05-02T10:00:00.0,-225.6806197158827,1998-05-04T05:00:00.0,1998-05-07T22:00:00.0,180.0,23,train,309707,309887
317,1998-06-14T06:00:00.0,-53.74576901172658,1998-06-14T10:00:00.0,1998-06-14T22:00:00.0,64.0,23,train,310735,310799
318,1998-06-26T01:00:00.0,-101.97902219278744,1998-06-26T04:00:00.0,1998-06-27T05:00:00.0,76.0,23,train,311018,311094
319,1998-07-16T04:00:00.0,-58.889979998228654,1998-07-16T16:00:00.0,1998-07-17T10:00:00.0,78.0,23,train,311501,311579
320,1998-08-06T05:00:00.0,-149.25746824636127,1998-08-06T11:00:00.0,1998-08-09T01:00:00.0,116.0,23,train,312006,312122
321,1998-08-26T12:00:00.0,-153.91382028431127,1998-08-27T09:00:00.0,1998-09-01T08:00:00.0,188.0,23,train,312493,312681
322,1998-09-18T11:00:00.0,-53.87130741948093,1998-09-24T07:00:00.0,1998-09-24T13:00:00.0,194.0,23,train,313044,313238
323,1998-09-30T22:00:00.0,-56.94934268457649,1998-10-01T01:00:00.0,1998-10-02T07:00:00.0,81.0,23,train,313343,313424
324,1998-10-07T15:00:00.0,-67.30166376770956,1998-10-07T22:00:00.0,1998-10-10T07:00:00.0,112.0,23,train,313504,313616
325,1998-10-19T03:00:00.0,-109.95127478204132,1998-10-19T15:00:00.0,1998-10-22T04:00:00.0,121.0,23,train,313780,313901
326,1998-11-05T15:00:00.0,-153.11682038704504,1998-11-08T06:00:00.0,1998-11-11T18:00:00.0,195.0,23,train,314200,314395
327,1998-11-14T20:00:00.0,-61.382506308000075,1998-11-14T20:00:00.0,1998-11-16T19:00:00.0,95.0,23,train,314421,314516
328,1998-12-10T22:00:00.0,-71.51220999801926,1998-12-11T15:00:00.0,1998-12-12T02:00:00.0,76.0,23,train,315047,315123
329,1998-12-25T09:00:00.0,-56.769214781535126,1998-12-29T11:00:00.0,1998-12-30T06:00:00.0,165.0,23,train,315394,315559
330,1999-01-13T12:00:00.0,-115.56152879883454,1999-01-13T23:00:00.0,1999-01-16T19:00:00.0,127.0,23,train,315853,315980
331,1999-01-23T17:00:00.0,-53.74970706928461,1999-01-23T22:00:00.0,1999-01-25T20:00:00.0,99.0,23,train,316098,316197
332,1999-02-18T04:00:00.0,-124.84136712569068,1999-02-18T14:00:00.0,1999-02-21T12:00:00.0,128.0,23,train,316709,316837
333,1999-02-28T19:00:00.0,-101.27695710322632,1999-03-01T00:00:00.0,1999-03-05T12:00:00.0,161.0,23,train,316964,317125
334,1999-03-09T03:00:00.0,-84.35462394590661,1999-03-10T08:00:00.0,1999-03-11T11:00:00.0,104.0,23,train,317164,317268
335,1999-03-29T13:00:00.0,-59.38269901283634,1999-03-29T14:00:00.0,1999-03-31T18:00:00.0,101.0,23,train,317654,317755
336,1999-04-16T23:00:00.0,-94.60039477954427,1999-04-17T03:00:00.0,1999-04-18T14:00:00.0,87.0,23,train,318096,318183
337,1999-05-13T05:00:00.0,-50.436223258790896,1999-05-13T14:00:00.0,1999-05-14T05:00:00.0,72.0,23,train,318726,318798
338,1999-08-20T04:00:00.0,-63.25495298822089,1999-08-23T01:00:00.0,1999-08-25T01:00:00.0,165.0,23,train,321101,321266
339,1999-09-12T17:00:00.0,-75.0231597481109,1999-09-13T02:00:00.0,1999-09-14T22:00:00.0,101.0,23,train,321666,321767
340,1999-09-22T21:00:00.0,-178.2179959389511,1999-09-22T23:00:00.0,1999-09-25T01:00:00.0,100.0,23,train,321910,322010
341,1999-09-29T02:00:00.0,-58.99316193396932,1999-09-30T03:00:00.0,1999-09-30T21:00:00.0,91.0,23,train,322059,322150
342,1999-10-10T06:00:00.0,-67.9427629864023,1999-10-10T18:00:00.0,1999-10-11T18:00:00.0,84.0,23,train,322327,322411
343,1999-10-14T12:00:00.0,-65.88786107793163,1999-10-15T05:00:00.0,1999-10-17T23:00:00.0,131.0,23,train,322429,322560
344,1999-10-22T00:00:00.0,-251.24481090625568,1999-10-22T07:00:00.0,1999-10-28T01:00:00.0,193.0,23,train,322609,322802
345,1999-11-07T05:00:00.0,-75.09231779844971,1999-11-08T14:00:00.0,1999-11-10T09:00:00.0,124.0,23,train,322998,323122
346,1999-11-12T15:00:00.0,-103.74464080878415,1999-11-13T22:00:00.0,1999-11-15T17:00:00.0,122.0,23,train,323128,323250
347,1999-12-13T03:00:00.0,-82.91360585625101,1999-12-13T09:00:00.0,1999-12-14T05:00:00.0,74.0,23,train,323860,323934
348,2000-01-11T17:00:00.0,-79.4169507932079,2000-01-11T22:00:00.0,2000-01-13T03:00:00.0,82.0,23,train,324570,324652
349,2000-01-22T18:00:00.0,-104.70283692151614,2000-01-23T03:00:00.0,2000-01-25T15:00:00.0,117.0,23,train,324835,324952
350,2000-02-11T21:00:00.0,-143.26267554088844,2000-02-12T11:00:00.0,2000-02-16T00:00:00.0,147.0,23,train,325318,325465
351,2000-03-31T06:00:00.0,-60.22566270194153,2000-04-05T02:00:00.0,2000-04-05T18:00:00.0,180.0,23,train,326479,326659
352,2000-04-09T01:00:00.0,-61.43709353300271,2000-04-10T05:00:00.0,2000-04-11T20:00:00.0,115.0,23,train,326690,326805
353,2000-04-15T23:00:00.0,-79.98214670465573,2000-04-16T10:00:00.0,2000-04-17T04:00:00.0,77.0,23,train,326856,326933
354,2000-04-24T12:00:00.0,-58.013716613584876,2000-04-24T14:00:00.0,2000-04-25T09:00:00.0,69.0,23,train,327061,327130
355,2000-05-17T01:00:00.0,-96.2878982895802,2000-05-17T05:00:00.0,2000-05-18T11:00:00.0,82.0,23,train,327602,327684
356,2000-05-24T02:00:00.0,-147.61300202805154,2000-05-24T08:00:00.0,2000-05-26T20:00:00.0,114.0,23,train,327771,327885
357,2000-05-29T17:00:00.0,-50.70523635695309,2000-05-29T21:00:00.0,2000-05-30T15:00:00.0,70.0,23,train,327906,327976
358,2000-06-08T14:00:00.0,-90.06937102772326,2000-06-08T19:00:00.0,2000-06-09T21:00:00.0,79.0,23,train,328143,328222
359,2000-06-26T08:00:00.0,-74.41009222990094,2000-06-26T17:00:00.0,2000-06-27T19:00:00.0,83.0,23,train,328569,328652
360,2000-07-14T18:00:00.0,-316.52405399002646,2000-07-16T00:00:00.0,2000-07-18T19:00:00.0,145.0,23,train,329011,329156
361,2000-07-22T00:00:00.0,-61.847278225772484,2000-07-23T22:00:00.0,2000-07-24T22:00:00.0,118.0,23,train,329185,329303
362,2000-07-28T02:00:00.0,-72.42295882883951,2000-07-29T11:00:00.0,2000-07-30T08:00:00.0,102.0,23,train,329331,329433
363,2000-08-05T21:00:00.0,-103.12862839161583,2000-08-12T04:00:00.0,2000-08-12T04:00:00.0,199.0,23,train,329542,329741
364,2000-08-28T22:00:00.0,-60.14308108199893,2000-08-29T06:00:00.0,2000-08-29T13:00:00.0,63.0,23,train,330095,330158
365,2000-09-02T05:00:00.0,-53.05561286246551,2000-09-02T10:00:00.0,2000-09-02T19:00:00.0,62.0,23,train,330198,330260
366,2000-09-12T11:00:00.0,-215.0922159957812,2000-09-17T23:00:00.0,2000-09-18T15:00:00.0,196.0,23,train,330444,330640
367,2000-09-25T14:00:00.0,-75.83634942335149,2000-09-30T14:00:00.0,2000-10-01T18:00:00.0,196.0,23,train,330759,330955
368,2000-10-13T01:00:00.0,-103.92731077106251,2000-10-14T14:00:00.0,2000-10-15T19:00:00.0,114.0,23,train,331178,331292
369,2000-10-22T17:00:00.0,-123.07873036655036,2000-10-29T02:00:00.0,2000-10-29T07:00:00.0,206.0,23,train,331410,331616
370,2000-11-04T06:00:00.0,-168.30901071108747,2000-11-06T21:00:00.0,2000-11-08T10:00:00.0,148.0,23,train,331711,331859
371,2000-11-26T20:00:00.0,-120.60574229155841,2000-11-29T13:00:00.0,2000-11-30T22:00:00.0,146.0,23,train,332253,332399
372,2001-01-21T13:00:00.0,-57.658666852283844,2001-01-24T18:00:00.0,2001-01-25T15:00:00.0,146.0,23,train,333590,333736
373,2001-03-04T20:00:00.0,-74.45556401616402,2001-03-05T02:00:00.0,2001-03-05T16:00:00.0,68.0,23,train,334605,334673
374,2001-03-27T22:00:00.0,-401.2951674449146,2001-03-31T08:00:00.0,2001-04-02T22:00:00.0,192.0,23,train,335159,335351
375,2001-04-08T14:00:00.0,-278.39213320101436,2001-04-11T23:00:00.0,2001-04-14T14:00:00.0,192.0,23,train,335439,335631
376,2001-04-18T02:00:00.0,-127.74867744655566,2001-04-18T06:00:00.0,2001-04-19T18:00:00.0,88.0,23,train,335667,335755
377,2001-04-22T06:00:00.0,-103.19832126107619,2001-04-22T15:00:00.0,2001-04-24T17:00:00.0,107.0,23,train,335767,335874
378,2001-05-08T16:00:00.0,-75.11021133590222,2001-05-10T01:00:00.0,2001-05-12T05:00:00.0,133.0,23,train,336161,336294
379,2001-06-18T05:00:00.0,-65.91356706622305,2001-06-18T08:00:00.0,2001-06-19T10:00:00.0,77.0,23,train,337134,337211
380,2001-08-17T18:00:00.0,-116.02836856580524,2001-08-17T21:00:00.0,2001-08-19T05:00:00.0,83.0,23,train,338587,338670
381,2001-09-13T04:00:00.0,-57.12630644489383,2001-09-13T07:00:00.0,2001-09-13T22:00:00.0,66.0,23,train,339221,339287
382,2001-09-23T11:00:00.0,-107.75493383664715,2001-09-26T01:00:00.0,2001-09-29T15:00:00.0,196.0,23,train,339468,339664
383,2001-10-02T07:00:00.0,-164.3915412979577,2001-10-03T14:00:00.0,2001-10-05T12:00:00.0,125.0,23,train,339680,339805
384,2001-10-09T12:00:00.0,-77.21518027119764,2001-10-11T19:00:00.0,2001-10-14T00:00:00.0,156.0,23,train,339853,340009
385,2001-10-19T13:00:00.0,-202.89755061459493,2001-10-21T21:00:00.0,2001-10-25T08:00:00.0,187.0,23,train,340094,340281
386,2001-10-28T04:00:00.0,-160.03278508166375,2001-10-28T11:00:00.0,2001-10-31T03:00:00.0,119.0,23,train,340301,340420
387,2001-11-05T20:00:00.0,-294.4330101098323,2001-11-06T06:00:00.0,2001-11-11T21:00:00.0,193.0,23,train,340509,340702
388,2001-11-18T21:00:00.0,-222.56057091195635,2001-11-24T15:00:00.0,2001-11-25T21:00:00.0,216.0,23,train,340822,341038
389,2001-12-21T18:00:00.0,-64.70149055233689,2001-12-21T22:00:00.0,2001-12-22T18:00:00.0,72.0,23,train,341611,341683
390,2001-12-30T03:00:00.0,-60.65777742583033,2001-12-30T05:00:00.0,2001-12-30T15:00:00.0,60.0,23,train,341812,341872
391,2002-01-10T12:00:00.0,-74.37972274978432,2002-01-11T06:00:00.0,2002-01-13T01:00:00.0,109.0,23,train,342085,342194
392,2002-02-02T04:00:00.0,-89.34304172843477,2002-02-05T20:00:00.0,2002-02-07T11:00:00.0,175.0,23,train,342629,342804
393,2002-02-28T22:00:00.0,-75.44924552178483,2002-03-01T01:00:00.0,2002-03-01T21:00:00.0,71.0,23,train,343271,343342
394,2002-03-23T18:00:00.0,-102.40490322316998,2002-03-24T09:00:00.0,2002-03-25T19:00:00.0,97.0,23,train,343819,343916
395,2002-04-17T12:00:00.0,-154.17124042953404,2002-04-20T06:00:00.0,2002-04-23T04:00:00.0,184.0,23,train,344413,344597
396,2002-05-11T14:00:00.0,-110.6776811588753,2002-05-11T19:00:00.0,2002-05-13T11:00:00.0,93.0,23,train,344991,345084
397,2002-05-19T03:00:00.0,-117.62847674166221,2002-05-23T17:00:00.0,2002-05-25T06:00:00.0,195.0,23,train,345172,345367
398,2002-08-01T11:00:00.0,-102.13209895980471,2002-08-02T05:00:00.0,2002-08-03T17:00:00.0,102.0,23,train,346956,347058
399,2002-08-18T23:00:00.0,-103.149902104783,2002-08-21T06:00:00.0,2002-08-22T17:00:00.0,138.0,23,train,347376,347514
400,2002-09-04T03:00:00.0,-184.17353521531027,2002-09-08T00:00:00.0,2002-09-10T03:00:00.0,192.0,23,train,347764,347956
401,2002-09-30T09:00:00.0,-180.3462450138027,2002-10-01T16:00:00.0,2002-10-06T14:00:00.0,197.0,23,train,348394,348591
402,2002-10-13T09:00:00.0,-103.68457289289928,2002-10-14T13:00:00.0,2002-10-20T07:00:00.0,214.0,23,train,348706,348920
403,2002-10-24T01:00:00.0,-100.9356929858997,2002-10-24T20:00:00.0,2002-10-30T00:00:00.0,191.0,23,train,348962,349153
404,2002-11-02T00:00:00.0,-74.8765645111224,2002-11-03T06:00:00.0,2002-11-08T11:00:00.0,203.0,23,train,349177,349380
405,2002-11-20T17:00:00.0,-132.60587138851986,2002-11-21T10:00:00.0,2002-11-26T18:00:00.0,193.0,23,train,349626,349819
406,2002-12-19T09:00:00.0,-80.89527433376989,2002-12-21T03:00:00.0,2002-12-22T10:00:00.0,121.0,23,train,350314,350435
407,2002-12-26T04:00:00.0,-75.28855729343256,2002-12-27T06:00:00.0,2002-12-30T02:00:00.0,142.0,23,train,350477,350619
408,2003-01-29T19:00:00.0,-78.4235520043247,2003-02-02T15:00:00.0,2003-02-03T19:00:00.0,168.0,23,train,351308,351476
409,2003-02-27T00:00:00.0,-68.13683079403964,2003-03-04T00:00:00.0,2003-03-05T02:00:00.0,194.0,23,train,351985,352179
410,2003-03-16T18:00:00.0,-61.63099810782043,2003-03-20T19:00:00.0,2003-03-21T13:00:00.0,163.0,23,train,352411,352574
411,2003-03-27T06:00:00.0,-75.98876966902651,2003-03-31T15:00:00.0,2003-04-02T16:00:00.0,202.0,23,train,352663,352865
412,2003-04-04T19:00:00.0,-62.05833271190485,2003-04-04T23:00:00.0,2003-04-06T11:00:00.0,88.0,23,train,352868,352956
413,2003-04-24T06:00:00.0,-66.73343651194931,2003-04-30T02:00:00.0,2003-04-30T20:00:00.0,206.0,23,train,353335,353541
414,2003-05-09T10:00:00.0,-88.33451688369759,2003-05-10T07:00:00.0,2003-05-12T00:00:00.0,110.0,23,train,353699,353809
415,2003-05-21T17:00:00.0,-74.48424798718366,2003-05-22T02:00:00.0,2003-05-23T20:00:00.0,99.0,23,train,353994,354093
416,2003-05-28T14:00:00.0,-182.48506177964583,2003-05-29T23:00:00.0,2003-06-01T09:00:00.0,139.0,23,train,354159,354298
417,2003-06-16T11:00:00.0,-146.74544490646468,2003-06-18T09:00:00.0,2003-06-20T08:00:00.0,141.0,23,train,354612,354753
418,2003-06-24T02:00:00.0,-53.660568709962064,2003-06-24T13:00:00.0,2003-06-25T02:00:00.0,72.0,23,train,354795,354867
419,2003-07-11T05:00:00.0,-107.56309370296017,2003-07-12T05:00:00.0,2003-07-14T10:00:00.0,125.0,23,train,355206,355331
420,2003-07-26T18:00:00.0,-57.35823683493406,2003-07-29T23:00:00.0,2003-07-30T12:00:00.0,138.0,23,train,355579,355717
421,2003-08-06T00:00:00.0,-61.97464326968641,2003-08-07T21:00:00.0,2003-08-09T00:00:00.0,120.0,23,train,355825,355945
422,2003-08-17T19:00:00.0,-143.4876006438196,2003-08-18T15:00:00.0,2003-08-20T14:00:00.0,115.0,23,train,356108,356223
423,2003-09-16T06:00:00.0,-64.86572951078749,2003-09-17T23:00:00.0,2003-09-20T23:00:00.0,161.0,23,train,356815,356976
424,2003-09-24T01:00:00.0,-60.492076490987,2003-09-24T07:00:00.0,2003-09-26T03:00:00.0,98.0,23,train,357002,357100
425,2003-10-14T05:00:00.0,-89.70307648472813,2003-10-14T22:00:00.0,2003-10-18T00:00:00.0,139.0,23,train,357486,357625
426,2003-10-20T02:00:00.0,-62.98221693466911,2003-10-21T21:00:00.0,2003-10-23T00:00:00.0,118.0,23,train,357627,357745
427,2003-11-04T09:00:00.0,-80.80284226303888,2003-11-04T10:00:00.0,2003-11-05T15:00:00.0,78.0,23,train,357994,358072
428,2003-11-10T12:00:00.0,-63.29222423781532,2003-11-11T13:00:00.0,2003-11-13T03:00:00.0,111.0,23,train,358141,358252
429,2003-11-15T04:00:00.0,-432.2185661893837,2003-11-20T20:00:00.0,2003-11-21T09:00:00.0,197.0,23,train,358253,358450
430,2003-12-05T05:00:00.0,-53.62632983040663,2003-12-06T04:00:00.0,2003-12-06T11:00:00.0,78.0,23,train,358734,358812
431,2003-12-10T10:00:00.0,-51.19695817839018,2003-12-10T19:00:00.0,2003-12-11T10:00:00.0,72.0,23,train,358859,358931
432,2004-01-22T06:00:00.0,-134.4691797622844,2004-01-22T13:00:00.0,2004-01-27T12:00:00.0,174.0,23,train,359887,360061
433,2004-02-11T12:00:00.0,-99.1468621135278,2004-02-11T17:00:00.0,2004-02-13T10:00:00.0,94.0,23,train,360373,360467
434,2004-03-09T15:00:00.0,-82.7744930916173,2004-03-10T05:00:00.0,2004-03-11T10:00:00.0,91.0,23,train,361024,361115
435,2004-04-03T16:00:00.0,-118.15724506146594,2004-04-04T00:00:00.0,2004-04-04T14:00:00.0,70.0,23,train,361625,361695
436,2004-07-17T00:00:00.0,-83.41508749361584,2004-07-23T01:00:00.0,2004-07-23T01:00:00.0,193.0,23,train,364129,364322
437,2004-07-25T23:00:00.0,-172.22890123516652,2004-07-27T13:00:00.0,2004-08-01T06:00:00.0,199.0,23,train,364344,364543
438,2004-08-30T07:00:00.0,-135.51491761982334,2004-08-30T22:00:00.0,2004-09-01T19:00:00.0,108.0,23,train,365192,365300
439,2004-11-07T21:00:00.0,-379.0304380823484,2004-11-08T06:00:00.0,2004-11-13T21:00:00.0,192.0,23,train,366862,367054
440,2004-11-25T01:00:00.0,-54.31558676776254,2004-11-25T04:00:00.0,2004-11-25T22:00:00.0,69.0,23,train,367274,367343
441,2004-12-13T00:00:00.0,-51.69066670245644,2004-12-13T04:00:00.0,2004-12-13T15:00:00.0,63.0,23,train,367705,367768
442,2005-01-01T18:00:00.0,-99.67478863898998,2005-01-08T02:00:00.0,2005-01-08T09:00:00.0,207.0,23,train,368179,368386
443,2005-01-12T03:00:00.0,-82.52658338299707,2005-01-17T17:00:00.0,2005-01-18T07:00:00.0,196.0,23,train,368428,368624
444,2005-01-21T19:00:00.0,-116.58238988594661,2005-01-21T22:00:00.0,2005-01-24T06:00:00.0,107.0,23,train,368660,368767
445,2005-02-07T14:00:00.0,-58.59252736981662,2005-02-07T21:00:00.0,2005-02-09T02:00:00.0,84.0,23,train,369063,369147
446,2005-02-18T00:00:00.0,-83.06242307773655,2005-02-18T02:00:00.0,2005-02-19T05:00:00.0,77.0,23,train,369313,369390
447,2005-03-06T14:00:00.0,-54.55826327707058,2005-03-07T00:00:00.0,2005-03-08T17:00:00.0,99.0,23,train,369711,369810
448,2005-04-04T19:00:00.0,-70.00142534668434,2005-04-05T04:00:00.0,2005-04-06T10:00:00.0,87.0,23,train,370412,370499
449,2005-04-11T20:00:00.0,-62.674814701883946,2005-04-12T05:00:00.0,2005-04-12T21:00:00.0,73.0,23,train,370581,370654
450,2005-05-07T23:00:00.0,-115.82315205345351,2005-05-08T18:00:00.0,2005-05-11T01:00:00.0,122.0,23,train,371208,371330
451,2005-05-15T06:00:00.0,-257.0440529648306,2005-05-15T08:00:00.0,2005-05-19T21:00:00.0,159.0,23,train,371383,371542
452,2005-05-30T07:00:00.0,-114.3731581673681,2005-05-30T13:00:00.0,2005-06-01T22:00:00.0,111.0,23,train,371744,371855
453,2005-06-12T18:00:00.0,-101.72939765662021,2005-06-12T22:00:00.0,2005-06-14T06:00:00.0,84.0,23,train,372067,372151
454,2005-06-23T03:00:00.0,-91.70920304144215,2005-06-23T10:00:00.0,2005-06-24T12:00:00.0,81.0,23,train,372316,372397
455,2005-07-09T09:00:00.0,-100.42149229207592,2005-07-10T20:00:00.0,2005-07-13T05:00:00.0,140.0,23,train,372706,372846
456,2005-07-17T23:00:00.0,-68.01818905651264,2005-07-18T06:00:00.0,2005-07-19T08:00:00.0,81.0,23,train,372912,372993
457,2005-08-24T08:00:00.0,-213.040054796267,2005-08-24T11:00:00.0,2005-08-28T06:00:00.0,142.0,23,train,373809,373951
458,2005-08-31T13:00:00.0,-124.57960595322663,2005-08-31T18:00:00.0,2005-09-06T05:00:00.0,184.0,23,train,373982,374166
459,2005-09-10T15:00:00.0,-138.75858051742836,2005-09-11T10:00:00.0,2005-09-16T18:00:00.0,195.0,23,train,374224,374419
460,2005-10-07T21:00:00.0,-51.617583761880624,2005-10-07T22:00:00.0,2005-10-08T17:00:00.0,68.0,23,train,374878,374946
461,2005-10-31T13:00:00.0,-73.0559271586885,2005-10-31T20:00:00.0,2005-11-02T05:00:00.0,88.0,23,train,375446,375534
462,2005-12-11T03:00:00.0,-52.29398929299574,2005-12-11T18:00:00.0,2005-12-13T02:00:00.0,95.0,23,train,376420,376515
463,2006-01-25T23:00:00.0,-50.27662369393756,2006-01-26T03:00:00.0,2006-01-26T10:00:00.0,59.0,23,train,377520,377579
464,2006-03-06T21:00:00.0,-52.7307404010414,2006-03-07T01:00:00.0,2006-03-07T14:00:00.0,65.0,23,train,378478,378543
465,2006-03-18T15:00:00.0,-52.39209232840314,2006-03-19T00:00:00.0,2006-03-20T13:00:00.0,94.0,23,train,378760,378854
466,2006-04-04T16:00:00.0,-82.81325734844889,2006-04-05T15:00:00.0,2006-04-06T23:00:00.0,103.0,23,train,379169,379272
467,2006-04-09T02:00:00.0,-97.26116635445167,2006-04-14T09:00:00.0,2006-04-15T06:00:00.0,196.0,23,train,379275,379471
468,2006-05-06T20:00:00.0,-57.82088086084312,2006-05-06T21:00:00.0,2006-05-07T23:00:00.0,75.0,23,train,379941,380016
469,2006-07-28T02:00:00.0,-53.747259266197744,2006-07-28T04:00:00.0,2006-07-29T02:00:00.0,72.0,23,train,381915,381987
470,2006-08-07T06:00:00.0,-54.759881577311205,2006-08-07T07:00:00.0,2006-08-08T15:00:00.0,81.0,23,train,382159,382240
471,2006-08-19T14:00:00.0,-83.49092187051922,2006-08-20T00:00:00.0,2006-08-23T00:00:00.0,130.0,23,train,382455,382585
472,2006-09-24T01:00:00.0,-54.537002436350065,2006-09-24T09:00:00.0,2006-09-24T15:00:00.0,62.0,23,train,383306,383368
473,2006-10-01T00:00:00.0,-52.36312423869107,2006-10-01T05:00:00.0,2006-10-01T21:00:00.0,69.0,23,train,383473,383542
474,2006-10-13T13:00:00.0,-54.65288539366075,2006-10-13T22:00:00.0,2006-10-14T13:00:00.0,72.0,23,train,383774,383846
475,2006-11-09T22:00:00.0,-68.29524955212105,2006-11-10T02:00:00.0,2006-11-11T20:00:00.0,94.0,23,train,384431,384525
476,2006-11-30T03:00:00.0,-72.19871199336771,2006-11-30T13:00:00.0,2006-12-01T20:00:00.0,89.0,23,train,384916,385005
477,2006-12-06T09:00:00.0,-58.418165308223294,2006-12-06T12:00:00.0,2006-12-09T01:00:00.0,112.0,23,train,385066,385178
478,2006-12-12T02:00:00.0,-161.34962421211662,2006-12-15T04:00:00.0,2006-12-18T05:00:00.0,195.0,23,train,385203,385398
479,2006-12-21T10:00:00.0,-50.84723697731012,2006-12-22T10:00:00.0,2006-12-26T06:00:00.0,164.0,23,train,385427,385591
480,2007-01-29T14:00:00.0,-51.995385272206185,2007-01-29T17:00:00.0,2007-01-31T08:00:00.0,90.0,23,train,386367,386457
481,2007-03-24T01:00:00.0,-68.20391564533894,2007-03-24T08:00:00.0,2007-03-24T21:00:00.0,68.0,23,train,387650,387718
482,2007-04-01T02:00:00.0,-65.73986413164108,2007-04-01T08:00:00.0,2007-04-03T07:00:00.0,101.0,23,train,387843,387944
483,2007-05-23T08:00:00.0,-56.15992503401392,2007-05-23T13:00:00.0,2007-05-24T12:00:00.0,76.0,23,train,389097,389173
484,2007-10-25T17:00:00.0,-51.44282159912569,2007-10-25T21:00:00.0,2007-10-26T08:00:00.0,63.0,23,train,392826,392889
485,2007-11-20T11:00:00.0,-58.871014960013056,2007-11-20T20:00:00.0,2007-11-21T19:00:00.0,80.0,23,train,393444,393524
486,2008-02-28T16:00:00.0,-51.57628854575921,2008-02-28T22:00:00.0,2008-02-29T09:00:00.0,65.0,23,train,395849,395914
487,2008-03-08T18:00:00.0,-90.9730047152743,2008-03-09T05:00:00.0,2008-03-10T15:00:00.0,93.0,23,train,396067,396160
488,2008-03-26T12:00:00.0,-53.89856675191383,2008-03-27T21:00:00.0,2008-03-29T01:00:00.0,109.0,23,train,396493,396602
489,2008-09-04T02:00:00.0,-50.418798527002735,2008-09-04T04:00:00.0,2008-09-04T10:00:00.0,56.0,23,train,400371,400427
490,2008-10-11T09:00:00.0,-56.52096515703401,2008-10-11T11:00:00.0,2008-10-12T15:00:00.0,78.0,23,train,401266,401344
491,2009-07-22T03:00:00.0,-88.98948352765024,2009-07-22T05:00:00.0,2009-07-23T11:00:00.0,80.0,24,val,408076,408156
492,2010-02-15T19:00:00.0,-58.22428466890479,2010-02-15T23:00:00.0,2010-02-16T12:00:00.0,65.0,24,val,413084,413149
493,2010-04-05T09:00:00.0,-74.35988134531914,2010-04-06T14:00:00.0,2010-04-10T01:00:00.0,160.0,24,val,414250,414410
494,2010-05-02T12:00:00.0,-75.4267089919596,2010-05-02T18:00:00.0,2010-05-05T02:00:00.0,110.0,24,val,414901,415011
495,2010-05-29T03:00:00.0,-75.3026693760747,2010-05-29T13:00:00.0,2010-06-01T11:00:00.0,128.0,24,val,415540,415668
496,2010-06-03T23:00:00.0,-50.452670860474576,2010-06-04T01:00:00.0,2010-06-04T18:00:00.0,67.0,24,val,415680,415747
497,2010-08-03T21:00:00.0,-80.2210909538461,2010-08-04T01:00:00.0,2010-08-06T22:00:00.0,121.0,24,val,417142,417263
498,2010-10-11T11:00:00.0,-75.72134168562027,2010-10-11T18:00:00.0,2010-10-13T07:00:00.0,92.0,24,val,418788,418880
499,2011-02-04T20:00:00.0,-68.52273987752139,2011-02-04T21:00:00.0,2011-02-07T03:00:00.0,103.0,24,val,421581,421684
500,2011-03-01T11:00:00.0,-91.43008655787794,2011-03-01T14:00:00.0,2011-03-03T02:00:00.0,87.0,24,val,422172,422259
501,2011-03-10T07:00:00.0,-80.27206409655274,2011-03-11T05:00:00.0,2011-03-12T17:00:00.0,106.0,24,val,422384,422490
502,2011-04-06T14:00:00.0,-59.33859245317562,2011-04-06T18:00:00.0,2011-04-07T08:00:00.0,66.0,24,val,423039,423105
503,2011-05-27T19:00:00.0,-80.220651103021,2011-05-28T11:00:00.0,2011-05-30T09:00:00.0,110.0,24,val,424268,424378
504,2011-07-04T19:00:00.0,-55.50965513922195,2011-07-05T00:00:00.0,2011-07-05T16:00:00.0,69.0,24,val,425180,425249
505,2011-08-05T21:00:00.0,-119.49382195294322,2011-08-06T03:00:00.0,2011-08-09T14:00:00.0,137.0,24,val,425950,426087
506,2011-09-09T16:00:00.0,-77.82399308522321,2011-09-10T04:00:00.0,2011-09-13T23:00:00.0,151.0,24,val,426785,426936
507,2011-09-17T10:00:00.0,-74.09805695411552,2011-09-17T15:00:00.0,2011-09-19T04:00:00.0,90.0,24,val,426971,427061
508,2011-09-26T16:00:00.0,-118.10560511605905,2011-09-26T21:00:00.0,2011-09-30T10:00:00.0,138.0,24,val,427193,427331
509,2011-10-24T22:00:00.0,-151.8601636308552,2011-10-25T01:00:00.0,2011-10-28T07:00:00.0,129.0,24,val,427871,428000
510,2011-10-31T21:00:00.0,-65.07793240417806,2011-11-01T15:00:00.0,2011-11-03T11:00:00.0,110.0,24,val,428038,428148
511,2012-01-22T17:00:00.0,-77.20033404422978,2012-01-25T10:00:00.0,2012-01-26T06:00:00.0,133.0,24,val,430026,430159
512,2012-02-14T16:00:00.0,-65.93228705330722,2012-02-15T16:00:00.0,2012-02-16T12:00:00.0,92.0,24,val,430577,430669
513,2012-02-19T00:00:00.0,-62.185797525445665,2012-02-19T03:00:00.0,2012-02-20T04:00:00.0,76.0,24,val,430681,430757
514,2012-02-27T16:00:00.0,-54.24098413690153,2012-02-27T19:00:00.0,2012-02-29T04:00:00.0,84.0,24,val,430889,430973
515,2012-03-07T05:00:00.0,-146.14422012210034,2012-03-09T08:00:00.0,2012-03-11T14:00:00.0,153.0,24,val,431094,431247
516,2012-03-14T16:00:00.0,-91.36186336262818,2012-03-15T19:00:00.0,2012-03-20T07:00:00.0,183.0,24,val,431273,431456
517,2012-03-27T11:00:00.0,-70.06117681176208,2012-03-28T05:00:00.0,2012-03-28T22:00:00.0,83.0,24,val,431580,431663
518,2012-04-05T03:00:00.0,-60.37097572138575,2012-04-05T07:00:00.0,2012-04-05T23:00:00.0,68.0,24,val,431788,431856
519,2012-04-12T17:00:00.0,-58.76655681162802,2012-04-13T04:00:00.0,2012-04-13T18:00:00.0,73.0,24,val,431970,432043
520,2012-04-23T19:00:00.0,-118.2431502155579,2012-04-24T04:00:00.0,2012-04-27T00:00:00.0,125.0,24,val,432236,432361
521,2012-06-11T20:00:00.0,-91.35383611268757,2012-06-17T13:00:00.0,2012-06-17T23:00:00.0,195.0,24,val,433413,433608
522,2012-07-09T00:00:00.0,-126.47289928924619,2012-07-15T09:00:00.0,2012-07-15T09:00:00.0,201.0,24,val,434065,434266
523,2012-09-02T12:00:00.0,-70.39644711798007,2012-09-05T05:00:00.0,2012-09-05T17:00:00.0,125.0,24,val,435397,435522
524,2012-09-30T17:00:00.0,-119.98576164899907,2012-10-01T04:00:00.0,2012-10-02T21:00:00.0,100.0,24,val,436074,436174
525,2012-10-08T04:00:00.0,-103.47039018083,2012-10-08T12:00:00.0,2012-10-11T13:00:00.0,129.0,24,val,436253,436382
526,2012-10-13T20:00:00.0,-70.36681674043791,2012-10-13T20:00:00.0,2012-10-15T13:00:00.0,89.0,24,val,436389,436478
527,2012-11-01T07:00:00.0,-63.817236463118576,2012-11-01T20:00:00.0,2012-11-02T09:00:00.0,74.0,24,val,436832,436906
528,2012-11-13T21:00:00.0,-106.25813901461801,2012-11-14T07:00:00.0,2012-11-15T11:00:00.0,86.0,24,val,437134,437220
529,2013-03-01T09:00:00.0,-63.40343589718606,2013-03-01T10:00:00.0,2013-03-02T09:00:00.0,72.0,24,val,439714,439786
530,2013-03-17T08:00:00.0,-130.5950072213088,2013-03-17T20:00:00.0,2013-03-20T12:00:00.0,124.0,24,val,440097,440221
531,2013-03-29T04:00:00.0,-59.912539207807654,2013-03-29T17:00:00.0,2013-03-31T01:00:00.0,93.0,24,val,440381,440474
532,2013-05-01T03:00:00.0,-69.46501737497773,2013-05-01T18:00:00.0,2013-05-03T02:00:00.0,95.0,24,val,441172,441267
533,2013-05-18T02:00:00.0,-65.01900123595827,2013-05-18T04:00:00.0,2013-05-19T23:00:00.0,93.0,24,val,441579,441672
534,2013-05-24T20:00:00.0,-59.9134638642429,2013-05-25T06:00:00.0,2013-05-26T01:00:00.0,77.0,24,val,441741,441818
535,2013-06-01T02:00:00.0,-128.17005175459576,2013-06-01T08:00:00.0,2013-06-03T15:00:00.0,109.0,24,val,441915,442024
536,2013-06-06T19:00:00.0,-75.42813382014161,2013-06-07T05:00:00.0,2013-06-08T06:00:00.0,83.0,24,val,442052,442135
537,2013-06-28T12:00:00.0,-105.39742586813789,2013-06-29T06:00:00.0,2013-07-01T20:00:00.0,128.0,24,val,442573,442701
538,2013-07-06T02:00:00.0,-84.05532414829796,2013-07-06T18:00:00.0,2013-07-07T15:00:00.0,85.0,24,val,442755,442840
539,2013-07-10T04:00:00.0,-78.76260566076553,2013-07-14T22:00:00.0,2013-07-16T08:00:00.0,196.0,24,val,442853,443049
540,2013-08-04T17:00:00.0,-50.94015139965404,2013-08-05T02:00:00.0,2013-08-05T13:00:00.0,68.0,24,val,443466,443534
541,2013-08-27T18:00:00.0,-59.641131227739066,2013-08-27T21:00:00.0,2013-08-29T00:00:00.0,78.0,24,val,444019,444097
542,2013-10-02T03:00:00.0,-87.47257324326594,2013-10-02T06:00:00.0,2013-10-03T15:00:00.0,84.0,24,val,444868,444952
543,2013-10-08T22:00:00.0,-71.34265979499634,2013-10-09T01:00:00.0,2013-10-09T20:00:00.0,70.0,24,val,445031,445101
544,2013-10-14T15:00:00.0,-50.11039396356599,2013-10-15T03:00:00.0,2013-10-15T17:00:00.0,74.0,24,val,445168,445242
545,2013-10-30T09:00:00.0,-53.614064228820496,2013-10-30T23:00:00.0,2013-10-31T10:00:00.0,73.0,24,val,445546,445619
546,2013-11-09T04:00:00.0,-80.14414130634377,2013-11-09T08:00:00.0,2013-11-10T00:00:00.0,68.0,24,val,445781,445849
547,2013-12-08T03:00:00.0,-65.09915166853011,2013-12-08T08:00:00.0,2013-12-09T01:00:00.0,70.0,24,val,446476,446546
548,2014-02-18T20:00:00.0,-121.34447700448965,2014-02-19T08:00:00.0,2014-02-22T20:00:00.0,144.0,24,val,448221,448365
549,2014-02-27T18:00:00.0,-101.55537220124504,2014-02-27T21:00:00.0,2014-03-01T21:00:00.0,99.0,24,val,448435,448534
550,2014-04-11T19:00:00.0,-87.3198859798722,2014-04-12T09:00:00.0,2014-04-14T05:00:00.0,106.0,24,val,449468,449574
551,2014-04-30T02:00:00.0,-66.13858054920676,2014-04-30T09:00:00.0,2014-05-01T02:00:00.0,72.0,24,val,449907,449979
552,2014-08-27T07:00:00.0,-80.55296347096635,2014-08-27T18:00:00.0,2014-08-29T13:00:00.0,102.0,24,val,452768,452870
553,2014-09-12T21:00:00.0,-91.91390224691311,2014-09-12T23:00:00.0,2014-09-13T19:00:00.0,70.0,24,val,453166,453236
554,2014-10-14T16:00:00.0,-52.96606112355639,2014-10-14T23:00:00.0,2014-10-15T11:00:00.0,67.0,24,val,453929,453996
555,2014-10-20T05:00:00.0,-50.72684646662555,2014-10-20T17:00:00.0,2014-10-22T10:00:00.0,101.0,24,val,454062,454163
556,2014-10-27T20:00:00.0,-53.3753775740265,2014-10-28T01:00:00.0,2014-10-28T17:00:00.0,69.0,24,val,454245,454314
557,2014-12-12T07:00:00.0,-51.95688210636663,2014-12-12T16:00:00.0,2014-12-13T07:00:00.0,72.0,24,val,455336,455408
558,2014-12-21T05:00:00.0,-76.80502649632629,2014-12-22T05:00:00.0,2014-12-22T18:00:00.0,85.0,24,val,455550,455635
559,2014-12-25T13:00:00.0,-54.780071893451975,2014-12-26T01:00:00.0,2014-12-27T16:00:00.0,99.0,24,val,455654,455753
560,2015-01-02T18:00:00.0,-114.5423546683689,2015-01-07T10:00:00.0,2015-01-08T20:00:00.0,194.0,24,val,455851,456045
561,2015-01-26T09:00:00.0,-50.53121177389312,2015-01-26T10:00:00.0,2015-01-27T07:00:00.0,70.0,24,val,456418,456488
562,2015-02-01T21:00:00.0,-57.754103447769936,2015-02-02T06:00:00.0,2015-02-02T23:00:00.0,74.0,24,val,456574,456648
563,2015-02-17T16:00:00.0,-70.22347858041778,2015-02-18T00:00:00.0,2015-02-19T12:00:00.0,92.0,24,val,456953,457045
564,2015-02-23T07:00:00.0,-60.616256829267385,2015-02-24T07:00:00.0,2015-02-25T04:00:00.0,93.0,24,val,457088,457181
565,2015-03-01T00:00:00.0,-67.76374485455807,2015-03-02T08:00:00.0,2015-03-03T08:00:00.0,104.0,24,val,457225,457329
566,2015-03-17T07:00:00.0,-238.0028508596503,2015-03-17T22:00:00.0,2015-03-23T08:00:00.0,193.0,24,val,457616,457809
567,2015-04-10T00:00:00.0,-84.72561033098089,2015-04-11T09:00:00.0,2015-04-12T15:00:00.0,111.0,24,val,458185,458296
568,2015-04-15T10:00:00.0,-90.27452230883,2015-04-16T23:00:00.0,2015-04-20T08:00:00.0,166.0,24,val,458315,458481
569,2015-05-10T22:00:00.0,-87.87255078605419,2015-05-13T06:00:00.0,2015-05-14T23:00:00.0,145.0,24,val,458927,459072
570,2015-06-08T07:00:00.0,-70.06577319899749,2015-06-08T08:00:00.0,2015-06-09T09:00:00.0,74.0,24,val,459608,459682
571,2015-06-22T19:00:00.0,-198.02932145734786,2015-06-23T04:00:00.0,2015-06-28T19:00:00.0,192.0,24,val,459956,460148
572,2015-07-04T21:00:00.0,-73.42709426995339,2015-07-05T05:00:00.0,2015-07-07T03:00:00.0,102.0,24,val,460246,460348
573,2015-07-13T03:00:00.0,-64.84928730092304,2015-07-13T11:00:00.0,2015-07-14T10:00:00.0,79.0,24,val,460444,460523
574,2015-07-23T05:00:00.0,-71.1551590692007,2015-07-23T08:00:00.0,2015-07-25T06:00:00.0,97.0,24,val,460686,460783
575,2015-08-15T11:00:00.0,-96.89078148062752,2015-08-16T07:00:00.0,2015-08-20T11:00:00.0,168.0,24,val,461244,461412
576,2015-08-23T07:00:00.0,-102.5914783543985,2015-08-28T09:00:00.0,2015-08-29T08:00:00.0,193.0,24,val,461432,461625
577,2015-09-04T00:00:00.0,-107.27038286879319,2015-09-09T12:00:00.0,2015-09-10T06:00:00.0,198.0,24,val,461713,461911
578,2015-09-20T07:00:00.0,-78.52234036202516,2015-09-20T15:00:00.0,2015-09-21T10:00:00.0,75.0,24,val,462104,462179
579,2015-10-03T07:00:00.0,-131.4962755082949,2015-10-07T22:00:00.0,2015-10-10T07:00:00.0,216.0,24,val,462416,462632
580,2015-10-13T05:00:00.0,-58.05302572012624,2015-10-18T09:00:00.0,2015-10-19T07:00:00.0,194.0,24,val,462654,462848
581,2015-11-03T08:00:00.0,-90.20443088331031,2015-11-07T06:00:00.0,2015-11-09T12:00:00.0,196.0,24,val,463161,463357
582,2015-12-14T17:00:00.0,-134.0472358647279,2015-12-20T18:00:00.0,2015-12-20T18:00:00.0,193.0,24,val,464154,464347
583,2015-12-31T12:00:00.0,-111.14792634449364,2016-01-01T00:00:00.0,2016-01-02T11:00:00.0,95.0,24,val,464557,464652
584,2016-01-20T08:00:00.0,-102.07851689659412,2016-01-20T16:00:00.0,2016-01-23T23:00:00.0,135.0,24,val,465033,465168
585,2016-01-31T16:00:00.0,-56.19661129436999,2016-02-03T02:00:00.0,2016-02-03T13:00:00.0,117.0,24,val,465305,465422
586,2016-02-16T09:00:00.0,-69.71102460838605,2016-02-16T19:00:00.0,2016-02-20T10:00:00.0,145.0,24,val,465682,465827
587,2016-03-06T17:00:00.0,-106.85354095273141,2016-03-06T21:00:00.0,2016-03-09T01:00:00.0,104.0,24,val,466146,466250
588,2016-03-14T23:00:00.0,-55.14267002754174,2016-03-16T23:00:00.0,2016-03-18T04:00:00.0,125.0,24,val,466344,466469
589,2016-04-02T18:00:00.0,-64.84826231781351,2016-04-08T00:00:00.0,2016-04-08T08:00:00.0,182.0,24,val,466795,466977
590,2016-04-12T21:00:00.0,-60.01307073868577,2016-04-14T20:00:00.0,2016-04-15T08:00:00.0,107.0,24,val,467038,467145
591,2016-05-08T02:00:00.0,-100.11977751458534,2016-05-08T07:00:00.0,2016-05-11T08:00:00.0,126.0,24,val,467643,467769
592,2016-08-03T06:00:00.0,-52.29938509761463,2016-08-03T10:00:00.0,2016-08-04T06:00:00.0,72.0,24,val,469735,469807
593,2016-08-23T14:00:00.0,-72.7960748557822,2016-08-23T21:00:00.0,2016-08-24T23:00:00.0,81.0,24,val,470223,470304
594,2016-09-01T03:00:00.0,-60.73946835856728,2016-09-02T02:00:00.0,2016-09-05T15:00:00.0,156.0,24,val,470428,470584
595,2016-09-27T22:00:00.0,-66.86332475063675,2016-09-29T09:00:00.0,2016-10-01T16:00:00.0,138.0,24,val,471071,471209
596,2016-10-13T08:00:00.0,-103.35494577463786,2016-10-13T17:00:00.0,2016-10-14T23:00:00.0,87.0,24,val,471441,471528
597,2016-10-24T13:00:00.0,-71.44996308343782,2016-10-25T17:00:00.0,2016-10-31T13:00:00.0,216.0,24,val,471710,471926
598,2016-11-10T12:00:00.0,-67.51627802923602,2016-11-10T17:00:00.0,2016-11-11T13:00:00.0,73.0,24,val,472117,472190
599,2017-03-01T12:00:00.0,-62.286958523621195,2017-03-01T21:00:00.0,2017-03-03T21:00:00.0,105.0,24,val,474781,474886
600,2017-03-27T05:00:00.0,-73.73390687496762,2017-03-27T14:00:00.0,2017-03-30T13:00:00.0,128.0,24,val,475398,475526
601,2017-04-04T06:00:00.0,-67.85689147954137,2017-04-04T11:00:00.0,2017-04-05T00:00:00.0,66.0,24,val,475591,475657
602,2017-04-20T01:00:00.0,-68.0304315759903,2017-04-22T08:00:00.0,2017-04-26T04:00:00.0,195.0,24,val,475970,476165
603,2017-05-27T23:00:00.0,-145.04150193105872,2017-05-28T07:00:00.0,2017-05-29T07:00:00.0,80.0,24,val,476880,476960
604,2017-07-16T10:00:00.0,-74.2652329475755,2017-07-16T13:00:00.0,2017-07-19T00:00:00.0,110.0,24,val,478067,478177
605,2017-08-19T05:00:00.0,-51.522698746340396,2017-08-19T08:00:00.0,2017-08-19T12:00:00.0,55.0,24,val,478878,478933
606,2017-08-23T01:00:00.0,-50.82570050047381,2017-08-23T13:00:00.0,2017-08-24T15:00:00.0,86.0,24,val,478970,479056
607,2017-08-31T09:00:00.0,-73.46252997419128,2017-08-31T11:00:00.0,2017-09-01T06:00:00.0,69.0,24,val,479170,479239
608,2017-09-07T22:00:00.0,-148.73820849751942,2017-09-08T01:00:00.0,2017-09-12T06:00:00.0,152.0,24,val,479351,479503
609,2017-09-14T14:00:00.0,-72.48826221294956,2017-09-16T05:00:00.0,2017-09-17T08:00:00.0,114.0,24,val,479511,479625
610,2017-09-27T07:00:00.0,-102.6548651684353,2017-09-28T08:00:00.0,2017-10-01T11:00:00.0,148.0,24,val,479816,479964
611,2017-10-11T05:00:00.0,-70.59532228609012,2017-10-14T05:00:00.0,2017-10-16T00:00:00.0,163.0,24,val,480150,480313
612,2017-11-07T09:00:00.0,-84.11475150743763,2017-11-08T04:00:00.0,2017-11-11T17:00:00.0,152.0,24,val,480802,480954
613,2017-11-21T03:00:00.0,-57.885357264367386,2017-11-21T06:00:00.0,2017-11-21T17:00:00.0,62.0,24,val,481132,481194
614,2017-12-04T18:00:00.0,-57.15882786914739,2017-12-05T10:00:00.0,2017-12-06T14:00:00.0,92.0,24,val,481459,481551
615,2018-04-20T05:00:00.0,-83.49781022095216,2018-04-20T09:00:00.0,2018-04-22T05:00:00.0,96.0,24,val,484734,484830
616,2018-05-05T17:00:00.0,-56.06945493597581,2018-05-06T01:00:00.0,2018-05-07T12:00:00.0,91.0,24,val,485106,485197
617,2018-06-25T18:00:00.0,-50.04086812571485,2018-06-26T01:00:00.0,2018-06-26T13:00:00.0,67.0,24,val,486331,486398
618,2018-08-25T19:00:00.0,-182.02112984681995,2018-08-26T07:00:00.0,2018-08-31T04:00:00.0,177.0,24,val,487796,487973
619,2018-09-10T13:00:00.0,-75.09413070091543,2018-09-11T10:00:00.0,2018-09-12T22:00:00.0,105.0,24,val,488174,488279
620,2018-09-21T23:00:00.0,-51.94918629094383,2018-09-22T07:00:00.0,2018-09-24T01:00:00.0,98.0,24,val,488448,488546
621,2018-10-07T15:00:00.0,-56.83361137929589,2018-10-07T20:00:00.0,2018-10-10T09:00:00.0,114.0,24,val,488824,488938
622,2018-11-05T03:00:00.0,-58.93850923674091,2018-11-05T05:00:00.0,2018-11-06T20:00:00.0,89.0,24,val,489508,489597
623,2018-11-09T17:00:00.0,-51.51560106170236,2018-11-09T21:00:00.0,2018-11-10T03:00:00.0,58.0,24,val,489618,489676
624,2019-05-14T05:00:00.0,-76.15974488889198,2019-05-14T07:00:00.0,2019-05-15T05:00:00.0,72.0,24,val,494070,494142
625,2019-08-05T07:00:00.0,-58.935878134775194,2019-08-05T09:00:00.0,2019-08-07T05:00:00.0,94.0,24,val,496064,496158
626,2019-08-31T05:00:00.0,-59.75784830641906,2019-09-01T20:00:00.0,2019-09-04T02:00:00.0,141.0,24,val,496686,496827
627,2019-09-27T18:00:00.0,-58.94706996332013,2019-09-27T22:00:00.0,2019-09-28T18:00:00.0,72.0,24,val,497347,497419
628,2019-10-25T01:00:00.0,-52.77629657060883,2019-10-25T08:00:00.0,2019-10-25T23:00:00.0,70.0,24,val,498002,498072
629,2020-02-18T06:00:00.0,-61.62517728339755,2020-02-18T16:00:00.0,2020-02-19T02:00:00.0,68.0,25,test,500791,500859
630,2020-04-20T09:00:00.0,-67.10846374267209,2020-04-20T12:00:00.0,2020-04-20T23:00:00.0,62.0,25,test,502282,502344
631,2020-07-24T15:00:00.0,-51.730208738237884,2020-07-25T01:00:00.0,2020-07-25T09:00:00.0,66.0,25,test,504568,504634
632,2020-09-25T20:00:00.0,-64.05182721895783,2020-09-27T21:00:00.0,2020-09-29T11:00:00.0,135.0,25,test,506085,506220
633,2021-03-01T03:00:00.0,-61.076849026451896,2021-03-01T06:00:00.0,2021-03-01T17:00:00.0,62.0,25,test,509836,509898
634,2021-04-16T18:00:00.0,-54.76547415891713,2021-04-17T05:00:00.0,2021-04-17T23:00:00.0,77.0,25,test,510955,511032
635,2021-04-26T02:00:00.0,-50.15050784279749,2021-04-26T06:00:00.0,2021-04-26T15:00:00.0,61.0,25,test,511179,511240
636,2021-05-12T13:00:00.0,-61.30721632999652,2021-05-12T15:00:00.0,2021-05-13T11:00:00.0,70.0,25,test,511574,511644
637,2021-08-27T14:00:00.0,-76.45468348935114,2021-08-27T23:00:00.0,2021-08-28T12:00:00.0,70.0,25,test,514143,514213
638,2021-09-17T19:00:00.0,-75.46468863783775,2021-09-17T21:00:00.0,2021-09-18T12:00:00.0,65.0,25,test,514652,514717
639,2021-10-11T17:00:00.0,-74.66812197027022,2021-10-12T14:00:00.0,2021-10-14T00:00:00.0,103.0,25,test,515226,515329
640,2021-10-17T11:00:00.0,-53.19662248490606,2021-10-18T00:00:00.0,2021-10-18T11:00:00.0,72.0,25,test,515364,515436
641,2021-11-04T01:00:00.0,-105.56429949829217,2021-11-04T13:00:00.0,2021-11-05T05:00:00.0,76.0,25,test,515786,515862
642,2022-01-14T18:00:00.0,-94.81078941971448,2022-01-14T22:00:00.0,2022-01-16T19:00:00.0,97.0,25,test,517507,517604
643,2022-02-03T08:00:00.0,-66.08393220872637,2022-02-03T11:00:00.0,2022-02-03T20:00:00.0,60.0,25,test,517977,518037
644,2022-02-10T16:00:00.0,-54.63886595542536,2022-02-10T19:00:00.0,2022-02-11T08:00:00.0,64.0,25,test,518153,518217
645,2022-03-05T14:00:00.0,-53.38785895596814,2022-03-05T21:00:00.0,2022-03-06T22:00:00.0,80.0,25,test,518703,518783
646,2022-03-11T23:00:00.0,-86.31416790989216,2022-03-13T23:00:00.0,2022-03-15T00:00:00.0,121.0,25,test,518856,518977
647,2022-04-14T14:00:00.0,-78.50067901516525,2022-04-14T21:00:00.0,2022-04-15T04:00:00.0,62.0,25,test,519663,519725
648,2022-05-27T23:00:00.0,-64.69487243671107,2022-05-28T07:00:00.0,2022-05-28T21:00:00.0,70.0,25,test,520704,520774
649,2022-07-02T02:00:00.0,-78.39882399394443,2022-07-07T22:00:00.0,2022-07-08T10:00:00.0,200.0,25,test,521547,521747
650,2022-07-19T09:00:00.0,-56.08319098499733,2022-07-19T20:00:00.0,2022-07-20T05:00:00.0,68.0,25,test,521962,522030
651,2022-08-07T20:00:00.0,-59.61028285632909,2022-08-08T07:00:00.0,2022-08-09T02:00:00.0,78.0,25,test,522429,522507
652,2022-08-17T19:00:00.0,-51.430545197926946,2022-08-17T21:00:00.0,2022-08-19T12:00:00.0,89.0,25,test,522668,522757
653,2022-09-04T03:00:00.0,-75.93797409019054,2022-09-04T17:00:00.0,2022-09-07T00:00:00.0,117.0,25,test,523084,523201
654,2022-10-14T08:00:00.0,-62.97365523274499,2022-10-14T10:00:00.0,2022-10-14T18:00:00.0,58.0,25,test,524049,524107
655,2022-10-22T12:00:00.0,-80.68669243313431,2022-10-22T18:00:00.0,2022-10-23T08:00:00.0,68.0,25,test,524245,524313
656,2022-11-03T05:00:00.0,-97.11355726449283,2022-11-07T17:00:00.0,2022-11-09T10:00:00.0,197.0,25,test,524526,524723
657,2022-12-07T12:00:00.0,-68.96221224445495,2022-12-07T17:00:00.0,2022-12-08T12:00:00.0,72.0,25,test,525349,525421
658,2022-12-26T12:00:00.0,-63.57465819723991,2022-12-27T15:00:00.0,2022-12-28T09:00:00.0,93.0,25,test,525805,525898
659,2023-01-04T03:00:00.0,-60.40770974482646,2023-01-04T09:00:00.0,2023-01-04T16:00:00.0,61.0,25,test,526012,526073
660,2023-01-14T22:00:00.0,-53.82487523148558,2023-01-15T13:00:00.0,2023-01-16T01:00:00.0,75.0,25,test,526271,526346
661,2023-02-15T06:00:00.0,-73.08961765622891,2023-02-15T17:00:00.0,2023-02-17T10:00:00.0,100.0,25,test,527023,527123
662,2023-02-26T21:00:00.0,-139.56303630708763,2023-02-27T12:00:00.0,2023-03-01T02:00:00.0,101.0,25,test,527302,527403
663,2023-03-23T11:00:00.0,-165.7619318664619,2023-03-24T02:00:00.0,2023-03-25T19:00:00.0,104.0,25,test,527892,527996
664,2023-04-23T10:00:00.0,-210.7826078271474,2023-04-24T05:00:00.0,2023-04-27T01:00:00.0,135.0,25,test,528635,528770
665,2023-05-06T04:00:00.0,-73.22426867887265,2023-05-06T05:00:00.0,2023-05-07T03:00:00.0,71.0,25,test,528941,529012
666,2023-05-20T00:00:00.0,-58.050018304112854,2023-05-20T11:00:00.0,2023-05-21T01:00:00.0,73.0,25,test,529273,529346
667,2023-06-15T18:00:00.0,-73.07107529786046,2023-06-16T09:00:00.0,2023-06-19T07:00:00.0,133.0,25,test,529915,530048
668,2023-06-24T21:00:00.0,-56.73384964141299,2023-06-25T01:00:00.0,2023-06-26T08:00:00.0,83.0,25,test,530134,530217
669,2023-08-04T22:00:00.0,-92.14234514940391,2023-08-05T05:00:00.0,2023-08-06T12:00:00.0,86.0,25,test,531119,531205
670,2023-09-02T05:00:00.0,-62.910755328094226,2023-09-02T12:00:00.0,2023-09-04T04:00:00.0,95.0,25,test,531798,531893
671,2023-09-12T15:00:00.0,-83.81543349949239,2023-09-12T22:00:00.0,2023-09-14T03:00:00.0,84.0,25,test,532048,532132
672,2023-09-18T17:00:00.0,-84.09915166853011,2023-09-19T02:00:00.0,2023-09-20T18:00:00.0,97.0,25,test,532194,532291
673,2023-09-24T22:00:00.0,-70.5384991141885,2023-09-25T02:00:00.0,2023-09-25T12:00:00.0,62.0,25,test,532343,532405
674,2023-10-20T20:00:00.0,-87.91744500052646,2023-10-21T07:00:00.0,2023-10-22T14:00:00.0,90.0,25,test,532965,533055
675,2023-10-28T06:00:00.0,-62.02395938730707,2023-10-28T11:00:00.0,2023-10-30T15:00:00.0,105.0,25,test,533143,533248
676,2023-11-04T19:00:00.0,-169.06647413762957,2023-11-05T19:00:00.0,2023-11-09T12:00:00.0,161.0,25,test,533324,533485
677,2023-11-21T21:00:00.0,-94.37800559922002,2023-11-25T19:00:00.0,2023-11-26T23:00:00.0,170.0,25,test,533734,533904
678,2023-12-01T10:00:00.0,-128.6748614048159,2023-12-01T12:00:00.0,2023-12-03T16:00:00.0,102.0,25,test,533963,534065
679,2023-12-14T00:00:00.0,-84.97441466750138,2023-12-17T16:00:00.0,2023-12-19T13:00:00.0,181.0,25,test,534265,534446
680,2024-03-03T14:00:00.0,-121.50672227832214,2024-03-03T18:00:00.0,2024-03-05T20:00:00.0,102.0,25,test,536199,536301
681,2024-03-21T13:00:00.0,-128.78187390412697,2024-03-24T20:00:00.0,2024-03-27T08:00:00.0,187.0,25,test,536630,536817
682,2024-04-16T00:00:00.0,-117.90239731735383,2024-04-19T19:00:00.0,2024-04-22T11:00:00.0,203.0,25,test,537241,537444
683,2024-04-26T06:00:00.0,-80.06491380609363,2024-05-02T16:00:00.0,2024-05-02T16:00:00.0,202.0,25,test,537487,537689
684,2024-05-10T18:00:00.0,-437.9392684281722,2024-05-11T02:00:00.0,2024-05-16T18:00:00.0,192.0,25,test,537835,538027
685,2024-06-27T23:00:00.0,-119.45934845816961,2024-06-28T12:00:00.0,2024-06-30T00:00:00.0,97.0,25,test,538992,539089
686,2024-08-04T07:00:00.0,-108.86005807527141,2024-08-04T16:00:00.0,2024-08-05T17:00:00.0,82.0,25,test,539888,539970
687,2024-08-12T01:00:00.0,-193.6205040341993,2024-08-12T16:00:00.0,2024-08-14T16:00:00.0,111.0,25,test,540074,540185
688,2024-08-28T00:00:00.0,-72.98653091961589,2024-08-28T06:00:00.0,2024-08-28T23:00:00.0,71.0,25,test,540457,540528
689,2024-09-12T07:00:00.0,-125.63503742186123,2024-09-17T08:00:00.0,2024-09-18T08:00:00.0,193.0,25,test,540824,541017
690,2024-09-25T04:00:00.0,-52.901507787364366,2024-09-25T05:00:00.0,2024-09-26T13:00:00.0,81.0,25,test,541133,541214
691,2024-10-07T11:00:00.0,-341.26681926153765,2024-10-11T01:00:00.0,2024-10-13T09:00:00.0,190.0,25,test,541428,541618
692,2024-11-08T20:00:00.0,-103.62829605702623,2024-11-09T12:00:00.0,2024-11-11T20:00:00.0,120.0,25,test,542205,542325
693,2024-12-31T21:00:00.0,-215.89753585481262,2025-01-01T15:00:00.0,2025-01-04T00:00:00.0,123.0,25,test,543478,543601
694,2025-03-08T20:00:00.0,-66.52214174915281,2025-03-13T09:00:00.0,2025-03-15T00:00:00.0,196.0,25,test,545085,545281
695,2025-03-19T05:00:00.0,-60.43289080297808,2025-03-22T02:00:00.0,2025-03-23T16:00:00.0,155.0,25,test,545334,545489
696,2025-03-25T18:00:00.0,-66.00358418299963,2025-03-26T20:00:00.0,2025-03-28T00:00:00.0,102.0,25,test,545491,545593
697,2025-04-03T13:00:00.0,-70.0434155197633,2025-04-04T22:00:00.0,2025-04-07T07:00:00.0,138.0,25,test,545702,545840
698,2025-04-12T11:00:00.0,-134.30411788732093,2025-04-16T17:00:00.0,2025-04-18T17:00:00.0,198.0,25,test,545916,546114
699,2025-05-01T22:00:00.0,-60.33798811204241,2025-05-02T23:00:00.0,2025-05-04T10:00:00.0,108.0,25,test,546383,546491
700,2025-05-09T19:00:00.0,-64.85519068642785,2025-05-09T23:00:00.0,2025-05-10T08:00:00.0,61.0,25,test,546572,546633
701,2025-05-16T22:00:00.0,-72.01968539952483,2025-05-17T05:00:00.0,2025-05-18T05:00:00.0,79.0,25,test,546743,546822
702,2025-05-28T17:00:00.0,-130.73001064955727,2025-06-01T10:00:00.0,2025-06-04T02:00:00.0,201.0,25,test,547026,547227
703,2025-06-11T22:00:00.0,-107.35876599118257,2025-06-13T21:00:00.0,2025-06-14T23:00:00.0,121.0,25,test,547367,547488
704,2025-07-07T00:00:00.0,-55.24208695426418,2025-07-07T02:00:00.0,2025-07-07T09:00:00.0,57.0,25,test,547969,548026
705,2025-08-09T01:00:00.0,-85.72022832947398,2025-08-09T10:00:00.0,2025-08-11T11:00:00.0,106.0,25,test,548762,548868
706,2025-09-02T18:00:00.0,-77.87171560011004,2025-09-02T22:00:00.0,2025-09-03T11:00:00.0,65.0,25,test,549355,549420
707,2025-09-15T00:00:00.0,-83.11762070856041,2025-09-15T02:00:00.0,2025-09-16T11:00:00.0,83.0,25,test,549649,549732
708,2025-09-29T08:00:00.0,-109.08773122828359,2025-09-30T07:00:00.0,2025-10-05T09:00:00.0,193.0,25,test,549993,550186
709,2025-10-18T17:00:00.0,-64.10254217532317,2025-10-18T21:00:00.0,2025-10-19T16:00:00.0,71.0,25,test,550458,550529
710,2025-10-30T06:00:00.0,-69.30938754668047,2025-10-30T14:00:00.0,2025-11-01T00:00:00.0,90.0,25,test,550735,550825
711,2025-11-05T20:00:00.0,-123.30854754235506,2025-11-06T06:00:00.0,2025-11-06T20:00:00.0,72.0,25,test,550893,550965
712,2025-11-12T01:00:00.0,-224.23817923618654,2025-11-12T04:00:00.0,2025-11-14T17:00:00.0,112.0,25,test,551042,551154
713,2025-12-03T15:00:00.0,-67.44323106657731,2025-12-03T22:00:00.0,2025-12-04T21:00:00.0,78.0,25,test,551560,551638
714,2025-12-10T23:00:00.0,-74.50196320510476,2025-12-11T03:00:00.0,2025-12-11T12:00:00.0,61.0,25,test,551736,551797
