storm_id,onset_time,min_dst,min_dst_time,recovery_end_time,duration_hr,solar_cycle,split,onset_idx,end_idx
1,1964-01-02T05:00:00.0,-101.30287389062799,1964-01-02T10:00:00.0,1964-01-04T13:00:00.0,104.0,20,train,8766,8870
2,1965-09-15T21:00:00.0,-57.104839032387005,1965-09-16T01:00:00.0,1965-09-16T05:00:00.0,56.0,20,train,23710,23766
3,1966-07-09T01:00:00.0,-73.81715637309547,1966-07-09T08:00:00.0,1966-07-11T01:00:00.0,96.0,20,train,30818,30914
4,1967-01-20T12:00:00.0,-57.98708281331878,1967-01-20T17:00:00.0,1967-01-22T02:00:00.0,86.0,20,train,35509,35595
5,1967-02-07T17:00:00.0,-125.6347497726897,1967-02-07T23:00:00.0,1967-02-10T13:00:00.0,116.0,20,train,35946,36062
6,1967-02-16T10:00:00.0,-145.18636813305733,1967-02-16T13:00:00.0,1967-02-19T01:00:00.0,111.0,20,train,36155,36266
7,1967-02-23T14:00:00.0,-70.31839871297868,1967-02-23T18:00:00.0,1967-02-24T15:00:00.0,73.0,20,train,36327,36400
8,1967-04-23T16:00:00.0,-55.01641472754095,1967-04-24T02:00:00.0,1967-04-24T10:00:00.0,66.0,20,train,37745,37811
9,1967-06-25T20:00:00.0,-81.84310506598939,1967-06-25T23:00:00.0,1967-06-26T13:00:00.0,65.0,20,train,39261,39326
10,1967-07-23T21:00:00.0,-51.0,1967-07-23T22:00:00.0,1967-07-24T02:00:00.0,53.0,20,train,39934,39987
11,1967-07-29T23:00:00.0,-53.24528814387294,1967-07-30T06:00:00.0,1967-07-31T22:00:00.0,95.0,20,train,40080,40175
12,1967-09-13T15:00:00.0,-54.06773709367448,1967-09-13T17:00:00.0,1967-09-14T00:00:00.0,57.0,20,train,41176,41233
13,1967-09-20T07:00:00.0,-110.0,1967-09-21T08:00:00.0,1967-09-23T15:00:00.0,128.0,20,train,41336,41464
14,1967-09-28T05:00:00.0,-101.22834955691752,1967-09-29T08:00:00.0,1967-10-01T23:00:00.0,138.0,20,train,41526,41664
15,1967-10-09T19:00:00.0,-81.57096528799676,1967-10-10T01:00:00.0,1967-10-11T17:00:00.0,94.0,20,train,41804,41898
16,1967-12-01T02:00:00.0,-58.05975109036004,1967-12-01T23:00:00.0,1967-12-03T01:00:00.0,95.0,20,train,43059,43154
17,1967-12-31T04:00:00.0,-111.4106885331687,1968-01-02T10:00:00.0,1968-01-05T02:00:00.0,166.0,20,train,43781,43947
18,1968-02-03T14:00:00.0,-61.59014784506064,1968-02-04T11:00:00.0,1968-02-04T22:00:00.0,80.0,20,train,44607,44687
19,1968-02-10T17:00:00.0,-127.66434238798604,1968-02-11T09:00:00.0,1968-02-14T01:00:00.0,128.0,20,train,44778,44906
20,1968-02-18T06:00:00.0,-52.96235960001313,1968-02-18T18:00:00.0,1968-02-19T22:00:00.0,88.0,20,train,44959,45047
21,1968-02-28T13:00:00.0,-86.45203637065354,1968-02-28T20:00:00.0,1968-03-02T00:00:00.0,107.0,20,train,45206,45313
22,1968-03-05T08:00:00.0,-67.79276591055324,1968-03-05T12:00:00.0,1968-03-07T00:00:00.0,88.0,20,train,45345,45433
23,1968-03-30T16:00:00.0,-59.927900684434746,1968-03-30T22:00:00.0,1968-03-31T12:00:00.0,68.0,20,train,45953,46021
24,1968-04-05T18:00:00.0,-120.85580136886949,1968-04-05T21:00:00.0,1968-04-07T14:00:00.0,92.0,20,train,46099,46191
25,1968-05-01T20:00:00.0,-91.54468481419957,1968-05-07T07:00:00.0,1968-05-07T23:00:00.0,195.0,20,train,46725,46920
26,1968-06-10T23:00:00.0,-88.0,1968-06-11T05:00:00.0,1968-06-15T10:00:00.0,155.0,20,train,47688,47843
27,1968-09-07T20:00:00.0,-91.21375237026294,1968-09-08T08:00:00.0,1968-09-09T19:00:00.0,95.0,20,train,49821,49916
28,1969-01-24T17:00:00.0,-57.59562924192356,1969-01-25T08:00:00.0,1969-01-26T00:00:00.0,79.0,20,train,53154,53233
29,1969-02-02T18:00:00.0,-196.054,1969-02-02T22:00:00.0,1969-02-05T20:00:00.0,122.0,20,train,53371,53493
30,1969-02-10T22:00:00.0,-133.83217119399302,1969-02-11T19:00:00.0,1969-02-14T15:00:00.0,137.0,20,train,53567,53704
31,1969-03-16T05:00:00.0,-65.424,1969-03-20T02:00:00.0,1969-03-21T14:00:00.0,177.0,20,train,54366,54543
32,1969-03-23T19:00:00.0,-239.55279007129715,1969-03-24T01:00:00.0,1969-03-27T20:00:00.0,145.0,20,train,54548,54693
33,1969-04-02T17:00:00.0,-73.712,1969-04-03T00:00:00.0,1969-04-04T14:00:00.0,93.0,20,train,54786,54879
34,1969-04-13T14:00:00.0,-63.865773051191525,1969-04-13T20:00:00.0,1969-04-14T10:00:00.0,68.0,20,train,55047,55115
35,1969-07-27T00:00:00.0,-72.986,1969-07-27T06:00:00.0,1969-07-27T23:00:00.0,71.0,20,train,57553,57624
36,1969-09-05T14:00:00.0,-53.950729132310954,1969-09-08T09:00:00.0,1969-09-08T23:00:00.0,129.0,20,train,58527,58656
37,1970-05-28T10:00:00.0,-87.0,1970-05-28T15:00:00.0,1970-05-31T02:00:00.0,112.0,20,train,64883,64995
38,1970-08-08T08:00:00.0,-61.0,1970-08-08T10:00:00.0,1970-08-09T20:00:00.0,84.0,20,train,66609,66693
39,1971-03-31T14:00:00.0,-54.51451489479511,1971-04-04T02:00:00.0,1971-04-04T08:00:00.0,138.0,20,train,72255,72393
40,1971-04-09T06:00:00.0,-147.7727572732227,1971-04-15T01:00:00.0,1971-04-15T08:00:00.0,194.0,20,train,72463,72657
41,1971-04-21T17:00:00.0,-92.72888894993895,1971-04-22T01:00:00.0,1971-04-23T12:00:00.0,91.0,20,train,72762,72853
42,1971-05-02T01:00:00.0,-62.14193052420991,1971-05-07T06:00:00.0,1971-05-08T05:00:00.0,196.0,20,train,73010,73206
43,1971-05-16T23:00:00.0,-79.7225520829158,1971-05-17T15:00:00.0,1971-05-20T02:00:00.0,123.0,20,train,73368,73491
44,1972-01-15T16:00:00.0,-87.74933517868386,1972-01-21T15:00:00.0,1972-01-21T17:00:00.0,193.0,20,train,79217,79410
45,1972-02-17T14:00:00.0,-62.01510283958517,1972-02-19T01:00:00.0,1972-02-20T22:00:00.0,128.0,20,train,80007,80135
46,1972-02-24T08:00:00.0,-93.07725421627964,1972-02-24T15:00:00.0,1972-02-26T12:00:00.0,100.0,20,train,80169,80269
47,1972-03-06T23:00:00.0,-74.67888811270858,1972-03-07T06:00:00.0,1972-03-08T00:00:00.0,73.0,20,train,80448,80521
48,1972-03-29T12:00:00.0,-64.02138894689111,1972-03-30T07:00:00.0,1972-03-31T00:00:00.0,84.0,20,train,80989,81073
49,1972-04-18T02:00:00.0,-54.07215167121137,1972-04-21T09:00:00.0,1972-04-22T00:00:00.0,142.0,20,train,81459,81601
50,1972-05-15T20:00:00.0,-93.00224261941317,1972-05-16T01:00:00.0,1972-05-17T23:00:00.0,99.0,20,train,82125,82224
51,1972-10-11T00:00:00.0,-58.68386425802697,1972-10-11T07:00:00.0,1972-10-11T23:00:00.0,71.0,20,train,85681,85752
52,1972-10-19T01:00:00.0,-74.0,1972-10-19T08:00:00.0,1972-10-24T12:00:00.0,179.0,20,train,85874,86053
53,1972-11-15T22:00:00.0,-51.20810008410695,1972-11-16T12:00:00.0,1972-11-17T04:00:00.0,78.0,20,train,86543,86621
54,1973-01-05T17:00:00.0,-52.28733906649603,1973-01-05T19:00:00.0,1973-01-06T12:00:00.0,67.0,20,train,87762,87829
55,1973-01-19T23:00:00.0,-72.0,1973-01-21T05:00:00.0,1973-01-21T20:00:00.0,93.0,20,train,88104,88197
56,1973-02-21T17:00:00.0,-126.57125812966535,1973-02-21T22:00:00.0,1973-02-27T18:00:00.0,193.0,20,train,88890,89083
57,1973-03-18T18:00:00.0,-91.45354898212663,1973-03-19T14:00:00.0,1973-03-24T23:00:00.0,197.0,20,train,89491,89688
58,1973-03-28T00:00:00.0,-221.4385230834589,1973-04-01T22:00:00.0,1973-04-04T00:00:00.0,216.0,20,train,89713,89929
59,1973-04-11T04:00:00.0,-144.10400957164302,1973-04-14T08:00:00.0,1973-04-17T06:00:00.0,194.0,20,train,90053,90247
60,1973-04-19T07:00:00.0,-76.95146836167004,1973-04-20T00:00:00.0,1973-04-26T07:00:00.0,216.0,20,train,90248,90464
61,1973-04-28T12:00:00.0,-82.68250136542609,1973-04-29T06:00:00.0,1973-05-01T05:00:00.0,113.0,20,train,90469,90582
62,1973-05-13T21:00:00.0,-107.73698051564267,1973-05-14T02:00:00.0,1973-05-18T03:00:00.0,150.0,20,train,90838,90988
63,1973-05-21T04:00:00.0,-107.58565286795636,1973-05-21T08:00:00.0,1973-05-24T03:00:00.0,119.0,20,train,91013,91132
64,1973-06-10T20:00:00.0,-62.317603578083904,1973-06-10T23:00:00.0,1973-06-12T12:00:00.0,88.0,20,train,91509,91597
65,1973-09-23T02:00:00.0,-97.72599671909653,1973-09-26T13:00:00.0,1973-09-27T23:00:00.0,165.0,20,train,94011,94176
66,1973-11-21T17:00:00.0,-65.98374756637146,1973-11-21T21:00:00.0,1973-11-22T15:00:00.0,70.0,20,train,95442,95512
67,1973-12-04T17:00:00.0,-67.0,1973-12-04T22:00:00.0,1973-12-05T15:00:00.0,70.0,20,train,95754,95824
68,1974-01-25T06:00:00.0,-69.05892954673293,1974-01-25T21:00:00.0,1974-01-26T14:00:00.0,80.0,20,train,96991,97071
69,1974-03-16T14:00:00.0,-94.65570421022863,1974-03-16T19:00:00.0,1974-03-17T17:00:00.0,75.0,20,train,98199,98274
70,1974-03-20T18:00:00.0,-80.71829596114985,1974-03-21T17:00:00.0,1974-03-23T22:00:00.0,124.0,20,train,98299,98423
71,1974-04-18T03:00:00.0,-89.85607933885296,1974-04-18T09:00:00.0,1974-04-20T11:00:00.0,104.0,20,train,98980,99084
72,1974-05-15T13:00:00.0,-50.98708281331878,1974-05-15T22:00:00.0,1974-05-16T01:00:00.0,60.0,20,train,99638,99698
73,1974-07-05T00:00:00.0,-220.07697760090664,1974-07-06T06:00:00.0,1974-07-11T02:00:00.0,194.0,20,train,100849,101043
74,1974-07-23T02:00:00.0,-81.56003287935114,1974-07-23T11:00:00.0,1974-07-26T10:00:00.0,128.0,20,train,101283,101411
75,1974-08-02T19:00:00.0,-63.007359301564634,1974-08-02T22:00:00.0,1974-08-03T09:00:00.0,62.0,20,train,101540,101602
76,1974-10-08T22:00:00.0,-119.64524964479463,1974-10-13T14:00:00.0,1974-10-15T05:00:00.0,199.0,20,train,103151,103350
77,1974-11-08T20:00:00.0,-81.63431274619094,1974-11-11T20:00:00.0,1974-11-14T21:00:00.0,193.0,20,train,103893,104086
78,1975-03-27T14:00:00.0,-74.29865957678729,1975-03-27T18:00:00.0,1975-03-29T12:00:00.0,94.0,20,train,107223,107317
79,1975-04-08T13:00:00.0,-57.307799818151764,1975-04-09T06:00:00.0,1975-04-10T12:00:00.0,95.0,20,train,107510,107605
80,1975-04-20T18:00:00.0,-73.20810008410695,1975-04-20T21:00:00.0,1975-04-21T05:00:00.0,59.0,20,train,107803,107862
81,1975-07-07T19:00:00.0,-64.6047784989086,1975-07-08T05:00:00.0,1975-07-09T13:00:00.0,90.0,20,train,109676,109766
82,1975-07-25T06:00:00.0,-64.58781901822307,1975-07-25T08:00:00.0,1975-07-26T12:00:00.0,78.0,20,train,110095,110173
83,1975-10-07T09:00:00.0,-51.226636426084696,1975-10-08T23:00:00.0,1975-10-11T07:00:00.0,142.0,20,train,111874,112016
84,1975-10-31T02:00:00.0,-76.5822163139894,1975-11-03T08:00:00.0,1975-11-06T08:00:00.0,198.0,20,train,112443,112641
85,1975-11-17T12:00:00.0,-97.0,1975-11-22T18:00:00.0,1975-11-23T14:00:00.0,194.0,20,train,112861,113055
86,1975-11-29T10:00:00.0,-51.507522285309804,1975-11-29T17:00:00.0,1975-12-02T14:00:00.0,124.0,20,train,113147,113271
87,1975-12-27T04:00:00.0,-52.22368762929546,1975-12-27T22:00:00.0,1975-12-28T09:00:00.0,77.0,20,train,113813,113890
88,1976-02-27T15:00:00.0,-70.57125812966535,1976-02-29T05:00:00.0,1976-03-01T10:00:00.0,115.0,21,train,115312,115427
89,1976-03-07T20:00:00.0,-59.0,1976-03-08T04:00:00.0,1976-03-09T00:00:00.0,76.0,21,train,115533,115609
90,1976-04-01T20:00:00.0,-132.88637863661137,1976-04-01T20:00:00.0,1976-04-08T20:00:00.0,216.0,21,train,116133,116349
91,1976-10-30T16:00:00.0,-60.878572512173335,1976-10-31T07:00:00.0,1976-11-01T18:00:00.0,98.0,21,train,121217,121315
92,1976-11-10T19:00:00.0,-50.007359301564634,1976-11-11T13:00:00.0,1976-11-12T14:00:00.0,91.0,21,train,121484,121575
93,1976-12-08T06:00:00.0,-70.13371161443447,1976-12-08T11:00:00.0,1976-12-08T23:00:00.0,65.0,21,train,122143,122208
94,1977-01-30T01:00:00.0,-96.96677461823101,1977-01-30T22:00:00.0,1977-02-01T00:00:00.0,95.0,21,train,123410,123505
95,1977-05-11T13:00:00.0,-60.133711614434475,1977-05-12T06:00:00.0,1977-05-13T08:00:00.0,91.0,21,train,125846,125937
96,1977-09-10T23:00:00.0,-58.433059433065154,1977-09-13T19:00:00.0,1977-09-14T15:00:00.0,136.0,21,train,128784,128920
97,1977-10-12T02:00:00.0,-75.36652361466314,1977-10-12T08:00:00.0,1977-10-12T23:00:00.0,69.0,21,train,129531,129600
98,1977-10-17T20:00:00.0,-95.36935407824421,1977-10-19T02:00:00.0,1977-10-23T23:00:00.0,195.0,21,train,129669,129864
99,1977-11-13T08:00:00.0,-65.0,1977-11-14T21:00:00.0,1977-11-17T12:00:00.0,148.0,21,train,130305,130453
100,1977-11-25T19:00:00.0,-89.26813415669287,1977-11-26T00:00:00.0,1977-11-26T17:00:00.0,70.0,21,train,130604,130674
101,1977-12-11T04:00:00.0,-116.98849148606584,1977-12-11T11:00:00.0,1977-12-14T20:00:00.0,136.0,21,train,130973,131109
102,1978-01-03T21:00:00.0,-121.0,1978-01-05T00:00:00.0,1978-01-08T04:00:00.0,151.0,21,train,131542,131693
103,1978-01-16T14:00:00.0,-58.53813867040758,1978-01-16T18:00:00.0,1978-01-17T12:00:00.0,70.0,21,train,131847,131917
104,1978-01-29T05:00:00.0,-97.75141180739277,1978-01-30T11:00:00.0,1978-02-01T18:00:00.0,133.0,21,train,132150,132283
105,1978-02-09T07:00:00.0,-108.0,1978-02-15T11:00:00.0,1978-02-15T11:00:00.0,196.0,21,train,132416,132612
106,1978-02-21T15:00:00.0,-68.14841922057553,1978-02-27T20:00:00.0,1978-02-27T20:00:00.0,197.0,21,train,132712,132909
107,1978-04-10T22:00:00.0,-115.14830358527477,1978-04-11T02:00:00.0,1978-04-16T08:00:00.0,178.0,21,train,133871,134049
108,1978-05-09T04:00:00.0,-139.40950482766985,1978-05-09T09:00:00.0,1978-05-13T18:00:00.0,158.0,21,train,134549,134707
109,1978-05-21T20:00:00.0,-66.27777406535891,1978-05-22T18:00:00.0,1978-05-25T11:00:00.0,135.0,21,train,134853,134988
110,1978-08-27T19:00:00.0,-238.0840602147889,1978-08-28T09:00:00.0,1978-09-03T03:00:00.0,200.0,21,train,137204,137404
111,1978-09-06T05:00:00.0,-81.08815112993427,1978-09-08T04:00:00.0,1978-09-08T19:00:00.0,110.0,21,train,137430,137540
112,1978-09-25T06:00:00.0,-223.31839871297868,1978-09-29T10:00:00.0,1978-10-01T11:00:00.0,197.0,21,train,137887,138084
113,1978-10-18T01:00:00.0,-68.73586443161884,1978-10-18T06:00:00.0,1978-10-20T03:00:00.0,98.0,21,train,138434,138532
114,1978-10-26T22:00:00.0,-104.72054762972098,1978-10-27T08:00:00.0,1978-11-02T00:00:00.0,194.0,21,train,138647,138841
115,1978-11-10T18:00:00.0,-105.18658060171875,1978-11-12T12:00:00.0,1978-11-14T09:00:00.0,135.0,21,train,139003,139138
116,1978-11-24T16:00:00.0,-155.52955527102728,1978-11-25T18:00:00.0,1978-11-29T00:00:00.0,152.0,21,train,139337,139489
117,1978-12-14T06:00:00.0,-79.72054762972098,1978-12-18T16:00:00.0,1978-12-20T06:00:00.0,192.0,21,train,139807,139999
118,1978-12-25T14:00:00.0,-58.65824253204211,1978-12-31T01:00:00.0,1978-12-31T15:00:00.0,193.0,21,train,140079,140272
119,1979-01-02T22:00:00.0,-96.15027076410396,1979-01-07T20:00:00.0,1979-01-09T04:00:00.0,198.0,21,train,140279,140477
120,1979-01-22T20:00:00.0,-92.12451599225575,1979-01-24T00:00:00.0,1979-01-25T01:00:00.0,101.0,21,train,140757,140858
121,1979-02-04T16:00:00.0,-53.767331058175515,1979-02-04T23:00:00.0,1979-02-05T21:00:00.0,77.0,21,train,141065,141142
122,1979-02-11T21:00:00.0,-66.52489271099736,1979-02-12T06:00:00.0,1979-02-12T19:00:00.0,70.0,21,train,141238,141308
123,1979-02-21T05:00:00.0,-122.0248469736135,1979-02-21T21:00:00.0,1979-02-23T01:00:00.0,92.0,21,train,141462,141554
124,1979-02-25T20:00:00.0,-80.44721758678813,1979-03-04T11:00:00.0,1979-03-04T19:00:00.0,215.0,21,train,141573,141788
125,1979-03-10T02:00:00.0,-141.40589343820105,1979-03-10T23:00:00.0,1979-03-12T18:00:00.0,112.0,21,train,141867,141979
126,1979-03-22T11:00:00.0,-91.63431274619094,1979-03-22T16:00:00.0,1979-03-23T22:00:00.0,83.0,21,train,142164,142247
127,1979-03-26T17:00:00.0,-127.38198763589037,1979-03-29T21:00:00.0,1979-04-02T17:00:00.0,216.0,21,train,142266,142482
128,1979-04-05T15:00:00.0,-57.876000000000005,1979-04-05T21:00:00.0,1979-04-06T18:00:00.0,75.0,21,train,142504,142579
129,1979-04-16T02:00:00.0,-101.44570816283024,1979-04-22T03:00:00.0,1979-04-22T04:00:00.0,194.0,21,train,142755,142949
130,1979-04-25T02:00:00.0,-148.4347321474076,1979-04-25T12:00:00.0,1979-05-01T05:00:00.0,195.0,21,train,142971,143166
131,1979-05-21T15:00:00.0,-74.52489271099736,1979-05-22T10:00:00.0,1979-05-23T09:00:00.0,90.0,21,train,143608,143698
132,1979-06-22T15:00:00.0,-52.94556870093562,1979-06-22T18:00:00.0,1979-06-23T12:00:00.0,69.0,21,train,144376,144445
133,1979-07-26T21:00:00.0,-93.21138928566356,1979-07-27T02:00:00.0,1979-07-27T10:00:00.0,61.0,21,train,145198,145259
134,1979-08-13T12:00:00.0,-79.20815451832893,1979-08-13T21:00:00.0,1979-08-15T01:00:00.0,85.0,21,train,145621,145706
135,1979-08-19T00:00:00.0,-68.52508873522054,1979-08-19T02:00:00.0,1979-08-19T22:00:00.0,70.0,21,train,145753,145823
136,1979-08-29T06:00:00.0,-142.77488148769345,1979-08-29T18:00:00.0,1979-08-31T12:00:00.0,102.0,21,train,145999,146101
137,1979-09-18T00:00:00.0,-163.37930657872914,1979-09-18T16:00:00.0,1979-09-21T01:00:00.0,121.0,21,train,146473,146594
138,1979-10-06T12:00:00.0,-79.0,1979-10-08T10:00:00.0,1979-10-11T01:00:00.0,157.0,21,train,146917,147074
139,1979-11-13T02:00:00.0,-95.00258090496177,1979-11-13T16:00:00.0,1979-11-15T05:00:00.0,99.0,21,train,147819,147918
140,1979-11-24T04:00:00.0,-63.02760423101654,1979-11-25T03:00:00.0,1979-11-25T19:00:00.0,87.0,21,train,148085,148172
141,1980-01-01T02:00:00.0,-99.4453210577751,1980-01-01T22:00:00.0,1980-01-03T00:00:00.0,94.0,21,train,148995,149089
142,1980-01-13T12:00:00.0,-63.2973363927525,1980-01-13T22:00:00.0,1980-01-14T20:00:00.0,80.0,21,train,149293,149373
143,1980-01-27T15:00:00.0,-69.90565829394224,1980-01-29T02:00:00.0,1980-01-31T01:00:00.0,130.0,21,train,149632,149762
144,1980-02-06T08:00:00.0,-90.4809428330916,1980-02-06T19:00:00.0,1980-02-09T09:00:00.0,121.0,21,train,149865,149986
145,1980-02-15T20:00:00.0,-132.0581025497144,1980-02-16T08:00:00.0,1980-02-19T12:00:00.0,136.0,21,train,150093,150229
146,1980-03-26T00:00:00.0,-73.80726903225298,1980-03-26T10:00:00.0,1980-03-27T08:00:00.0,80.0,21,train,151033,151113
147,1980-04-09T10:00:00.0,-82.03060892447853,1980-04-11T21:00:00.0,1980-04-14T07:00:00.0,165.0,21,train,151379,151544
148,1980-05-11T09:00:00.0,-64.81309205065976,1980-05-12T04:00:00.0,1980-05-13T04:00:00.0,91.0,21,train,152146,152237
149,1980-05-25T04:00:00.0,-129.7897444196984,1980-05-25T13:00:00.0,1980-05-27T00:00:00.0,92.0,21,train,152477,152569
150,1980-06-01T03:00:00.0,-55.68169729949162,1980-06-01T15:00:00.0,1980-06-02T08:00:00.0,77.0,21,train,152644,152721
151,1980-06-11T03:00:00.0,-73.92790068443475,1980-06-11T16:00:00.0,1980-06-14T07:00:00.0,124.0,21,train,152884,153008
152,1980-06-26T17:00:00.0,-50.46588189235425,1980-06-26T20:00:00.0,1980-06-27T03:00:00.0,58.0,21,train,153258,153316
153,1980-07-18T20:00:00.0,-87.88995637898617,1980-07-18T22:00:00.0,1980-07-20T10:00:00.0,86.0,21,train,153789,153875
154,1980-07-25T18:00:00.0,-94.39372369563227,1980-07-25T22:00:00.0,1980-07-27T04:00:00.0,82.0,21,train,153955,154037
155,1980-08-27T07:00:00.0,-59.81842375276838,1980-08-27T11:00:00.0,1980-08-28T02:00:00.0,67.0,21,train,154736,154803
156,1980-09-05T17:00:00.0,-52.706398250529496,1980-09-05T21:00:00.0,1980-09-06T04:00:00.0,59.0,21,train,154962,155021
157,1980-09-12T06:00:00.0,-58.90728533293799,1980-09-13T10:00:00.0,1980-09-14T12:00:00.0,102.0,21,train,155119,155221
158,1980-10-04T04:00:00.0,-77.68604811055572,1980-10-04T15:00:00.0,1980-10-06T16:00:00.0,108.0,21,train,155645,155753
159,1980-10-10T20:00:00.0,-103.0072193940175,1980-10-11T08:00:00.0,1980-10-13T06:00:00.0,106.0,21,train,155805,155911
160,1980-10-22T19:00:00.0,-93.9727471200121,1980-10-23T14:00:00.0,1980-10-27T10:00:00.0,159.0,21,train,156092,156251
161,1980-10-31T12:00:00.0,-64.40886842962517,1980-10-31T16:00:00.0,1980-11-02T14:00:00.0,98.0,21,train,156301,156399
162,1980-11-27T06:00:00.0,-65.14830358527477,1980-11-30T22:00:00.0,1980-12-01T15:00:00.0,153.0,21,train,156943,157096
163,1980-12-19T13:00:00.0,-244.7894568620963,1980-12-19T18:00:00.0,1980-12-22T23:00:00.0,130.0,21,train,157478,157608
164,1980-12-30T06:00:00.0,-54.44434562415731,1980-12-30T09:00:00.0,1980-12-30T23:00:00.0,65.0,21,train,157735,157800
165,1981-02-05T05:00:00.0,-130.91417317069872,1981-02-07T00:00:00.0,1981-02-08T14:00:00.0,129.0,21,train,158622,158751
166,1981-02-24T17:00:00.0,-72.50438062259799,1981-03-02T10:00:00.0,1981-03-02T22:00:00.0,197.0,21,train,159090,159287
167,1981-03-05T04:00:00.0,-222.58049461128525,1981-03-05T17:00:00.0,1981-03-09T08:00:00.0,148.0,21,train,159293,159441
168,1981-03-13T15:00:00.0,-94.85607933885296,1981-03-14T15:00:00.0,1981-03-16T18:00:00.0,123.0,21,train,159496,159619
169,1981-03-25T12:00:00.0,-76.18029569012128,1981-03-25T22:00:00.0,1981-03-28T03:00:00.0,111.0,21,train,159781,159892
170,1981-03-30T04:00:00.0,-62.372640443731,1981-03-31T23:00:00.0,1981-04-02T21:00:00.0,137.0,21,train,159893,160030
171,1981-04-11T23:00:00.0,-325.1284111714211,1981-04-13T06:00:00.0,1981-04-16T09:00:00.0,154.0,21,train,160200,160354
172,1981-04-19T01:00:00.0,-97.59329030085937,1981-04-20T21:00:00.0,1981-04-25T10:00:00.0,201.0,21,train,160370,160571
173,1981-04-27T23:00:00.0,-54.40589343820105,1981-04-29T00:00:00.0,1981-04-30T07:00:00.0,104.0,21,train,160584,160688
174,1981-05-09T04:00:00.0,-144.69361891127556,1981-05-11T04:00:00.0,1981-05-13T08:00:00.0,148.0,21,train,160853,161001
175,1981-05-15T09:00:00.0,-138.09958938635685,1981-05-18T06:00:00.0,1981-05-22T02:00:00.0,209.0,21,train,161002,161211
176,1981-05-24T03:00:00.0,-59.0,1981-05-25T00:00:00.0,1981-05-26T18:00:00.0,111.0,21,train,161212,161323
177,1981-06-07T19:00:00.0,-68.78254904156444,1981-06-08T01:00:00.0,1981-06-08T15:00:00.0,68.0,21,train,161564,161632
178,1981-06-29T07:00:00.0,-77.44353940001969,1981-06-29T10:00:00.0,1981-06-30T04:00:00.0,69.0,21,train,162080,162149
179,1981-07-17T19:00:00.0,-91.85119720457405,1981-07-23T18:00:00.0,1981-07-23T20:00:00.0,193.0,21,train,162524,162717
180,1981-07-25T21:00:00.0,-206.16381808263188,1981-07-25T21:00:00.0,1981-08-01T21:00:00.0,216.0,21,train,162718,162934
181,1981-08-05T17:00:00.0,-61.20841231942734,1981-08-06T00:00:00.0,1981-08-08T09:00:00.0,112.0,21,train,162978,163090
182,1981-08-21T06:00:00.0,-113.11828419238763,1981-08-23T22:00:00.0,1981-08-26T05:00:00.0,167.0,21,train,163351,163518
183,1981-08-28T10:00:00.0,-60.89164776630294,1981-08-29T15:00:00.0,1981-08-30T23:00:00.0,109.0,21,train,163523,163632
184,1981-09-04T21:00:00.0,-50.504380622597985,1981-09-05T01:00:00.0,1981-09-05T18:00:00.0,69.0,21,train,163702,163771
185,1981-09-11T04:00:00.0,-65.14830358527477,1981-09-11T10:00:00.0,1981-09-12T00:00:00.0,68.0,21,train,163853,163921
186,1981-09-18T21:00:00.0,-80.8816144604449,1981-09-19T07:00:00.0,1981-09-20T20:00:00.0,95.0,21,train,164038,164133
187,1981-09-26T08:00:00.0,-85.19161318284009,1981-09-26T19:00:00.0,1981-09-28T16:00:00.0,104.0,21,train,164217,164321
188,1981-10-07T11:00:00.0,-117.33218497149053,1981-10-11T15:00:00.0,1981-10-13T14:00:00.0,195.0,21,train,164484,164679
189,1981-10-19T19:00:00.0,-200.426436008697,1981-10-20T19:00:00.0,1981-10-26T14:00:00.0,211.0,21,train,164780,164991
190,1981-11-07T01:00:00.0,-124.0,1981-11-12T07:00:00.0,1981-11-13T04:00:00.0,195.0,21,train,165218,165413
191,1981-11-17T11:00:00.0,-79.74381887412478,1981-11-17T17:00:00.0,1981-11-23T13:00:00.0,194.0,21,train,165468,165662
192,1981-12-12T13:00:00.0,-58.40589343820105,1981-12-13T06:00:00.0,1981-12-14T01:00:00.0,84.0,21,train,166070,166154
193,1981-12-29T06:00:00.0,-82.0,1981-12-30T12:00:00.0,1981-12-31T06:00:00.0,96.0,21,train,166471,166567
194,1982-01-28T09:00:00.0,-138.1078041283738,1982-02-02T08:00:00.0,1982-02-03T10:00:00.0,193.0,21,train,167194,167387
195,1982-02-05T11:00:00.0,-107.67888811270858,1982-02-10T20:00:00.0,1982-02-12T11:00:00.0,216.0,21,train,167388,167604
196,1982-02-14T12:00:00.0,-94.08815112993427,1982-02-14T23:00:00.0,1982-02-17T02:00:00.0,110.0,21,train,167605,167715
197,1982-02-21T20:00:00.0,-93.38463225130242,1982-02-23T01:00:00.0,1982-02-27T13:00:00.0,185.0,21,train,167781,167966
198,1982-03-01T14:00:00.0,-221.7194157379981,1982-03-02T05:00:00.0,1982-03-06T01:00:00.0,155.0,21,train,167967,168122
199,1982-03-09T04:00:00.0,-52.0,1982-03-10T04:00:00.0,1982-03-10T17:00:00.0,85.0,21,train,168149,168234
200,1982-03-21T14:00:00.0,-60.26438275517532,1982-03-22T05:00:00.0,1982-03-22T12:00:00.0,70.0,21,train,168447,168517
201,1982-04-01T22:00:00.0,-89.78254904156444,1982-04-03T05:00:00.0,1982-04-05T17:00:00.0,139.0,21,train,168719,168858
202,1982-04-10T06:00:00.0,-141.43497172009072,1982-04-10T20:00:00.0,1982-04-12T21:00:00.0,111.0,21,train,168919,169030
203,1982-04-17T08:00:00.0,-61.06121784895704,1982-04-17T10:00:00.0,1982-04-18T01:00:00.0,65.0,21,train,169089,169154
204,1982-04-25T03:00:00.0,-81.33735121980347,1982-04-25T10:00:00.0,1982-04-27T04:00:00.0,97.0,21,train,169276,169373
205,1982-04-29T18:00:00.0,-66.92939730246252,1982-04-30T01:00:00.0,1982-05-02T12:00:00.0,114.0,21,train,169387,169501
206,1982-05-27T06:00:00.0,-62.208100084106945,1982-05-28T05:00:00.0,1982-05-29T12:00:00.0,102.0,21,train,170047,170149
207,1982-06-10T04:00:00.0,-71.15248030489435,1982-06-10T06:00:00.0,1982-06-10T23:00:00.0,67.0,21,train,170381,170448
208,1982-06-22T22:00:00.0,-66.50438062259799,1982-06-23T05:00:00.0,1982-06-23T23:00:00.0,73.0,21,train,170687,170760
209,1982-06-30T04:00:00.0,-57.09637017107596,1982-06-30T07:00:00.0,1982-07-01T01:00:00.0,69.0,21,train,170861,170930
210,1982-07-12T12:00:00.0,-351.8774454260052,1982-07-14T01:00:00.0,1982-07-18T14:00:00.0,194.0,21,train,171157,171351
211,1982-07-23T11:00:00.0,-76.86475277648195,1982-07-24T19:00:00.0,1982-07-29T05:00:00.0,186.0,21,train,171420,171606
212,1982-08-02T09:00:00.0,-161.34821016704606,1982-08-07T07:00:00.0,1982-08-08T15:00:00.0,198.0,21,train,171658,171856
213,1982-08-29T02:00:00.0,-56.82900781389087,1982-08-29T11:00:00.0,1982-08-31T09:00:00.0,103.0,21,train,172299,172402
214,1982-09-21T20:00:00.0,-220.21610011288595,1982-09-22T07:00:00.0,1982-09-25T16:00:00.0,140.0,21,train,172869,173009
215,1983-03-30T11:00:00.0,-56.55824672945276,1983-03-31T11:00:00.0,1983-04-02T13:00:00.0,122.0,21,train,177420,177542
216,1983-07-23T20:00:00.0,-77.59241940186753,1983-07-24T05:00:00.0,1983-07-25T10:00:00.0,86.0,21,train,180189,180275
217,1983-10-04T07:00:00.0,-78.73586443161884,1983-10-04T16:00:00.0,1983-10-05T05:00:00.0,70.0,21,train,181928,181998
218,1983-10-17T08:00:00.0,-70.28248224319621,1983-10-18T01:00:00.0,1983-10-20T09:00:00.0,121.0,21,train,182241,182362
219,1983-10-28T23:00:00.0,-59.01072379412469,1983-11-02T09:00:00.0,1983-11-03T00:00:00.0,169.0,21,train,182520,182689
220,1983-11-09T14:00:00.0,-91.77679580686107,1983-11-12T08:00:00.0,1983-11-14T10:00:00.0,164.0,21,train,182799,182963
221,1983-12-10T12:00:00.0,-66.20135327680994,1983-12-10T17:00:00.0,1983-12-11T08:00:00.0,68.0,21,train,183541,183609
222,1983-12-30T11:00:00.0,-77.19794108318965,1984-01-04T08:00:00.0,1984-01-04T16:00:00.0,173.0,21,train,184020,184193
223,1984-03-01T13:00:00.0,-90.0,1984-03-02T00:00:00.0,1984-03-04T15:00:00.0,122.0,21,train,185510,185632
224,1984-05-05T13:00:00.0,-61.483654511206765,1984-05-05T19:00:00.0,1984-05-06T03:00:00.0,62.0,21,train,187070,187132
225,1984-05-18T22:00:00.0,-80.30975282805402,1984-05-21T08:00:00.0,1984-05-24T07:00:00.0,177.0,21,train,187391,187568
226,1984-06-16T01:00:00.0,-52.87269126518878,1984-06-16T08:00:00.0,1984-06-17T02:00:00.0,73.0,21,train,188066,188139
227,1985-07-31T07:00:00.0,-62.434971720090715,1985-07-31T23:00:00.0,1985-08-01T08:00:00.0,73.0,21,train,197912,197985
228,1985-08-12T20:00:00.0,-58.193507853077705,1985-08-13T05:00:00.0,1985-08-14T13:00:00.0,89.0,21,train,198213,198302
229,1986-04-09T14:00:00.0,-51.0,1986-04-10T08:00:00.0,1986-04-11T17:00:00.0,99.0,22,train,203967,204066
230,1986-06-27T18:00:00.0,-60.10566450060509,1986-06-28T00:00:00.0,1986-06-28T14:00:00.0,68.0,22,train,205867,205935
231,1986-09-20T17:00:00.0,-64.12451599225575,1986-09-23T05:00:00.0,1986-09-25T05:00:00.0,156.0,22,train,207906,208062
232,1986-10-27T11:00:00.0,-65.42152835657295,1986-10-27T16:00:00.0,1986-10-28T12:00:00.0,73.0,22,train,208788,208861
233,1986-11-11T04:00:00.0,-50.41145441452402,1986-11-11T07:00:00.0,1986-11-11T20:00:00.0,64.0,22,train,209141,209205
234,1986-11-23T22:00:00.0,-107.44570816283024,1986-11-25T18:00:00.0,1986-11-28T11:00:00.0,157.0,22,train,209447,209604
235,1987-08-25T09:00:00.0,-97.0,1987-08-25T21:00:00.0,1987-08-28T06:00:00.0,117.0,22,train,216034,216151
236,1987-09-10T14:00:00.0,-88.45955843879173,1987-09-10T23:00:00.0,1987-09-13T07:00:00.0,113.0,22,train,216423,216536
237,1987-11-23T06:00:00.0,-75.90066574330561,1987-11-23T10:00:00.0,1987-11-28T21:00:00.0,183.0,22,train,218191,218374
238,1988-05-05T23:00:00.0,-168.38569544793273,1988-05-06T10:00:00.0,1988-05-10T21:00:00.0,166.0,22,train,222144,222310
239,1988-07-22T00:00:00.0,-53.438,1988-07-22T03:00:00.0,1988-07-23T18:00:00.0,90.0,22,train,223993,224083
240,1988-10-17T20:00:00.0,-73.38366419290281,1988-10-18T19:00:00.0,1988-10-20T03:00:00.0,103.0,22,train,226101,226204
241,1988-12-16T14:00:00.0,-79.85723886831332,1988-12-18T01:00:00.0,1988-12-21T18:00:00.0,172.0,22,train,227535,227707
242,1989-01-11T18:00:00.0,-140.50307239023152,1989-01-11T21:00:00.0,1989-01-17T18:00:00.0,192.0,22,train,228163,228355
243,1989-03-02T04:00:00.0,-82.0,1989-03-03T21:00:00.0,1989-03-07T13:00:00.0,177.0,22,train,229349,229526
244,1989-04-23T13:00:00.0,-139.58049461128525,1989-04-26T06:00:00.0,1989-04-29T16:00:00.0,195.0,22,train,230606,230801
245,1989-08-27T19:00:00.0,-168.96749513274293,1989-08-29T05:00:00.0,1989-09-01T09:00:00.0,158.0,22,train,233636,233794
246,1989-10-29T23:00:00.0,-80.52347929462799,1989-11-03T13:00:00.0,1989-11-04T11:00:00.0,180.0,22,train,235152,235332
247,1989-12-22T13:00:00.0,-66.98808665180337,1989-12-22T14:00:00.0,1989-12-22T20:00:00.0,55.0,22,train,236438,236493
248,1990-01-23T23:00:00.0,-58.99384515838172,1990-01-25T00:00:00.0,1990-01-25T23:00:00.0,96.0,22,train,237216,237312
249,1990-03-05T22:00:00.0,-59.01033514476285,1990-03-06T04:00:00.0,1990-03-07T10:00:00.0,84.0,22,train,238199,238283
250,1990-08-15T11:00:00.0,-57.3275883789979,1990-08-16T14:00:00.0,1990-08-17T00:00:00.0,85.0,22,train,242100,242185
251,1990-10-30T02:00:00.0,-53.88632926363809,1990-10-30T02:00:00.0,1990-10-30T15:00:00.0,61.0,22,train,243915,243976
252,1991-07-08T22:00:00.0,-198.95549146845687,1991-07-09T14:00:00.0,1991-07-12T10:00:00.0,132.0,22,train,249959,250091
253,1991-08-01T16:00:00.0,-119.21761153807799,1991-08-02T12:00:00.0,1991-08-07T23:00:00.0,199.0,22,train,250529,250728
254,1991-08-27T17:00:00.0,-113.39372369563227,1991-08-30T21:00:00.0,1991-09-02T18:00:00.0,193.0,22,train,251154,251347
255,1991-11-22T07:00:00.0,-117.27055082948479,1991-11-22T09:00:00.0,1991-11-26T13:00:00.0,150.0,22,train,253232,253382
256,1991-12-16T16:00:00.0,-60.38085188450198,1991-12-16T21:00:00.0,1991-12-18T23:00:00.0,103.0,22,train,253817,253920
257,1992-07-22T07:00:00.0,-76.01884613397873,1992-07-22T19:00:00.0,1992-07-23T10:00:00.0,75.0,22,train,259064,259139
258,1993-06-10T22:00:00.0,-51.76191537348528,1993-06-11T03:00:00.0,1993-06-11T14:00:00.0,64.0,22,train,266831,266895
259,1993-09-20T10:00:00.0,-65.68479273053998,1993-09-20T22:00:00.0,1993-09-22T11:00:00.0,97.0,22,train,269267,269364
260,1993-10-25T15:00:00.0,-87.18507868377537,1993-10-27T08:00:00.0,1993-10-30T13:00:00.0,166.0,22,train,270112,270278
261,1994-05-01T12:00:00.0,-82.53438092565735,1994-05-01T22:00:00.0,1994-05-07T15:00:00.0,195.0,22,train,274621,274816
262,1994-05-28T15:00:00.0,-68.0,1994-05-28T20:00:00.0,1994-06-03T20:00:00.0,197.0,22,train,275272,275469
263,1994-11-19T03:00:00.0,-59.84310506598939,1994-11-19T06:00:00.0,1994-11-21T12:00:00.0,105.0,22,train,279460,279565
264,1995-01-16T14:00:00.0,-102.03346588983936,1995-01-18T06:00:00.0,1995-01-19T23:00:00.0,129.0,22,train,280863,280992
265,1995-01-29T13:00:00.0,-62.363394598983234,1995-01-29T23:00:00.0,1995-02-01T23:00:00.0,130.0,22,train,281174,281304
266,1995-02-07T22:00:00.0,-78.82114596164827,1995-02-08T09:00:00.0,1995-02-09T07:00:00.0,81.0,22,train,281399,281480
267,1995-02-12T16:00:00.0,-52.38677855198927,1995-02-13T06:00:00.0,1995-02-16T11:00:00.0,139.0,22,train,281513,281652
268,1995-02-27T13:00:00.0,-92.37406664796013,1995-03-04T22:00:00.0,1995-03-05T20:00:00.0,199.0,22,train,281870,282069
269,1995-03-11T00:00:00.0,-71.34486908717658,1995-03-12T01:00:00.0,1995-03-15T01:00:00.0,145.0,22,train,282145,282290
270,1995-03-26T09:00:00.0,-108.68220992554643,1995-03-26T16:00:00.0,1995-03-29T01:00:00.0,112.0,22,train,282514,282626
271,1995-04-01T19:00:00.0,-156.25135699064595,1995-04-07T18:00:00.0,1995-04-08T04:00:00.0,201.0,22,train,282668,282869
272,1995-04-23T08:00:00.0,-55.10827128190442,1995-04-24T03:00:00.0,1995-04-25T13:00:00.0,101.0,22,train,283185,283286
273,1995-05-02T10:00:00.0,-62.26813415669287,1995-05-05T06:00:00.0,1995-05-08T16:00:00.0,198.0,22,train,283403,283601
274,1995-05-16T12:00:00.0,-90.43535772803975,1995-05-16T22:00:00.0,1995-05-21T06:00:00.0,162.0,22,train,283741,283903
275,1995-05-23T20:00:00.0,-71.97491552135921,1995-05-23T22:00:00.0,1995-05-25T15:00:00.0,91.0,22,train,283917,284008
276,1995-06-18T06:00:00.0,-51.71377515703738,1995-06-18T10:00:00.0,1995-06-18T20:00:00.0,62.0,22,train,284527,284589
277,1995-06-30T17:00:00.0,-53.712,1995-07-01T01:00:00.0,1995-07-01T13:00:00.0,68.0,22,train,284826,284894
278,1995-07-24T13:00:00.0,-54.54335438508495,1995-07-24T20:00:00.0,1995-07-25T10:00:00.0,69.0,22,train,285398,285467
279,1995-08-22T21:00:00.0,-61.66128672145574,1995-08-23T04:00:00.0,1995-08-23T15:00:00.0,66.0,22,train,286102,286168
280,1995-09-05T11:00:00.0,-65.95813581282243,1995-09-05T13:00:00.0,1995-09-07T02:00:00.0,87.0,22,train,286428,286515
281,1995-09-15T02:00:00.0,-55.519999999999996,1995-09-15T10:00:00.0,1995-09-16T00:00:00.0,70.0,22,train,286659,286729
282,1995-09-27T11:00:00.0,-111.71829596114985,1995-09-27T20:00:00.0,1995-09-29T08:00:00.0,93.0,22,train,286956,287049
283,1995-10-02T13:00:00.0,-96.246,1995-10-04T13:00:00.0,1995-10-08T22:00:00.0,201.0,22,train,287078,287279
284,1995-10-18T14:00:00.0,-123.57966252546905,1995-10-18T23:00:00.0,1995-10-19T20:00:00.0,78.0,22,train,287463,287541
285,1995-10-22T01:00:00.0,-56.96235960001313,1995-10-23T02:00:00.0,1995-10-24T22:00:00.0,117.0,22,train,287546,287663
286,1995-10-30T13:00:00.0,-59.448306872824105,1995-10-30T17:00:00.0,1995-11-02T21:00:00.0,128.0,22,train,287750,287878
287,1995-11-27T14:00:00.0,-66.5201073449896,1995-12-01T19:00:00.0,1995-12-02T20:00:00.0,174.0,22,train,288423,288597
288,1995-12-24T08:00:00.0,-67.16844728887958,1995-12-24T15:00:00.0,1995-12-25T13:00:00.0,77.0,22,train,289065,289142
289,1996-01-13T03:00:00.0,-90.0,1996-01-13T10:00:00.0,1996-01-16T02:00:00.0,119.0,23,train,289540,289659
290,1996-03-11T00:00:00.0,-64.2805323205705,1996-03-11T03:00:00.0,1996-03-11T14:00:00.0,62.0,23,train,290929,290991
291,1996-03-20T15:00:00.0,-66.36369746165393,1996-03-21T22:00:00.0,1996-03-22T12:00:00.0,93.0,23,train,291160,291253
292,1996-04-13T23:00:00.0,-60.41788818223819,1996-04-15T00:00:00.0,1996-04-16T02:00:00.0,99.0,23,train,291744,291843
293,1996-08-29T01:00:00.0,-53.73878158160814,1996-08-29T07:00:00.0,1996-08-30T09:00:00.0,80.0,23,train,295034,295114
294,1996-09-11T08:00:00.0,-55.40589343820105,1996-09-12T08:00:00.0,1996-09-13T12:00:00.0,100.0,23,train,295353,295453
295,1996-09-23T01:00:00.0,-54.317801361604765,1996-09-26T19:00:00.0,1996-09-27T17:00:00.0,160.0,23,train,295634,295794
296,1996-10-18T15:00:00.0,-109.45203637065354,1996-10-23T04:00:00.0,1996-10-25T15:00:00.0,216.0,23,train,296248,296464
297,1997-01-10T06:00:00.0,-76.2973363927525,1997-01-10T09:00:00.0,1997-01-10T23:00:00.0,65.0,23,train,298255,298320
298,1997-02-09T17:00:00.0,-60.32694995453794,1997-02-10T11:00:00.0,1997-02-12T15:00:00.0,118.0,23,train,298986,299104
299,1997-02-16T18:00:00.0,-54.524892710997364,1997-02-17T08:00:00.0,1997-02-18T12:00:00.0,90.0,23,train,299155,299245
300,1997-02-27T19:00:00.0,-93.94567908521624,1997-02-27T23:00:00.0,1997-03-03T00:00:00.0,125.0,23,train,299420,299545
301,1997-03-28T15:00:00.0,-63.75133660482925,1997-03-28T23:00:00.0,1997-03-29T13:00:00.0,70.0,23,train,300112,300182
302,1997-04-10T22:00:00.0,-88.01072379412469,1997-04-11T04:00:00.0,1997-04-11T17:00:00.0,67.0,23,train,300431,300498
303,1997-04-16T19:00:00.0,-107.10566450060509,1997-04-21T23:00:00.0,1997-04-22T23:00:00.0,196.0,23,train,300572,300768
304,1997-05-01T19:00:00.0,-67.75603998471698,1997-05-01T23:00:00.0,1997-05-03T00:00:00.0,77.0,23,train,300932,301009
305,1997-05-15T06:00:00.0,-114.54575914763845,1997-05-15T12:00:00.0,1997-05-18T13:00:00.0,127.0,23,train,301255,301382
306,1997-05-26T23:00:00.0,-72.4956602460255,1997-05-27T04:00:00.0,1997-05-28T14:00:00.0,87.0,23,train,301536,301623
307,1997-06-08T09:00:00.0,-86.92709474370014,1997-06-09T04:00:00.0,1997-06-10T22:00:00.0,109.0,23,train,301834,301943
308,1997-08-28T04:00:00.0,-51.66448117050174,1997-08-28T05:00:00.0,1997-08-28T12:00:00.0,56.0,23,train,303773,303829
309,1997-09-03T19:00:00.0,-102.80613880743807,1997-09-03T22:00:00.0,1997-09-05T09:00:00.0,86.0,23,train,303932,304018
310,1997-09-17T17:00:00.0,-54.213210388755286,1997-09-18T04:00:00.0,1997-09-19T01:00:00.0,80.0,23,train,304266,304346
311,1997-10-01T06:00:00.0,-101.00258090496177,1997-10-01T16:00:00.0,1997-10-03T00:00:00.0,90.0,23,train,304591,304681
312,1997-10-08T12:00:00.0,-131.29921997526674,1997-10-11T03:00:00.0,1997-10-14T00:00:00.0,180.0,23,train,304765,304945
313,1997-10-23T22:00:00.0,-69.014438788035,1997-10-24T13:00:00.0,1997-10-29T22:00:00.0,192.0,23,train,305135,305327
314,1997-11-07T00:00:00.0,-117.62299675132871,1997-11-07T04:00:00.0,1997-11-09T08:00:00.0,104.0,23,train,305473,305577
315,1997-11-22T11:00:00.0,-111.66448117050174,1997-11-23T06:00:00.0,1997-11-25T21:00:00.0,130.0,23,train,305844,305974
316,1997-12-10T11:00:00.0,-59.35848744091335,1997-12-10T15:00:00.0,1997-12-12T00:00:00.0,85.0,23,train,306276,306361
317,1997-12-30T05:00:00.0,-75.11200988923567,1997-12-30T17:00:00.0,1997-12-31T23:00:00.0,90.0,23,train,306750,306840
318,1998-01-06T17:00:00.0,-77.97349873679369,1998-01-07T04:00:00.0,1998-01-07T20:00:00.0,75.0,23,train,306930,307005
319,1998-01-30T02:00:00.0,-55.638665387405894,1998-01-30T12:00:00.0,1998-01-31T02:00:00.0,72.0,23,train,307491,307563
320,1998-02-17T16:00:00.0,-106.21094744632032,1998-02-18T00:00:00.0,1998-02-20T09:00:00.0,113.0,23,train,307937,308050
321,1998-03-10T15:00:00.0,-121.40886842962516,1998-03-10T21:00:00.0,1998-03-14T12:00:00.0,141.0,23,train,308440,308581
322,1998-03-21T10:00:00.0,-88.53813867040758,1998-03-21T15:00:00.0,1998-03-23T05:00:00.0,91.0,23,train,308699,308790
323,1998-03-29T15:00:00.0,-51.18160448811845,1998-03-29T19:00:00.0,1998-03-30T03:00:00.0,60.0,23,train,308896,308956
324,1998-04-24T01:00:00.0,-75.07258117567464,1998-04-24T07:00:00.0,1998-04-27T10:00:00.0,129.0,23,train,309506,309635
325,1998-05-02T10:00:00.0,-231.4013329174242,1998-05-04T05:00:00.0,1998-05-07T22:00:00.0,180.0,23,train,309707,309887
326,1998-06-06T18:00:00.0,-50.10566450060509,1998-06-06T21:00:00.0,1998-06-07T22:00:00.0,76.0,23,train,310555,310631
327,1998-06-14T06:00:00.0,-54.21572552489543,1998-06-14T10:00:00.0,1998-06-14T22:00:00.0,64.0,23,train,310735,310799
328,1998-06-26T01:00:00.0,-102.46945949109262,1998-06-26T04:00:00.0,1998-06-27T05:00:00.0,76.0,23,train,311018,311094
329,1998-07-16T04:00:00.0,-60.16844728887958,1998-07-16T16:00:00.0,1998-07-17T11:00:00.0,79.0,23,train,311501,311580
330,1998-08-06T05:00:00.0,-150.11828419238765,1998-08-06T11:00:00.0,1998-08-09T01:00:00.0,116.0,23,train,312006,312122
331,1998-08-20T09:00:00.0,-65.66997731956353,1998-08-20T19:00:00.0,1998-08-21T02:00:00.0,65.0,23,train,312346,312411
332,1998-08-26T12:00:00.0,-155.10638760216958,1998-08-27T08:00:00.0,1998-09-01T09:00:00.0,189.0,23,train,312493,312682
333,1998-09-18T11:00:00.0,-55.01033514476285,1998-09-24T07:00:00.0,1998-09-24T13:00:00.0,194.0,23,train,313044,313238
334,1998-09-30T21:00:00.0,-57.47052090394743,1998-10-01T01:00:00.0,1998-10-02T07:00:00.0,82.0,23,train,313342,313424
335,1998-10-07T15:00:00.0,-67.95072913231095,1998-10-07T22:00:00.0,1998-10-10T07:00:00.0,112.0,23,train,313504,313616
336,1998-10-19T03:00:00.0,-110.32563885211088,1998-10-19T15:00:00.0,1998-10-23T13:00:00.0,154.0,23,train,313780,313934
337,1998-11-05T15:00:00.0,-154.68220992554643,1998-11-08T06:00:00.0,1998-11-11T18:00:00.0,195.0,23,train,314200,314395
338,1998-11-13T19:00:00.0,-130.69464782028842,1998-11-13T21:00:00.0,1998-11-16T19:00:00.0,120.0,23,train,314396,314516
339,1998-12-10T21:00:00.0,-72.77191470324684,1998-12-11T15:00:00.0,1998-12-12T02:00:00.0,77.0,23,train,315046,315123
340,1998-12-25T09:00:00.0,-57.66997731956353,1998-12-29T11:00:00.0,1998-12-30T08:00:00.0,167.0,23,train,315394,315561
341,1999-01-13T12:00:00.0,-116.92242305680891,1999-01-13T23:00:00.0,1999-01-16T22:00:00.0,130.0,23,train,315853,315983
342,1999-01-23T16:00:00.0,-54.81309205065976,1999-01-23T22:00:00.0,1999-01-25T21:00:00.0,101.0,23,train,316097,316198
343,1999-02-18T04:00:00.0,-132.58781901822306,1999-02-18T14:00:00.0,1999-02-21T12:00:00.0,128.0,23,train,316709,316837
344,1999-02-28T19:00:00.0,-102.0980782279265,1999-03-01T01:00:00.0,1999-03-05T12:00:00.0,161.0,23,train,316964,317125
345,1999-03-09T03:00:00.0,-85.2805323205705,1999-03-10T08:00:00.0,1999-03-11T11:00:00.0,104.0,23,train,317164,317268
346,1999-03-29T13:00:00.0,-60.7225520829158,1999-03-29T14:00:00.0,1999-04-01T10:00:00.0,117.0,23,train,317654,317771
347,1999-04-16T23:00:00.0,-96.6344787277651,1999-04-17T03:00:00.0,1999-04-18T14:00:00.0,87.0,23,train,318096,318183
348,1999-05-13T05:00:00.0,-51.88919781700873,1999-05-13T14:00:00.0,1999-05-14T06:00:00.0,73.0,23,train,318726,318799
349,1999-07-30T21:00:00.0,-50.27767358621974,1999-07-31T01:00:00.0,1999-07-31T18:00:00.0,69.0,23,train,320614,320683
350,1999-08-20T03:00:00.0,-64.19161318284009,1999-08-23T15:00:00.0,1999-08-25T01:00:00.0,166.0,23,train,321100,321266
351,1999-09-12T17:00:00.0,-76.6047784989086,1999-09-13T02:00:00.0,1999-09-15T19:00:00.0,122.0,23,train,321666,321788
352,1999-09-22T21:00:00.0,-179.96024810519054,1999-09-22T23:00:00.0,1999-09-25T04:00:00.0,103.0,23,train,321910,322013
353,1999-09-29T02:00:00.0,-59.82114596164827,1999-09-30T03:00:00.0,1999-09-30T23:00:00.0,93.0,23,train,322059,322152
354,1999-10-10T06:00:00.0,-68.69981322697306,1999-10-10T18:00:00.0,1999-10-11T18:00:00.0,84.0,23,train,322327,322411
355,1999-10-14T01:00:00.0,-66.81715637309547,1999-10-15T05:00:00.0,1999-10-18T00:00:00.0,143.0,23,train,322418,322561
356,1999-10-22T00:00:00.0,-253.91908092030462,1999-10-22T07:00:00.0,1999-10-28T01:00:00.0,193.0,23,train,322609,322802
357,1999-11-07T05:00:00.0,-76.02138894689111,1999-11-08T14:00:00.0,1999-11-10T09:00:00.0,124.0,23,train,322998,323122
358,1999-11-12T13:00:00.0,-105.13803827177625,1999-11-13T22:00:00.0,1999-11-15T17:00:00.0,124.0,23,train,323126,323250
359,1999-11-23T09:00:00.0,-50.270550829484776,1999-11-24T09:00:00.0,1999-11-24T19:00:00.0,82.0,23,train,323386,323468
360,1999-12-13T03:00:00.0,-83.74031210998908,1999-12-13T09:00:00.0,1999-12-14T05:00:00.0,74.0,23,train,323860,323934
361,1999-12-31T17:00:00.0,-50.99548865198913,1999-12-31T23:00:00.0,2000-01-02T07:00:00.0,86.0,23,train,324306,324392
362,2000-01-11T17:00:00.0,-80.386865064626,2000-01-11T22:00:00.0,2000-01-13T03:00:00.0,82.0,23,train,324570,324652
363,2000-01-22T18:00:00.0,-106.54887365966027,2000-01-23T03:00:00.0,2000-01-25T15:00:00.0,117.0,23,train,324835,324952
364,2000-02-11T21:00:00.0,-146.6111415014811,2000-02-12T11:00:00.0,2000-02-16T00:00:00.0,147.0,23,train,325318,325465
365,2000-03-08T14:00:00.0,-50.11200988923567,2000-03-08T21:00:00.0,2000-03-09T02:00:00.0,60.0,23,train,325935,325995
366,2000-03-31T05:00:00.0,-60.7421976642032,2000-04-05T02:00:00.0,2000-04-05T18:00:00.0,181.0,23,train,326478,326659
367,2000-04-09T01:00:00.0,-62.03883115296851,2000-04-10T05:00:00.0,2000-04-11T20:00:00.0,115.0,23,train,326690,326805
368,2000-04-15T23:00:00.0,-81.48365451120677,2000-04-16T11:00:00.0,2000-04-17T04:00:00.0,77.0,23,train,326856,326933
369,2000-04-24T12:00:00.0,-58.927900684434746,2000-04-24T14:00:00.0,2000-04-25T09:00:00.0,69.0,23,train,327061,327130
370,2000-05-17T01:00:00.0,-97.25682299845485,2000-05-17T05:00:00.0,2000-05-18T11:00:00.0,82.0,23,train,327602,327684
371,2000-05-24T02:00:00.0,-151.4678009742426,2000-05-24T04:00:00.0,2000-05-26T20:00:00.0,114.0,23,train,327771,327885
372,2000-05-29T17:00:00.0,-51.92790068443475,2000-05-29T21:00:00.0,2000-05-30T15:00:00.0,70.0,23,train,327906,327976
373,2000-06-08T14:00:00.0,-92.7173660737038,2000-06-08T19:00:00.0,2000-06-09T22:00:00.0,80.0,23,train,328143,328223
374,2000-06-26T08:00:00.0,-75.386865064626,2000-06-26T17:00:00.0,2000-06-27T19:00:00.0,83.0,23,train,328569,328652
375,2000-07-14T17:00:00.0,-319.10055886524367,2000-07-16T00:00:00.0,2000-07-18T19:00:00.0,146.0,23,train,329010,329156
376,2000-07-22T00:00:00.0,-63.0393479889901,2000-07-22T17:00:00.0,2000-07-23T07:00:00.0,79.0,23,train,329185,329264
377,2000-07-28T02:00:00.0,-74.10345900730647,2000-07-29T11:00:00.0,2000-07-30T09:00:00.0,103.0,23,train,329331,329434
378,2000-08-05T09:00:00.0,-105.19878996974849,2000-08-12T04:00:00.0,2000-08-12T04:00:00.0,211.0,23,train,329530,329741
379,2000-08-28T22:00:00.0,-61.007359301564634,2000-08-29T06:00:00.0,2000-08-29T13:00:00.0,63.0,23,train,330095,330158
380,2000-09-02T05:00:00.0,-53.96235960001313,2000-09-02T10:00:00.0,2000-09-02T19:00:00.0,62.0,23,train,330198,330260
381,2000-09-12T11:00:00.0,-218.80308358492195,2000-09-17T23:00:00.0,2000-09-18T15:00:00.0,196.0,23,train,330444,330640
382,2000-09-25T14:00:00.0,-77.34734760167727,2000-09-30T14:00:00.0,2000-10-01T18:00:00.0,196.0,23,train,330759,330955
383,2000-10-03T19:00:00.0,-193.6702722417804,2000-10-05T13:00:00.0,2000-10-08T10:00:00.0,159.0,23,train,330956,331115
384,2000-10-13T01:00:00.0,-105.11200988923567,2000-10-14T14:00:00.0,2000-10-15T19:00:00.0,114.0,23,train,331178,331292
385,2000-10-22T17:00:00.0,-124.11200988923568,2000-10-29T02:00:00.0,2000-10-29T07:00:00.0,206.0,23,train,331410,331616
386,2000-11-04T05:00:00.0,-168.77679580686106,2000-11-06T21:00:00.0,2000-11-08T10:00:00.0,149.0,23,train,331710,331859
387,2000-11-26T19:00:00.0,-123.97200000000001,2000-11-29T13:00:00.0,2000-11-30T22:00:00.0,147.0,23,train,332252,332399
388,2000-12-23T00:00:00.0,-62.0,2000-12-23T04:00:00.0,2000-12-23T21:00:00.0,69.0,23,train,332881,332950
389,2001-01-21T13:00:00.0,-58.46654215131538,2001-01-24T18:00:00.0,2001-01-25T15:00:00.0,146.0,23,train,333590,333736
390,2001-03-04T20:00:00.0,-76.13371161443447,2001-03-05T02:00:00.0,2001-03-05T16:00:00.0,68.0,23,train,334605,334673
391,2001-03-19T16:00:00.0,-149.72054762972098,2001-03-20T15:00:00.0,2001-03-22T11:00:00.0,115.0,23,train,334961,335076
392,2001-03-27T22:00:00.0,-407.1588509415864,2001-03-31T08:00:00.0,2001-04-02T22:00:00.0,192.0,23,train,335159,335351
393,2001-04-08T14:00:00.0,-281.17880251572313,2001-04-11T23:00:00.0,2001-04-14T14:00:00.0,192.0,23,train,335439,335631
394,2001-04-18T02:00:00.0,-129.0754298142907,2001-04-18T06:00:00.0,2001-04-19T18:00:00.0,88.0,23,train,335667,335755
395,2001-04-22T06:00:00.0,-104.20841231942734,2001-04-22T15:00:00.0,2001-04-24T20:00:00.0,110.0,23,train,335767,335877
396,2001-05-08T16:00:00.0,-76.40998562663424,2001-05-10T01:00:00.0,2001-05-12T05:00:00.0,133.0,23,train,336161,336294
397,2001-06-18T05:00:00.0,-66.71377515703739,2001-06-18T08:00:00.0,2001-06-19T10:00:00.0,77.0,23,train,337134,337211
398,2001-08-17T18:00:00.0,-117.6702722417804,2001-08-17T21:00:00.0,2001-08-19T05:00:00.0,83.0,23,train,338587,338670
399,2001-09-13T04:00:00.0,-58.27777406535891,2001-09-13T07:00:00.0,2001-09-13T22:00:00.0,66.0,23,train,339221,339287
400,2001-09-23T11:00:00.0,-108.72391875404534,2001-09-26T01:00:00.0,2001-09-29T15:00:00.0,196.0,23,train,339468,339664
401,2001-10-01T16:00:00.0,-165.26719046282867,2001-10-03T14:00:00.0,2001-10-05T13:00:00.0,141.0,23,train,339665,339806
402,2001-10-08T21:00:00.0,-80.49989888348316,2001-10-11T19:00:00.0,2001-10-14T00:00:00.0,171.0,23,train,339838,340009
403,2001-10-19T13:00:00.0,-205.39179416095587,2001-10-21T21:00:00.0,2001-10-25T08:00:00.0,187.0,23,train,340094,340281
404,2001-10-28T04:00:00.0,-161.7393049401808,2001-10-28T11:00:00.0,2001-10-31T04:00:00.0,120.0,23,train,340301,340421
405,2001-11-05T20:00:00.0,-292.0,2001-11-06T06:00:00.0,2001-11-11T21:00:00.0,193.0,23,train,340509,340702
406,2001-11-18T21:00:00.0,-224.67332121948726,2001-11-24T15:00:00.0,2001-11-25T21:00:00.0,216.0,23,train,340822,341038
407,2001-12-21T18:00:00.0,-65.12567849532297,2001-12-21T22:00:00.0,2001-12-22T18:00:00.0,72.0,23,train,341611,341683
408,2001-12-30T03:00:00.0,-61.84310506598939,2001-12-30T05:00:00.0,2001-12-30T15:00:00.0,60.0,23,train,341812,341872
409,2002-01-10T12:00:00.0,-75.62849465939678,2002-01-11T06:00:00.0,2002-01-13T11:00:00.0,119.0,23,train,342085,342204
410,2002-02-02T04:00:00.0,-92.1539009168522,2002-02-05T20:00:00.0,2002-02-07T13:00:00.0,177.0,23,train,342629,342806
411,2002-02-28T22:00:00.0,-77.33301243292695,2002-03-01T01:00:00.0,2002-03-01T22:00:00.0,72.0,23,train,343271,343343
412,2002-03-23T18:00:00.0,-103.20810008410695,2002-03-24T09:00:00.0,2002-03-25T22:00:00.0,100.0,23,train,343819,343919
413,2002-04-17T12:00:00.0,-156.89557930797693,2002-04-20T06:00:00.0,2002-04-23T04:00:00.0,184.0,23,train,344413,344597
414,2002-05-11T14:00:00.0,-112.04781774857389,2002-05-11T19:00:00.0,2002-05-13T12:00:00.0,94.0,23,train,344991,345085
415,2002-05-19T02:00:00.0,-119.46309446468518,2002-05-23T17:00:00.0,2002-05-25T06:00:00.0,196.0,23,train,345171,345367
416,2002-08-01T11:00:00.0,-103.46945949109262,2002-08-02T05:00:00.0,2002-08-03T18:00:00.0,103.0,23,train,346956,347059
417,2002-08-18T23:00:00.0,-104.90131991201173,2002-08-21T06:00:00.0,2002-08-22T17:00:00.0,138.0,23,train,347376,347514
418,2002-09-04T03:00:00.0,-185.52010734498958,2002-09-08T00:00:00.0,2002-09-10T03:00:00.0,192.0,23,train,347764,347956
419,2002-09-30T09:00:00.0,-182.69415564529712,2002-10-01T16:00:00.0,2002-10-06T14:00:00.0,197.0,23,train,348394,348591
420,2002-10-08T15:00:00.0,-104.29776924914218,2002-10-14T13:00:00.0,2002-10-15T15:00:00.0,216.0,23,train,348592,348808
421,2002-10-24T01:00:00.0,-102.17669964122635,2002-10-24T20:00:00.0,2002-10-30T01:00:00.0,192.0,23,train,348962,349154
422,2002-11-02T00:00:00.0,-75.92939730246252,2002-11-03T06:00:00.0,2002-11-08T11:00:00.0,203.0,23,train,349177,349380
423,2002-11-20T17:00:00.0,-133.68220992554643,2002-11-21T10:00:00.0,2002-11-26T18:00:00.0,193.0,23,train,349626,349819
424,2002-12-19T09:00:00.0,-82.94567908521624,2002-12-21T03:00:00.0,2002-12-22T12:00:00.0,123.0,23,train,350314,350437
425,2002-12-26T03:00:00.0,-77.014438788035,2002-12-27T06:00:00.0,2002-12-30T02:00:00.0,143.0,23,train,350476,350619
426,2003-01-29T19:00:00.0,-79.65127770422177,2003-02-02T15:00:00.0,2003-02-04T23:00:00.0,196.0,23,train,351308,351504
427,2003-02-27T00:00:00.0,-69.83215774924506,2003-03-04T00:00:00.0,2003-03-05T02:00:00.0,194.0,23,train,351985,352179
428,2003-03-16T17:00:00.0,-62.5214007372865,2003-03-20T19:00:00.0,2003-03-21T13:00:00.0,164.0,23,train,352410,352574
429,2003-03-27T06:00:00.0,-76.76733105817551,2003-03-31T15:00:00.0,2003-04-02T16:00:00.0,202.0,23,train,352663,352865
430,2003-04-04T19:00:00.0,-62.995488651989135,2003-04-04T23:00:00.0,2003-04-06T11:00:00.0,88.0,23,train,352868,352956
431,2003-04-24T06:00:00.0,-68.342,2003-04-30T02:00:00.0,2003-04-30T20:00:00.0,206.0,23,train,353335,353541
432,2003-05-09T10:00:00.0,-88.90145826462191,2003-05-10T07:00:00.0,2003-05-12T00:00:00.0,110.0,23,train,353699,353809
433,2003-05-21T17:00:00.0,-75.7557364034064,2003-05-22T02:00:00.0,2003-05-23T20:00:00.0,99.0,23,train,353994,354093
434,2003-05-28T14:00:00.0,-191.42383226047397,2003-05-29T23:00:00.0,2003-06-01T10:00:00.0,140.0,23,train,354159,354299
435,2003-06-08T13:00:00.0,-50.34048252941646,2003-06-08T22:00:00.0,2003-06-09T17:00:00.0,76.0,23,train,354422,354498
436,2003-06-16T11:00:00.0,-149.3448690871766,2003-06-18T09:00:00.0,2003-06-20T08:00:00.0,141.0,23,train,354612,354753
437,2003-06-24T02:00:00.0,-54.369354078244214,2003-06-24T13:00:00.0,2003-06-25T08:00:00.0,78.0,23,train,354795,354873
438,2003-07-11T05:00:00.0,-109.87269126518878,2003-07-12T05:00:00.0,2003-07-14T10:00:00.0,125.0,23,train,355206,355331
439,2003-07-18T20:00:00.0,-50.15302362590522,2003-07-19T00:00:00.0,2003-07-19T07:00:00.0,59.0,23,train,355389,355448
440,2003-07-26T18:00:00.0,-58.328,2003-07-26T20:00:00.0,2003-07-28T00:00:00.0,78.0,23,train,355579,355657
441,2003-08-06T00:00:00.0,-63.85508718458614,2003-08-06T02:00:00.0,2003-08-07T00:00:00.0,72.0,23,train,355825,355897
442,2003-08-17T19:00:00.0,-144.07617269433132,2003-08-18T15:00:00.0,2003-08-21T02:00:00.0,127.0,23,train,356108,356235
443,2003-09-16T06:00:00.0,-65.92939730246252,2003-09-17T23:00:00.0,2003-09-20T23:00:00.0,161.0,23,train,356815,356976
444,2003-09-24T01:00:00.0,-61.582216313989406,2003-09-24T07:00:00.0,2003-09-26T03:00:00.0,98.0,23,train,357002,357100
445,2003-10-14T05:00:00.0,-91.16494928626356,2003-10-14T22:00:00.0,2003-10-18T00:00:00.0,139.0,23,train,357486,357625
446,2003-10-20T01:00:00.0,-64.29776924914218,2003-10-21T21:00:00.0,2003-10-23T00:00:00.0,119.0,23,train,357626,357745
447,2003-11-10T12:00:00.0,-64.44570816283024,2003-11-11T13:00:00.0,2003-11-13T03:00:00.0,111.0,23,train,358141,358252
448,2003-11-15T09:00:00.0,-434.1979437881895,2003-11-20T20:00:00.0,2003-11-22T09:00:00.0,216.0,23,train,358258,358474
449,2003-12-05T05:00:00.0,-54.52073951773353,2003-12-06T04:00:00.0,2003-12-06T11:00:00.0,78.0,23,train,358734,358812
450,2003-12-10T10:00:00.0,-52.23476947065207,2003-12-10T19:00:00.0,2003-12-11T11:00:00.0,73.0,23,train,358859,358932
451,2004-01-15T15:00:00.0,-50.67888811270858,2004-01-15T21:00:00.0,2004-01-17T11:00:00.0,92.0,23,train,359728,359820
452,2004-01-22T06:00:00.0,-135.91751364710547,2004-01-22T13:00:00.0,2004-01-27T12:00:00.0,174.0,23,train,359887,360061
453,2004-02-11T12:00:00.0,-100.74992511985047,2004-02-11T17:00:00.0,2004-02-16T06:00:00.0,162.0,23,train,360373,360535
454,2004-03-09T15:00:00.0,-83.79242865103198,2004-03-10T05:00:00.0,2004-03-11T10:00:00.0,91.0,23,train,361024,361115
455,2004-04-03T16:00:00.0,-118.98708281331878,2004-04-04T00:00:00.0,2004-04-04T15:00:00.0,71.0,23,train,361625,361696
456,2004-07-17T00:00:00.0,-83.70501774704411,2004-07-23T01:00:00.0,2004-07-23T01:00:00.0,193.0,23,train,364129,364322
457,2004-07-25T02:00:00.0,-173.80755266747346,2004-07-27T13:00:00.0,2004-08-01T02:00:00.0,216.0,23,train,364323,364539
458,2004-08-09T17:00:00.0,-50.08591433634056,2004-08-09T21:00:00.0,2004-08-10T07:00:00.0,62.0,23,train,364698,364760
459,2004-08-30T07:00:00.0,-135.98957097876433,2004-08-30T22:00:00.0,2004-09-01T20:00:00.0,109.0,23,train,365192,365301
460,2004-11-07T21:00:00.0,-382.38569544793273,2004-11-08T06:00:00.0,2004-11-13T21:00:00.0,192.0,23,train,366862,367054
461,2004-11-25T00:00:00.0,-55.22834955691752,2004-11-25T04:00:00.0,2004-11-25T22:00:00.0,70.0,23,train,367273,367343
462,2004-12-13T00:00:00.0,-52.404057591425705,2004-12-13T04:00:00.0,2004-12-13T15:00:00.0,63.0,23,train,367705,367768
463,2005-01-01T18:00:00.0,-52.12836059833824,2005-01-02T21:00:00.0,2005-01-03T23:00:00.0,101.0,23,train,368179,368280
464,2005-01-07T15:00:00.0,-103.86140521752047,2005-01-08T00:00:00.0,2005-01-09T10:00:00.0,91.0,23,train,368320,368411
465,2005-01-16T23:00:00.0,-120.18928361562922,2005-01-21T22:00:00.0,2005-01-23T01:00:00.0,194.0,23,train,368544,368738
466,2005-02-07T14:00:00.0,-59.7173660737038,2005-02-07T21:00:00.0,2005-02-09T02:00:00.0,84.0,23,train,369063,369147
467,2005-02-18T00:00:00.0,-83.84310506598939,2005-02-18T02:00:00.0,2005-02-19T06:00:00.0,78.0,23,train,369313,369391
468,2005-03-06T14:00:00.0,-55.74124829049336,2005-03-07T00:00:00.0,2005-03-08T17:00:00.0,99.0,23,train,369711,369810
469,2005-04-04T19:00:00.0,-72.15,2005-04-05T02:00:00.0,2005-04-06T10:00:00.0,87.0,23,train,370412,370499
470,2005-04-11T20:00:00.0,-63.82371677790803,2005-04-12T05:00:00.0,2005-04-13T00:00:00.0,76.0,23,train,370581,370657
471,2005-05-07T23:00:00.0,-117.323411581908,2005-05-08T18:00:00.0,2005-05-11T01:00:00.0,122.0,23,train,371208,371330
472,2005-05-15T06:00:00.0,-261.9944500230338,2005-05-15T08:00:00.0,2005-05-19T22:00:00.0,160.0,23,train,371383,371543
473,2005-05-30T06:00:00.0,-115.6016056405117,2005-05-30T13:00:00.0,2005-06-01T23:00:00.0,113.0,23,train,371743,371856
474,2005-06-12T18:00:00.0,-102.84149196374743,2005-06-12T22:00:00.0,2005-06-14T08:00:00.0,86.0,23,train,372067,372153
475,2005-06-23T03:00:00.0,-93.19442950441612,2005-06-23T10:00:00.0,2005-06-24T12:00:00.0,81.0,23,train,372316,372397
476,2005-07-09T09:00:00.0,-102.07901961667098,2005-07-10T20:00:00.0,2005-07-13T05:00:00.0,140.0,23,train,372706,372846
477,2005-07-17T23:00:00.0,-68.40589343820105,2005-07-18T06:00:00.0,2005-07-19T08:00:00.0,81.0,23,train,372912,372993
478,2005-08-24T07:00:00.0,-219.5206841738167,2005-08-24T11:00:00.0,2005-08-28T06:00:00.0,143.0,23,train,373808,373951
479,2005-08-31T13:00:00.0,-125.9668734209921,2005-08-31T19:00:00.0,2005-09-06T05:00:00.0,184.0,23,train,373982,374166
480,2005-09-10T14:00:00.0,-139.7737414614047,2005-09-11T10:00:00.0,2005-09-16T18:00:00.0,196.0,23,train,374223,374419
481,2005-10-07T21:00:00.0,-52.44570816283025,2005-10-08T07:00:00.0,2005-10-08T17:00:00.0,68.0,23,train,374878,374946
482,2005-10-31T13:00:00.0,-73.89,2005-10-31T20:00:00.0,2005-11-02T05:00:00.0,88.0,23,train,375446,375534
483,2005-12-11T03:00:00.0,-53.12567849532297,2005-12-11T18:00:00.0,2005-12-13T02:00:00.0,95.0,23,train,376420,376515
484,2006-01-25T23:00:00.0,-51.15302362590522,2006-01-26T03:00:00.0,2006-01-26T11:00:00.0,60.0,23,train,377520,377580
485,2006-03-06T21:00:00.0,-54.04781774857389,2006-03-07T01:00:00.0,2006-03-07T14:00:00.0,65.0,23,train,378478,378543
486,2006-03-18T15:00:00.0,-54.52955527102728,2006-03-19T00:00:00.0,2006-03-20T13:00:00.0,94.0,23,train,378760,378854
487,2006-04-04T16:00:00.0,-83.68899270189135,2006-04-05T15:00:00.0,2006-04-07T00:00:00.0,104.0,23,train,379169,379273
488,2006-04-09T03:00:00.0,-99.16997764993839,2006-04-14T09:00:00.0,2006-04-16T03:00:00.0,216.0,23,train,379276,379492
489,2006-05-06T20:00:00.0,-59.94556870093561,2006-05-06T21:00:00.0,2006-05-07T23:00:00.0,75.0,23,train,379941,380016
490,2006-07-28T02:00:00.0,-55.749925119850474,2006-07-28T04:00:00.0,2006-07-29T02:00:00.0,72.0,23,train,381915,381987
491,2006-08-07T06:00:00.0,-57.59845091262933,2006-08-07T07:00:00.0,2006-08-08T16:00:00.0,82.0,23,train,382159,382241
492,2006-08-19T14:00:00.0,-85.16451419664176,2006-08-20T00:00:00.0,2006-08-23T00:00:00.0,130.0,23,train,382455,382585
493,2006-09-24T01:00:00.0,-55.50200312989003,2006-09-24T09:00:00.0,2006-09-24T15:00:00.0,62.0,23,train,383306,383368
494,2006-10-01T00:00:00.0,-53.582216313989406,2006-10-01T05:00:00.0,2006-10-01T21:00:00.0,69.0,23,train,383473,383542
495,2006-10-13T13:00:00.0,-55.862937747455305,2006-10-13T22:00:00.0,2006-10-15T09:00:00.0,92.0,23,train,383774,383866
496,2006-10-28T21:00:00.0,-50.36369746165393,2006-10-29T08:00:00.0,2006-10-30T19:00:00.0,94.0,23,train,384142,384236
497,2006-11-09T22:00:00.0,-71.29029953111149,2006-11-10T02:00:00.0,2006-11-11T20:00:00.0,94.0,23,train,384431,384525
498,2006-11-30T03:00:00.0,-72.92790068443475,2006-11-30T13:00:00.0,2006-12-01T21:00:00.0,90.0,23,train,384916,385006
499,2006-12-06T03:00:00.0,-59.77275727322271,2006-12-06T12:00:00.0,2006-12-09T02:00:00.0,119.0,23,train,385060,385179
500,2006-12-11T21:00:00.0,-162.68899270189135,2006-12-15T04:00:00.0,2006-12-18T05:00:00.0,200.0,23,train,385198,385398
501,2006-12-21T10:00:00.0,-51.862937747455305,2006-12-22T10:00:00.0,2006-12-26T06:00:00.0,164.0,23,train,385427,385591
502,2007-01-29T14:00:00.0,-54.8404162048254,2007-01-29T17:00:00.0,2007-01-31T08:00:00.0,90.0,23,train,386367,386457
503,2007-03-24T01:00:00.0,-68.40377633373673,2007-03-24T08:00:00.0,2007-03-24T21:00:00.0,68.0,23,train,387650,387718
504,2007-04-01T02:00:00.0,-67.55403111736632,2007-04-01T08:00:00.0,2007-04-03T08:00:00.0,102.0,23,train,387843,387945
505,2007-05-23T08:00:00.0,-57.743818874124784,2007-05-23T13:00:00.0,2007-05-25T10:00:00.0,98.0,23,train,389097,389195
506,2007-10-25T17:00:00.0,-52.343907772210656,2007-10-25T21:00:00.0,2007-10-26T08:00:00.0,63.0,23,train,392826,392889
507,2007-11-20T11:00:00.0,-59.862937747455305,2007-11-20T20:00:00.0,2007-11-21T20:00:00.0,81.0,23,train,393444,393525
508,2008-02-28T16:00:00.0,-52.270550829484776,2008-02-28T22:00:00.0,2008-02-29T09:00:00.0,65.0,24,val,395849,395914
509,2008-03-08T18:00:00.0,-92.13421524319104,2008-03-09T05:00:00.0,2008-03-10T15:00:00.0,93.0,24,val,396067,396160
510,2008-03-26T12:00:00.0,-54.325638852110885,2008-03-27T21:00:00.0,2008-03-29T01:00:00.0,109.0,24,val,396493,396602
511,2008-09-04T02:00:00.0,-50.98637356000605,2008-09-04T04:00:00.0,2008-09-04T10:00:00.0,56.0,24,val,400371,400427
512,2008-10-11T09:00:00.0,-57.189539527412435,2008-10-11T11:00:00.0,2008-10-12T15:00:00.0,78.0,24,val,401266,401344
513,2009-07-22T03:00:00.0,-89.0539020641869,2009-07-22T05:00:00.0,2009-07-23T11:00:00.0,80.0,24,val,408076,408156
514,2010-02-15T19:00:00.0,-58.7683202032629,2010-02-15T23:00:00.0,2010-02-16T12:00:00.0,65.0,24,val,413084,413149
515,2010-04-05T09:00:00.0,-74.76070036864326,2010-04-06T14:00:00.0,2010-04-10T01:00:00.0,160.0,24,val,414250,414410
516,2010-05-02T12:00:00.0,-77.16494928626356,2010-05-02T18:00:00.0,2010-05-05T06:00:00.0,114.0,24,val,414901,415015
517,2010-05-29T03:00:00.0,-76.08439385482919,2010-05-29T13:00:00.0,2010-06-01T11:00:00.0,128.0,24,val,415540,415668
518,2010-08-03T21:00:00.0,-81.07725421627964,2010-08-04T01:00:00.0,2010-08-06T22:00:00.0,121.0,24,val,417142,417263
519,2010-10-11T11:00:00.0,-77.52,2010-10-11T18:00:00.0,2010-10-13T07:00:00.0,92.0,24,val,418788,418880
520,2011-02-04T20:00:00.0,-69.84247471624943,2011-02-04T21:00:00.0,2011-02-07T03:00:00.0,103.0,24,val,421581,421684
521,2011-03-01T11:00:00.0,-93.00496597934529,2011-03-01T14:00:00.0,2011-03-03T02:00:00.0,87.0,24,val,422172,422259
522,2011-03-10T07:00:00.0,-80.80228220406504,2011-03-11T05:00:00.0,2011-03-12T17:00:00.0,106.0,24,val,422384,422490
523,2011-04-06T13:00:00.0,-59.986373560006044,2011-04-06T18:00:00.0,2011-04-07T08:00:00.0,67.0,24,val,423038,423105
524,2011-05-27T18:00:00.0,-81.53270314018488,2011-05-28T11:00:00.0,2011-05-30T09:00:00.0,111.0,24,val,424267,424378
525,2011-07-04T19:00:00.0,-56.14932978839364,2011-07-05T00:00:00.0,2011-07-05T16:00:00.0,69.0,24,val,425180,425249
526,2011-08-05T20:00:00.0,-120.68220992554643,2011-08-06T03:00:00.0,2011-08-09T14:00:00.0,138.0,24,val,425949,426087
527,2011-09-09T16:00:00.0,-75.24514864787307,2011-09-09T17:00:00.0,2011-09-10T14:00:00.0,70.0,24,val,426785,426855
528,2011-09-17T10:00:00.0,-74.28798178806699,2011-09-17T15:00:00.0,2011-09-19T04:00:00.0,90.0,24,val,426971,427061
529,2011-09-26T16:00:00.0,-119.23385351664848,2011-09-26T21:00:00.0,2011-09-30T11:00:00.0,139.0,24,val,427193,427332
530,2011-10-24T22:00:00.0,-153.14958914959772,2011-10-25T01:00:00.0,2011-10-28T07:00:00.0,129.0,24,val,427871,428000
531,2011-10-31T21:00:00.0,-65.64524964479462,2011-11-01T15:00:00.0,2011-11-03T11:00:00.0,110.0,24,val,428038,428148
532,2012-01-22T17:00:00.0,-78.26363684338605,2012-01-25T10:00:00.0,2012-01-26T06:00:00.0,133.0,24,val,430026,430159
533,2012-02-14T15:00:00.0,-67.10566450060509,2012-02-15T16:00:00.0,2012-02-16T12:00:00.0,93.0,24,val,430576,430669
534,2012-02-27T16:00:00.0,-54.80228220406504,2012-02-27T19:00:00.0,2012-02-29T04:00:00.0,84.0,24,val,430889,430973
535,2012-03-07T05:00:00.0,-148.1709546608547,2012-03-09T08:00:00.0,2012-03-12T09:00:00.0,172.0,24,val,431094,431266
536,2012-03-14T16:00:00.0,-92.21761153807799,2012-03-15T19:00:00.0,2012-03-20T10:00:00.0,186.0,24,val,431273,431459
537,2012-03-27T11:00:00.0,-72.03714081865299,2012-03-28T05:00:00.0,2012-03-28T22:00:00.0,83.0,24,val,431580,431663
538,2012-04-05T02:00:00.0,-60.683261807331576,2012-04-05T07:00:00.0,2012-04-06T00:00:00.0,70.0,24,val,431787,431857
539,2012-04-12T17:00:00.0,-59.62046439662598,2012-04-13T04:00:00.0,2012-04-13T18:00:00.0,73.0,24,val,431970,432043
540,2012-04-23T19:00:00.0,-119.05975109036004,2012-04-24T04:00:00.0,2012-04-27T02:00:00.0,127.0,24,val,432236,432363
541,2012-06-11T20:00:00.0,-94.0566356946865,2012-06-17T13:00:00.0,2012-06-17T23:00:00.0,195.0,24,val,433413,433608
542,2012-07-09T00:00:00.0,-127.84149196374742,2012-07-15T09:00:00.0,2012-07-15T09:00:00.0,201.0,24,val,434065,434266
543,2012-09-02T12:00:00.0,-71.49519732254836,2012-09-05T05:00:00.0,2012-09-05T17:00:00.0,125.0,24,val,435397,435522
544,2012-09-30T17:00:00.0,-120.41003549408822,2012-10-01T04:00:00.0,2012-10-02T22:00:00.0,101.0,24,val,436074,436175
545,2012-10-08T04:00:00.0,-104.53942090884684,2012-10-08T12:00:00.0,2012-10-11T13:00:00.0,129.0,24,val,436253,436382
546,2012-10-13T20:00:00.0,-71.40998562663424,2012-10-13T20:00:00.0,2012-10-15T13:00:00.0,89.0,24,val,436389,436478
547,2012-11-01T07:00:00.0,-64.42006026853971,2012-11-01T20:00:00.0,2012-11-02T15:00:00.0,80.0,24,val,436832,436912
548,2012-11-13T21:00:00.0,-106.84794313549789,2012-11-14T07:00:00.0,2012-11-15T11:00:00.0,86.0,24,val,437134,437220
549,2013-03-01T09:00:00.0,-65.12896997016182,2013-03-01T10:00:00.0,2013-03-02T09:00:00.0,72.0,24,val,439714,439786
550,2013-03-17T08:00:00.0,-131.42006026853971,2013-03-17T20:00:00.0,2013-03-20T12:00:00.0,124.0,24,val,440097,440221
551,2013-03-29T04:00:00.0,-61.18844494244867,2013-03-29T16:00:00.0,2013-03-31T01:00:00.0,93.0,24,val,440381,440474
552,2013-05-01T02:00:00.0,-70.35385567560245,2013-05-01T18:00:00.0,2013-05-03T02:00:00.0,96.0,24,val,441171,441267
553,2013-05-18T02:00:00.0,-66.21761153807799,2013-05-18T04:00:00.0,2013-05-19T23:00:00.0,93.0,24,val,441579,441672
554,2013-05-24T19:00:00.0,-60.88522176759096,2013-05-25T06:00:00.0,2013-05-27T02:00:00.0,103.0,24,val,441740,441843
555,2013-06-01T02:00:00.0,-129.77672745203904,2013-06-01T08:00:00.0,2013-06-03T16:00:00.0,110.0,24,val,441915,442025
556,2013-06-06T19:00:00.0,-77.05975109036004,2013-06-07T05:00:00.0,2013-06-08T06:00:00.0,83.0,24,val,442052,442135
557,2013-06-28T12:00:00.0,-106.246,2013-06-29T06:00:00.0,2013-07-01T21:00:00.0,129.0,24,val,442573,442702
558,2013-07-06T02:00:00.0,-84.68169729949162,2013-07-06T18:00:00.0,2013-07-07T15:00:00.0,85.0,24,val,442755,442840
559,2013-07-10T04:00:00.0,-79.7132180043485,2013-07-14T22:00:00.0,2013-07-16T10:00:00.0,198.0,24,val,442853,443051
560,2013-08-04T17:00:00.0,-52.0478177485739,2013-08-05T02:00:00.0,2013-08-05T13:00:00.0,68.0,24,val,443466,443534
561,2013-08-27T18:00:00.0,-60.23476947065207,2013-08-27T21:00:00.0,2013-08-29T00:00:00.0,78.0,24,val,444019,444097
562,2013-10-02T03:00:00.0,-89.28047787750361,2013-10-02T06:00:00.0,2013-10-03T15:00:00.0,84.0,24,val,444868,444952
563,2013-10-08T22:00:00.0,-72.59241940186753,2013-10-09T01:00:00.0,2013-10-09T21:00:00.0,71.0,24,val,445031,445102
564,2013-10-14T15:00:00.0,-52.05892954673293,2013-10-15T03:00:00.0,2013-10-15T17:00:00.0,74.0,24,val,445168,445242
565,2013-10-30T09:00:00.0,-54.5214007372865,2013-10-30T23:00:00.0,2013-10-31T10:00:00.0,73.0,24,val,445546,445619
566,2013-11-07T07:00:00.0,-81.55371355416396,2013-11-09T08:00:00.0,2013-11-10T19:00:00.0,132.0,24,val,445736,445868
567,2013-12-08T03:00:00.0,-66.12936925436478,2013-12-08T08:00:00.0,2013-12-09T02:00:00.0,71.0,24,val,446476,446547
568,2014-02-18T20:00:00.0,-121.88919781700872,2014-02-19T08:00:00.0,2014-02-22T20:00:00.0,144.0,24,val,448221,448365
569,2014-02-27T17:00:00.0,-103.87802318228428,2014-02-27T21:00:00.0,2014-03-01T21:00:00.0,100.0,24,val,448434,448534
570,2014-04-11T19:00:00.0,-88.38463225130242,2014-04-12T09:00:00.0,2014-04-14T05:00:00.0,106.0,24,val,449468,449574
571,2014-04-30T02:00:00.0,-66.71926154172945,2014-04-30T09:00:00.0,2014-05-01T02:00:00.0,72.0,24,val,449907,449979
572,2014-05-03T22:00:00.0,-50.337351219803466,2014-05-04T08:00:00.0,2014-05-04T20:00:00.0,70.0,24,val,449999,450069
573,2014-06-08T05:00:00.0,-52.648847123814704,2014-06-08T07:00:00.0,2014-06-09T04:00:00.0,71.0,24,val,450846,450917
574,2014-08-27T07:00:00.0,-80.86475277648195,2014-08-27T18:00:00.0,2014-08-29T18:00:00.0,107.0,24,val,452768,452875
575,2014-09-12T21:00:00.0,-95.39518393493253,2014-09-12T23:00:00.0,2014-09-14T14:00:00.0,89.0,24,val,453166,453255
576,2014-10-14T16:00:00.0,-54.363208976236905,2014-10-14T23:00:00.0,2014-10-15T19:00:00.0,75.0,24,val,453929,454004
577,2014-10-20T05:00:00.0,-51.72888894993895,2014-10-20T17:00:00.0,2014-10-22T10:00:00.0,101.0,24,val,454062,454163
578,2014-10-27T20:00:00.0,-54.051729503653235,2014-10-28T01:00:00.0,2014-10-28T17:00:00.0,69.0,24,val,454245,454314
579,2014-11-10T11:00:00.0,-65.0,2014-11-10T17:00:00.0,2014-11-11T12:00:00.0,73.0,24,val,454572,454645
580,2014-11-15T23:00:00.0,-57.26894751306749,2014-11-16T07:00:00.0,2014-11-17T14:00:00.0,87.0,24,val,454704,454791
581,2014-12-12T07:00:00.0,-52.89,2014-12-12T16:00:00.0,2014-12-14T22:00:00.0,111.0,24,val,455336,455447
582,2014-12-21T05:00:00.0,-78.30902334915766,2014-12-22T05:00:00.0,2014-12-22T18:00:00.0,85.0,24,val,455550,455635
583,2014-12-25T13:00:00.0,-56.164,2014-12-26T01:00:00.0,2014-12-27T16:00:00.0,99.0,24,val,455654,455753
584,2015-01-02T18:00:00.0,-116.02895061575828,2015-01-07T10:00:00.0,2015-01-08T20:00:00.0,194.0,24,val,455851,456045
585,2015-01-26T09:00:00.0,-52.6495637726321,2015-01-26T10:00:00.0,2015-01-27T07:00:00.0,70.0,24,val,456418,456488
586,2015-02-01T21:00:00.0,-58.59241940186753,2015-02-02T06:00:00.0,2015-02-02T23:00:00.0,74.0,24,val,456574,456648
587,2015-02-17T16:00:00.0,-71.36707761629295,2015-02-18T00:00:00.0,2015-02-19T13:00:00.0,93.0,24,val,456953,457046
588,2015-02-23T07:00:00.0,-62.317801361604765,2015-02-24T03:00:00.0,2015-02-25T05:00:00.0,94.0,24,val,457088,457182
589,2015-02-28T20:00:00.0,-68.97200000000001,2015-03-02T08:00:00.0,2015-03-04T01:00:00.0,125.0,24,val,457221,457346
590,2015-03-17T07:00:00.0,-239.20135327680993,2015-03-17T22:00:00.0,2015-03-23T08:00:00.0,193.0,24,val,457616,457809
591,2015-04-10T00:00:00.0,-85.72888894993895,2015-04-11T09:00:00.0,2015-04-12T15:00:00.0,111.0,24,val,458185,458296
592,2015-04-15T10:00:00.0,-92.17669964122635,2015-04-16T23:00:00.0,2015-04-20T09:00:00.0,167.0,24,val,458315,458482
593,2015-05-10T22:00:00.0,-90.42643600869701,2015-05-13T06:00:00.0,2015-05-14T23:00:00.0,145.0,24,val,458927,459072
594,2015-05-18T22:00:00.0,-50.18844494244867,2015-05-19T03:00:00.0,2015-05-19T12:00:00.0,62.0,24,val,459119,459181
595,2015-06-08T06:00:00.0,-73.43911844102217,2015-06-08T08:00:00.0,2015-06-09T09:00:00.0,75.0,24,val,459607,459682
596,2015-06-22T15:00:00.0,-199.82371677790803,2015-06-23T04:00:00.0,2015-06-28T16:00:00.0,193.0,24,val,459952,460145
597,2015-07-04T21:00:00.0,-74.05810254971439,2015-07-05T05:00:00.0,2015-07-07T07:00:00.0,106.0,24,val,460246,460352
598,2015-07-13T03:00:00.0,-65.43305943306515,2015-07-13T11:00:00.0,2015-07-14T10:00:00.0,79.0,24,val,460444,460523
599,2015-07-23T05:00:00.0,-71.66997731956353,2015-07-23T08:00:00.0,2015-07-25T06:00:00.0,97.0,24,val,460686,460783
600,2015-08-15T11:00:00.0,-97.39473809193863,2015-08-16T07:00:00.0,2015-08-20T11:00:00.0,168.0,24,val,461244,461412
601,2015-08-26T01:00:00.0,-104.04781774857389,2015-08-28T09:00:00.0,2015-08-30T04:00:00.0,147.0,24,val,461498,461645
602,2015-09-04T00:00:00.0,-108.13371161443447,2015-09-09T12:00:00.0,2015-09-10T06:00:00.0,198.0,24,val,461713,461911
603,2015-09-20T07:00:00.0,-79.60407725916447,2015-09-20T15:00:00.0,2015-09-21T10:00:00.0,75.0,24,val,462104,462179
604,2015-10-03T07:00:00.0,-131.55371355416395,2015-10-07T22:00:00.0,2015-10-10T07:00:00.0,216.0,24,val,462416,462632
605,2015-10-13T05:00:00.0,-59.807552667473445,2015-10-18T09:00:00.0,2015-10-19T08:00:00.0,195.0,24,val,462654,462849
606,2015-11-03T08:00:00.0,-91.80613880743807,2015-11-07T06:00:00.0,2015-11-09T12:00:00.0,196.0,24,val,463161,463357
607,2015-12-14T17:00:00.0,-135.43811324403882,2015-12-20T18:00:00.0,2015-12-20T18:00:00.0,193.0,24,val,464154,464347
608,2015-12-31T12:00:00.0,-111.81048368326361,2016-01-01T00:00:00.0,2016-01-02T12:00:00.0,96.0,24,val,464557,464653
609,2016-01-20T07:00:00.0,-104.71829596114985,2016-01-20T16:00:00.0,2016-01-23T23:00:00.0,136.0,24,val,465032,465168
610,2016-01-31T16:00:00.0,-56.694647820288424,2016-02-03T02:00:00.0,2016-02-03T13:00:00.0,117.0,24,val,465305,465422
611,2016-02-16T09:00:00.0,-71.02620920815905,2016-02-16T19:00:00.0,2016-02-20T10:00:00.0,145.0,24,val,465682,465827
612,2016-03-06T17:00:00.0,-109.74366969947805,2016-03-06T21:00:00.0,2016-03-09T02:00:00.0,105.0,24,val,466146,466251
613,2016-03-14T22:00:00.0,-55.743818874124784,2016-03-16T23:00:00.0,2016-03-18T04:00:00.0,126.0,24,val,466343,466469
614,2016-04-02T17:00:00.0,-65.87857251217333,2016-04-08T00:00:00.0,2016-04-08T09:00:00.0,184.0,24,val,466794,466978
615,2016-04-12T21:00:00.0,-60.986373560006044,2016-04-14T20:00:00.0,2016-04-15T08:00:00.0,107.0,24,val,467038,467145
616,2016-05-08T02:00:00.0,-101.28733906649603,2016-05-08T07:00:00.0,2016-05-11T08:00:00.0,126.0,24,val,467643,467769
617,2016-08-03T05:00:00.0,-54.64649896733005,2016-08-03T10:00:00.0,2016-08-04T06:00:00.0,73.0,24,val,469734,469807
618,2016-08-23T14:00:00.0,-73.50200312989003,2016-08-23T21:00:00.0,2016-08-24T23:00:00.0,81.0,24,val,470223,470304
619,2016-09-01T03:00:00.0,-61.7557364034064,2016-09-02T02:00:00.0,2016-09-06T16:00:00.0,181.0,24,val,470428,470609
620,2016-09-27T17:00:00.0,-67.62096736652724,2016-09-29T09:00:00.0,2016-10-01T16:00:00.0,143.0,24,val,471066,471209
621,2016-10-13T08:00:00.0,-103.64866819637625,2016-10-13T17:00:00.0,2016-10-14T23:00:00.0,87.0,24,val,471441,471528
622,2016-10-24T13:00:00.0,-73.29029953111149,2016-10-25T17:00:00.0,2016-10-31T13:00:00.0,216.0,24,val,471710,471926
623,2016-11-10T12:00:00.0,-69.02760185344216,2016-11-10T17:00:00.0,2016-11-11T13:00:00.0,73.0,24,val,472117,472190
624,2017-03-01T12:00:00.0,-63.06121784895704,2017-03-01T21:00:00.0,2017-03-03T21:00:00.0,105.0,24,val,474781,474886
625,2017-03-27T05:00:00.0,-74.77275727322271,2017-03-27T14:00:00.0,2017-03-30T16:00:00.0,131.0,24,val,475398,475529
626,2017-04-04T06:00:00.0,-68.068,2017-04-04T11:00:00.0,2017-04-05T00:00:00.0,66.0,24,val,475591,475657
627,2017-04-20T01:00:00.0,-69.77672745203903,2017-04-22T08:00:00.0,2017-04-26T04:00:00.0,195.0,24,val,475970,476165
628,2017-05-20T01:00:00.0,-50.24154471037906,2017-05-20T08:00:00.0,2017-05-21T01:00:00.0,72.0,24,val,476690,476762
629,2017-05-27T23:00:00.0,-146.6386653874059,2017-05-28T07:00:00.0,2017-05-29T08:00:00.0,81.0,24,val,476880,476961
630,2017-07-16T10:00:00.0,-75.53707848985773,2017-07-16T13:00:00.0,2017-07-19T00:00:00.0,110.0,24,val,478067,478177
631,2017-08-19T05:00:00.0,-52.50200312989003,2017-08-23T13:00:00.0,2017-08-24T15:00:00.0,178.0,24,val,478878,479056
632,2017-08-31T09:00:00.0,-75.35215420597811,2017-08-31T11:00:00.0,2017-09-01T06:00:00.0,69.0,24,val,479170,479239
633,2017-09-07T22:00:00.0,-150.40645053696167,2017-09-08T01:00:00.0,2017-09-12T07:00:00.0,153.0,24,val,479351,479504
634,2017-09-15T02:00:00.0,-73.36707761629295,2017-09-16T05:00:00.0,2017-09-17T08:00:00.0,102.0,24,val,479523,479625
635,2017-09-27T07:00:00.0,-104.52955527102728,2017-09-28T08:00:00.0,2017-10-02T06:00:00.0,167.0,24,val,479816,479983
636,2017-10-11T05:00:00.0,-71.6374059046942,2017-10-14T05:00:00.0,2017-10-16T01:00:00.0,164.0,24,val,480150,480314
637,2017-11-07T08:00:00.0,-85.33735121980347,2017-11-08T04:00:00.0,2017-11-11T17:00:00.0,153.0,24,val,480801,480954
638,2017-11-21T00:00:00.0,-59.00204826015434,2017-11-21T06:00:00.0,2017-11-21T17:00:00.0,65.0,24,val,481129,481194
639,2017-12-04T18:00:00.0,-58.90390245425532,2017-12-05T10:00:00.0,2017-12-06T14:00:00.0,92.0,24,val,481459,481551
640,2018-04-20T05:00:00.0,-85.9734790694801,2018-04-20T09:00:00.0,2018-04-22T05:00:00.0,96.0,24,val,484734,484830
641,2018-05-05T17:00:00.0,-57.36652361466314,2018-05-06T01:00:00.0,2018-05-07T12:00:00.0,91.0,24,val,485106,485197
642,2018-06-25T17:00:00.0,-50.17095466085472,2018-06-26T01:00:00.0,2018-06-26T13:00:00.0,68.0,24,val,486330,486398
643,2018-08-25T19:00:00.0,-182.81290970055144,2018-08-26T07:00:00.0,2018-08-31T04:00:00.0,177.0,24,val,487796,487973
644,2018-09-10T12:00:00.0,-75.9648888287734,2018-09-11T10:00:00.0,2018-09-13T00:00:00.0,108.0,24,val,488173,488281
645,2018-09-21T23:00:00.0,-52.394738091938635,2018-09-22T07:00:00.0,2018-09-24T01:00:00.0,98.0,24,val,488448,488546
646,2018-10-07T15:00:00.0,-58.29776924914218,2018-10-07T20:00:00.0,2018-10-10T10:00:00.0,115.0,24,val,488824,488939
647,2018-11-05T03:00:00.0,-60.226636426084696,2018-11-05T05:00:00.0,2018-11-06T20:00:00.0,89.0,24,val,489508,489597
648,2018-11-09T17:00:00.0,-51.93896583847271,2018-11-09T21:00:00.0,2018-11-10T05:00:00.0,60.0,24,val,489618,489678
649,2019-05-14T05:00:00.0,-76.78932712347745,2019-05-14T07:00:00.0,2019-05-15T05:00:00.0,72.0,25,test,494070,494142
650,2019-08-05T07:00:00.0,-61.67082638018218,2019-08-05T09:00:00.0,2019-08-07T06:00:00.0,95.0,25,test,496064,496159
651,2019-08-31T05:00:00.0,-60.69981322697306,2019-09-01T20:00:00.0,2019-09-04T02:00:00.0,141.0,25,test,496686,496827
652,2019-09-27T18:00:00.0,-60.15932505093812,2019-09-27T22:00:00.0,2019-09-28T18:00:00.0,72.0,25,test,497347,497419
653,2019-10-25T01:00:00.0,-53.25629062971338,2019-10-25T08:00:00.0,2019-10-25T23:00:00.0,70.0,25,test,498002,498072
654,2020-02-18T06:00:00.0,-62.10708138589317,2020-02-18T16:00:00.0,2020-02-19T02:00:00.0,68.0,25,test,500791,500859
655,2020-04-20T09:00:00.0,-67.26719046282867,2020-04-20T12:00:00.0,2020-04-21T00:00:00.0,63.0,25,test,502282,502345
656,2020-07-24T15:00:00.0,-51.88919781700873,2020-07-25T01:00:00.0,2020-07-25T09:00:00.0,66.0,25,test,504568,504634
657,2020-09-25T20:00:00.0,-65.28248224319621,2020-09-27T21:00:00.0,2020-09-30T13:00:00.0,161.0,25,test,506085,506246
658,2021-03-01T03:00:00.0,-62.6385185999186,2021-03-01T06:00:00.0,2021-03-01T17:00:00.0,62.0,25,test,509836,509898
659,2021-03-20T07:00:00.0,-50.91617381027545,2021-03-20T09:00:00.0,2021-03-21T04:00:00.0,69.0,25,test,510296,510365
660,2021-04-16T18:00:00.0,-55.88522176759096,2021-04-17T05:00:00.0,2021-04-18T00:00:00.0,78.0,25,test,510955,511033
661,2021-04-26T02:00:00.0,-50.65128845895222,2021-04-26T06:00:00.0,2021-04-26T17:00:00.0,63.0,25,test,511179,511242
662,2021-05-12T13:00:00.0,-62.180295690121284,2021-05-12T15:00:00.0,2021-05-13T11:00:00.0,70.0,25,test,511574,511644
663,2021-08-27T14:00:00.0,-76.62357181869316,2021-08-27T23:00:00.0,2021-08-29T01:00:00.0,83.0,25,test,514143,514226
664,2021-09-17T19:00:00.0,-75.98108248103209,2021-09-17T21:00:00.0,2021-09-18T12:00:00.0,65.0,25,test,514652,514717
665,2021-10-11T17:00:00.0,-78.12243569791409,2021-10-12T14:00:00.0,2021-10-14T00:00:00.0,103.0,25,test,515226,515329
666,2021-10-17T11:00:00.0,-53.46588189235425,2021-10-18T00:00:00.0,2021-10-18T11:00:00.0,72.0,25,test,515364,515436
667,2021-11-04T01:00:00.0,-106.4271182500208,2021-11-04T13:00:00.0,2021-11-05T05:00:00.0,76.0,25,test,515786,515862
668,2022-01-14T18:00:00.0,-95.29776924914218,2022-01-14T22:00:00.0,2022-01-16T19:00:00.0,97.0,25,test,517507,517604
669,2022-02-03T08:00:00.0,-67.2805323205705,2022-02-03T11:00:00.0,2022-02-03T20:00:00.0,60.0,25,test,517977,518037
670,2022-02-10T16:00:00.0,-55.45282914697111,2022-02-10T19:00:00.0,2022-02-11T09:00:00.0,65.0,25,test,518153,518218
671,2022-03-05T14:00:00.0,-54.18325432512897,2022-03-05T21:00:00.0,2022-03-06T23:00:00.0,81.0,25,test,518703,518784
672,2022-03-11T22:00:00.0,-86.6374059046942,2022-03-13T23:00:00.0,2022-03-15T00:00:00.0,122.0,25,test,518855,518977
673,2022-04-10T05:00:00.0,-79.74031210998908,2022-04-14T21:00:00.0,2022-04-15T05:00:00.0,168.0,25,test,519558,519726
674,2022-05-27T23:00:00.0,-65.7557364034064,2022-05-28T07:00:00.0,2022-05-28T21:00:00.0,70.0,25,test,520704,520774
675,2022-07-02T02:00:00.0,-78.68169729949162,2022-07-07T22:00:00.0,2022-07-08T10:00:00.0,200.0,25,test,521547,521747
676,2022-07-19T08:00:00.0,-56.43288652559576,2022-07-19T20:00:00.0,2022-07-20T05:00:00.0,69.0,25,test,521961,522030
677,2022-08-07T20:00:00.0,-60.4271182500208,2022-08-08T07:00:00.0,2022-08-10T07:00:00.0,107.0,25,test,522429,522536
678,2022-08-17T19:00:00.0,-53.226636426084696,2022-08-17T21:00:00.0,2022-08-19T12:00:00.0,89.0,25,test,522668,522757
679,2022-09-04T03:00:00.0,-77.21094744632032,2022-09-04T17:00:00.0,2022-09-07T00:00:00.0,117.0,25,test,523084,523201
680,2022-10-14T08:00:00.0,-63.51165744415982,2022-10-14T10:00:00.0,2022-10-14T19:00:00.0,59.0,25,test,524049,524108
681,2022-10-22T12:00:00.0,-81.13615641966823,2022-10-22T18:00:00.0,2022-10-23T08:00:00.0,68.0,25,test,524245,524313
682,2022-11-02T14:00:00.0,-97.39538837600378,2022-11-07T17:00:00.0,2022-11-09T10:00:00.0,212.0,25,test,524511,524723
683,2022-12-07T12:00:00.0,-70.80606274582748,2022-12-07T17:00:00.0,2022-12-08T12:00:00.0,72.0,25,test,525349,525421
684,2022-12-26T12:00:00.0,-64.18703332398007,2022-12-27T15:00:00.0,2022-12-28T09:00:00.0,93.0,25,test,525805,525898
685,2023-01-04T02:00:00.0,-61.10566450060509,2023-01-04T09:00:00.0,2023-01-04T16:00:00.0,62.0,25,test,526011,526073
686,2023-01-14T22:00:00.0,-54.11692675832424,2023-01-15T13:00:00.0,2023-01-16T01:00:00.0,75.0,25,test,526271,526346
687,2023-02-15T06:00:00.0,-74.18844494244867,2023-02-15T17:00:00.0,2023-02-17T10:00:00.0,100.0,25,test,527023,527123
688,2023-02-26T21:00:00.0,-141.28906986532405,2023-02-27T12:00:00.0,2023-03-01T03:00:00.0,102.0,25,test,527302,527404
689,2023-03-23T11:00:00.0,-166.31895820232742,2023-03-24T02:00:00.0,2023-03-25T20:00:00.0,105.0,25,test,527892,527997
690,2023-04-23T10:00:00.0,-211.98084986361383,2023-04-24T05:00:00.0,2023-04-27T01:00:00.0,135.0,25,test,528635,528770
691,2023-05-06T04:00:00.0,-74.76397527178077,2023-05-06T05:00:00.0,2023-05-07T03:00:00.0,71.0,25,test,528941,529012
692,2023-05-20T00:00:00.0,-59.754063440286544,2023-05-20T07:00:00.0,2023-05-21T01:00:00.0,73.0,25,test,529273,529346
693,2023-06-15T18:00:00.0,-73.92606250951928,2023-06-16T09:00:00.0,2023-06-19T08:00:00.0,134.0,25,test,529915,530049
694,2023-06-24T21:00:00.0,-57.01033514476285,2023-06-25T01:00:00.0,2023-06-26T08:00:00.0,83.0,25,test,530134,530217
695,2023-08-04T21:00:00.0,-93.38366419290281,2023-08-05T05:00:00.0,2023-08-06T12:00:00.0,87.0,25,test,531118,531205
696,2023-09-02T05:00:00.0,-63.582216313989406,2023-09-02T12:00:00.0,2023-09-04T04:00:00.0,95.0,25,test,531798,531893
697,2023-09-12T15:00:00.0,-84.88919781700872,2023-09-12T22:00:00.0,2023-09-14T03:00:00.0,84.0,25,test,532048,532132
698,2023-09-18T17:00:00.0,-85.17662793511532,2023-09-19T02:00:00.0,2023-09-20T16:00:00.0,95.0,25,test,532194,532289
699,2023-09-24T22:00:00.0,-71.77488148769346,2023-09-25T02:00:00.0,2023-09-25T12:00:00.0,62.0,25,test,532343,532405
700,2023-10-20T20:00:00.0,-88.90728533293799,2023-10-21T07:00:00.0,2023-10-22T14:00:00.0,90.0,25,test,532965,533055
701,2023-10-28T06:00:00.0,-63.64649896733005,2023-10-28T11:00:00.0,2023-10-30T15:00:00.0,105.0,25,test,533143,533248
702,2023-11-04T19:00:00.0,-170.10638760216958,2023-11-05T19:00:00.0,2023-11-09T12:00:00.0,161.0,25,test,533324,533485
703,2023-11-21T21:00:00.0,-95.71377515703739,2023-11-25T19:00:00.0,2023-11-26T23:00:00.0,170.0,25,test,533734,533904
704,2023-12-01T10:00:00.0,-132.64682316381598,2023-12-01T12:00:00.0,2023-12-03T16:00:00.0,102.0,25,test,533963,534065
705,2023-12-14T00:00:00.0,-85.84252433537628,2023-12-17T16:00:00.0,2023-12-19T13:00:00.0,181.0,25,test,534265,534446
706,2024-03-03T14:00:00.0,-122.32966403688152,2024-03-03T18:00:00.0,2024-03-05T20:00:00.0,102.0,25,test,536199,536301
707,2024-03-21T13:00:00.0,-129.72054762972098,2024-03-24T20:00:00.0,2024-03-27T08:00:00.0,187.0,25,test,536630,536817
708,2024-04-16T00:00:00.0,-119.18844494244868,2024-04-19T19:00:00.0,2024-04-22T11:00:00.0,203.0,25,test,537241,537444
709,2024-04-26T06:00:00.0,-81.21610011288597,2024-05-02T16:00:00.0,2024-05-02T16:00:00.0,202.0,25,test,537487,537689
710,2024-05-10T18:00:00.0,-445.695390086279,2024-05-11T02:00:00.0,2024-05-16T18:00:00.0,192.0,25,test,537835,538027
711,2024-06-27T23:00:00.0,-122.43676939416008,2024-06-28T12:00:00.0,2024-06-30T00:00:00.0,97.0,25,test,538992,539089
712,2024-08-04T07:00:00.0,-111.7702644495176,2024-08-04T16:00:00.0,2024-08-05T17:00:00.0,82.0,25,test,539888,539970
713,2024-08-12T01:00:00.0,-188.0,2024-08-12T16:00:00.0,2024-08-14T16:00:00.0,111.0,25,test,540074,540185
714,2024-08-28T00:00:00.0,-73.49761213518245,2024-08-28T06:00:00.0,2024-08-29T00:00:00.0,72.0,25,test,540457,540529
715,2024-09-12T07:00:00.0,-126.792428651032,2024-09-17T08:00:00.0,2024-09-18T08:00:00.0,193.0,25,test,540824,541017
716,2024-09-25T04:00:00.0,-54.01743832936121,2024-09-25T05:00:00.0,2024-09-26T13:00:00.0,81.0,25,test,541133,541214
717,2024-10-07T11:00:00.0,-343.68298392749483,2024-10-11T01:00:00.0,2024-10-13T12:00:00.0,193.0,25,test,541428,541621
718,2024-11-08T20:00:00.0,-104.61046816498363,2024-11-09T12:00:00.0,2024-11-11T20:00:00.0,120.0,25,test,542205,542325
719,2024-12-31T21:00:00.0,-217.6030343009945,2025-01-01T15:00:00.0,2025-01-04T01:00:00.0,124.0,25,test,543478,543602
720,2025-03-08T20:00:00.0,-67.61653486500948,2025-03-13T09:00:00.0,2025-03-15T00:00:00.0,196.0,25,test,545085,545281
721,2025-03-19T04:00:00.0,-61.88995637898617,2025-03-22T02:00:00.0,2025-03-23T16:00:00.0,156.0,25,test,545333,545489
722,2025-03-26T12:00:00.0,-67.39538837600378,2025-03-26T20:00:00.0,2025-03-28T00:00:00.0,84.0,25,test,545509,545593
723,2025-04-03T13:00:00.0,-70.72888894993895,2025-04-04T22:00:00.0,2025-04-07T07:00:00.0,138.0,25,test,545702,545840
724,2025-04-12T07:00:00.0,-134.7854826439984,2025-04-16T17:00:00.0,2025-04-18T17:00:00.0,202.0,25,test,545912,546114
725,2025-05-01T03:00:00.0,-61.52073951773353,2025-05-02T23:00:00.0,2025-05-04T10:00:00.0,127.0,25,test,546364,546491
726,2025-05-09T19:00:00.0,-66.12659078224378,2025-05-09T23:00:00.0,2025-05-10T08:00:00.0,61.0,25,test,546572,546633
727,2025-05-16T21:00:00.0,-73.08427404959382,2025-05-17T05:00:00.0,2025-05-18T05:00:00.0,80.0,25,test,546742,546822
728,2025-05-28T14:00:00.0,-132.94370929531857,2025-06-01T10:00:00.0,2025-06-04T02:00:00.0,204.0,25,test,547023,547227
729,2025-06-11T22:00:00.0,-108.16451419664176,2025-06-13T21:00:00.0,2025-06-15T00:00:00.0,122.0,25,test,547367,547489
730,2025-07-06T20:00:00.0,-57.67925530105836,2025-07-07T02:00:00.0,2025-07-07T18:00:00.0,70.0,25,test,547965,548035
731,2025-08-09T01:00:00.0,-86.57468886295004,2025-08-09T10:00:00.0,2025-08-11T11:00:00.0,106.0,25,test,548762,548868
732,2025-09-02T17:00:00.0,-79.4905762877459,2025-09-02T22:00:00.0,2025-09-03T11:00:00.0,66.0,25,test,549354,549420
733,2025-09-06T16:00:00.0,-50.36369746165393,2025-09-06T18:00:00.0,2025-09-07T08:00:00.0,64.0,25,test,549449,549513
734,2025-09-15T00:00:00.0,-86.40563745635015,2025-09-15T02:00:00.0,2025-09-16T20:00:00.0,92.0,25,test,549649,549741
735,2025-09-29T08:00:00.0,-110.00204826015434,2025-09-30T07:00:00.0,2025-10-05T09:00:00.0,193.0,25,test,549993,550186
736,2025-10-18T17:00:00.0,-65.18069466938046,2025-10-18T21:00:00.0,2025-10-19T17:00:00.0,72.0,25,test,550458,550530
737,2025-10-30T06:00:00.0,-70.46529405545976,2025-10-30T14:00:00.0,2025-11-01T00:00:00.0,90.0,25,test,550735,550825
738,2025-11-05T19:00:00.0,-124.84252433537628,2025-11-06T06:00:00.0,2025-11-06T21:00:00.0,74.0,25,test,550892,550966
739,2025-11-12T01:00:00.0,-226.78370205330424,2025-11-12T11:00:00.0,2025-11-14T17:00:00.0,112.0,25,test,551042,551154
740,2025-12-03T14:00:00.0,-70.56166449982139,2025-12-03T22:00:00.0,2025-12-04T22:00:00.0,80.0,25,test,551559,551639
741,2025-12-10T23:00:00.0,-75.98374756637146,2025-12-11T03:00:00.0,2025-12-11T12:00:00.0,61.0,25,test,551736,551797
