split,storm_id,model,rmse,correlation,pe,min_dst_obs
val,508,Switching-SINDy,67.30166614902947,0.6188852873351681,-35.48767694128761,-52.270550829484776
val,508,Single-SINDy,22.442452588566542,0.6348133741353558,-3.0572821931570946,-52.270550829484776
val,508,Burton,7.715558042931191,0.8306642082531626,0.5204551098805926,-52.270550829484776
val,508,OBrienMcP,20.87016276554912,0.7624464180158756,-2.508700141802034,-52.270550829484776
val,509,Switching-SINDy,55.48938833493068,0.5661457821045787,-7.676897273530633,-92.13421524319104
val,509,Single-SINDy,25.576483604300492,0.8239558454315388,-0.8434283016147859,-92.13421524319104
val,509,Burton,17.769757413841347,0.8207787957774697,0.11016890354977171,-92.13421524319104
val,509,OBrienMcP,28.676722564903443,0.6026300849011005,-1.317413913869161,-92.13421524319104
val,510,Switching-SINDy,94.12791779559149,0.6138650592167351,-31.167497665937184,-54.325638852110885
val,510,Single-SINDy,22.08131213991527,0.7864983493094727,-0.77023176105829,-54.325638852110885
val,510,Burton,9.825274362122059,0.9227636398248701,0.6495147483933399,-54.325638852110885
val,510,OBrienMcP,19.63088137679023,0.7151706155626278,-0.3991361317888833,-54.325638852110885
val,511,Switching-SINDy,10.897707169492687,0.8048257464896258,0.6161602279864438,-50.98637356000605
val,511,Single-SINDy,26.96732655018402,0.8897304343293332,-1.3504742249554962,-50.98637356000605
val,511,Burton,7.819737922176413,0.9067165548735703,0.8023648895144858,-50.98637356000605
val,511,OBrienMcP,15.044932099696945,0.7032282356684166,0.26842278818748133,-50.98637356000605
val,512,Switching-SINDy,16.309407615696383,0.7843275469043978,0.15599179091918958,-57.189539527412435
val,512,Single-SINDy,19.680871463268634,0.9421260905190206,-0.22901998946482482,-57.189539527412435
val,512,Burton,6.999761690123973,0.9353257617396875,0.8445335056409389,-57.189539527412435
val,512,OBrienMcP,19.042932503726288,0.7178835817428418,-0.15063598708588555,-57.189539527412435
val,513,Switching-SINDy,89.50485026237622,0.17706089626840968,-14.028771642360883,-89.0539020641869
val,513,Single-SINDy,18.954463435162555,0.9384049248190892,0.3260101836571143,-89.0539020641869
val,513,Burton,14.828017138639428,0.8097013175631365,0.5875260710589084,-89.0539020641869
val,513,OBrienMcP,26.462452942941905,0.6557156271378085,-0.3136828864236012,-89.0539020641869
val,514,Switching-SINDy,10.914620185625319,0.71197728406039,0.3343509346908933,-58.7683202032629
val,514,Single-SINDy,31.845257752236463,0.7705652059455524,-4.666535428075071,-58.7683202032629
val,514,Burton,16.769641782022017,0.8067544591374689,-0.571359816722089,-58.7683202032629
val,514,OBrienMcP,15.976777197660592,0.6628070772438358,-0.42628537597371574,-58.7683202032629
val,515,Switching-SINDy,16.39238863019374,0.8007512216885856,0.11777007642636905,-74.76070036864326
val,515,Single-SINDy,13.771899959916215,0.9382888992491896,0.37729117691846425,-74.76070036864326
val,515,Burton,18.031693634389963,0.8384132677936222,-0.0675060388435067,-74.76070036864326
val,515,OBrienMcP,25.862864110523468,0.7631851340360599,-1.1960920334728153,-74.76070036864326
val,516,Switching-SINDy,34.712102188952635,0.6344776920239057,-1.4873615535922768,-77.16494928626356
val,516,Single-SINDy,19.165676864880727,0.9062753955618541,0.24172731948873505,-77.16494928626356
val,516,Burton,11.572508985674995,0.8986920128981666,0.7235401046175183,-77.16494928626356
val,516,OBrienMcP,26.557676211443873,0.7214678281320458,-0.4559861019094109,-77.16494928626356
val,517,Switching-SINDy,95.85166725756977,0.4993334062412265,-21.385380148598376,-76.08439385482919
val,517,Single-SINDy,44.681655800387354,0.8077253022038389,-3.8643369255059987,-76.08439385482919
val,517,Burton,21.794095263589995,0.8717618096411746,-0.15729165320368677,-76.08439385482919
val,517,OBrienMcP,25.455565853562216,0.734796433812085,-0.578812811707716,-76.08439385482919
val,518,Switching-SINDy,70.60209357086794,0.6195878538896966,-8.309430927676756,-81.07725421627964
val,518,Single-SINDy,18.879069366901927,0.8903573416901771,0.3343450904184889,-81.07725421627964
val,518,Burton,13.828489830469499,0.8699344859687472,0.642860830437829,-81.07725421627964
val,518,OBrienMcP,27.32959932976061,0.7428855356441414,-0.3949367130473762,-81.07725421627964
val,519,Switching-SINDy,27.625663765142534,0.6839256478160769,-0.8065500518348465,-77.52
val,519,Single-SINDy,32.10592317804391,0.9238845357777112,-1.4400283908712077,-77.52
val,519,Burton,6.608033868126765,0.9498581465811048,0.8966360551640179,-77.52
val,519,OBrienMcP,19.689359213357115,0.7912922968151239,0.08232749467747924,-77.52
val,520,Switching-SINDy,78.57356688465583,0.49857195519683334,-20.646435432788735,-69.84247471624943
val,520,Single-SINDy,23.195904822561527,0.8669514993246078,-0.8864968714046837,-69.84247471624943
val,520,Burton,11.249375087815979,0.823738964699379,0.556299162437237,-69.84247471624943
val,520,OBrienMcP,19.414911877081774,0.6991581177552577,-0.3216129954984961,-69.84247471624943
val,521,Switching-SINDy,40.305423943232675,0.5858633011160531,-1.9019554293551701,-93.00496597934529
val,521,Single-SINDy,36.63859671176025,0.8283731533790379,-1.397957125265724,-93.00496597934529
val,521,Burton,11.262284757589887,0.8928195343579253,0.7734225114385915,-93.00496597934529
val,521,OBrienMcP,24.202832002087696,0.6563568772496274,-0.046396126549857586,-93.00496597934529
val,522,Switching-SINDy,167.3132033857019,-0.014089018642558616,-57.88013443586469,-80.80228220406504
val,522,Single-SINDy,37.54236718517339,0.9083902657393581,-1.964501472091985,-80.80228220406504
val,522,Burton,13.978436214779068,0.9242813210750613,0.5890154059871,-80.80228220406504
val,522,OBrienMcP,20.03954721918096,0.8782616899996076,0.15533563248700222,-80.80228220406504
val,523,Switching-SINDy,83.7040102574528,0.006989214613869524,-23.026638823479484,-59.986373560006044
val,523,Single-SINDy,17.47288025454915,0.8816103146654933,-0.04695855530126658,-59.986373560006044
val,523,Burton,7.740990389410589,0.9227020866459643,0.7945086499307332,-59.986373560006044
val,523,OBrienMcP,15.976936398587009,0.7898839671840605,0.12463837912930831,-59.986373560006044
val,524,Switching-SINDy,139.17854974906209,0.3845192238341386,-48.88385435248531,-81.53270314018488
val,524,Single-SINDy,17.839048967965745,0.9300182347626783,0.18048145790015213,-81.53270314018488
val,524,Burton,13.440265854488866,0.8093211181645468,0.5348092102386608,-81.53270314018488
val,524,OBrienMcP,26.064566109539683,0.5928023871559406,-0.7495098355747996,-81.53270314018488
val,525,Switching-SINDy,25.990486330356898,0.6284617564800535,-2.486130906613281,-56.14932978839364
val,525,Single-SINDy,18.027596385033036,0.8320287901094989,-0.6772219270149582,-56.14932978839364
val,525,Burton,14.746825885648043,0.9233131139239501,-0.12230780780343853,-56.14932978839364
val,525,OBrienMcP,11.66801381621997,0.8302179577567426,0.297399024441537,-56.14932978839364
val,526,Switching-SINDy,66.82662641536156,0.4596833364257754,-5.840743438018239,-120.68220992554643
val,526,Single-SINDy,10.278355716345128,0.9231343745396151,0.8381728016474377,-120.68220992554643
val,526,Burton,18.719060828148745,0.8752433086680323,0.4632496467550197,-120.68220992554643
val,526,OBrienMcP,33.321726534985665,0.66644330583719,-0.7008233896396081,-120.68220992554643
val,527,Switching-SINDy,25.929128643123416,0.7640155844292426,0.15326303266706776,-75.24514864787307
val,527,Single-SINDy,36.086067046502606,0.7821179337260992,-0.640029951077882,-75.24514864787307
val,527,Burton,19.672488856414976,0.7875484359661633,0.5125935275974485,-75.24514864787307
val,527,OBrienMcP,30.26638242147241,0.6297784834501967,-0.15370216173710105,-75.24514864787307
val,528,Switching-SINDy,127.11917640256893,-0.26946693644540903,-48.78028254068888,-74.28798178806699
val,528,Single-SINDy,8.937578777020132,0.9203587578773726,0.7539207571520912,-74.28798178806699
val,528,Burton,14.699117864083641,0.8521366853759175,0.33439318352782144,-74.28798178806699
val,528,OBrienMcP,24.086079343141787,0.6915676366684471,-0.7871764855060452,-74.28798178806699
val,529,Switching-SINDy,78.4078368381707,0.5217609493449955,-6.524202840657026,-119.23385351664848
val,529,Single-SINDy,26.17541438996263,0.8901245745522468,0.16145054366033185,-119.23385351664848
val,529,Burton,17.420990897433096,0.8909643099233517,0.6285612084632517,-119.23385351664848
val,529,OBrienMcP,32.54359714216131,0.7243616031300577,-0.2962019196718504,-119.23385351664848
val,530,Switching-SINDy,101.42872466831228,0.27497572528856873,-8.497364002165902,-153.14958914959772
val,530,Single-SINDy,14.28736882973397,0.9054565203240953,0.8115545455579176,-153.14958914959772
val,530,Burton,33.51224813618589,0.8676887609612118,-0.036783984130470015,-153.14958914959772
val,530,OBrienMcP,41.898673722138504,0.7039346918656607,-0.6206219075022665,-153.14958914959772
val,531,Switching-SINDy,19.865599678914407,0.03175368889291536,-1.1021896182657747,-65.64524964479462
val,531,Single-SINDy,22.313064643744898,0.816730274746234,-1.65208216627518,-65.64524964479462
val,531,Burton,9.612855366578358,0.8589772381736847,0.5077640328492946,-65.64524964479462
val,531,OBrienMcP,24.323606761968357,0.7466126158061135,-2.1515519837456303,-65.64524964479462
val,532,Switching-SINDy,21.8104812445122,0.702494038169579,0.1549338131108251,-78.26363684338605
val,532,Single-SINDy,41.2729961366992,0.7635398598480908,-2.026162337590886,-78.26363684338605
val,532,Burton,15.960809758055074,0.7997463473564262,0.5474463515107897,-78.26363684338605
val,532,OBrienMcP,25.524090885947757,0.6586635079246752,-0.15733954579274734,-78.26363684338605
val,533,Switching-SINDy,68.23424879675129,0.39945430530347087,-13.88097111287874,-67.10566450060509
val,533,Single-SINDy,36.44657697149819,0.8652502263401339,-3.2456084239753427,-67.10566450060509
val,533,Burton,12.877088058975259,0.9418364058163932,0.47001719980457635,-67.10566450060509
val,533,OBrienMcP,16.42892007198093,0.8939278407319229,0.137330432318158,-67.10566450060509
val,534,Switching-SINDy,137.5352018808953,0.06713536513018685,-97.75716439539609,-54.80228220406504
val,534,Single-SINDy,27.98256978704837,0.8546032286240187,-3.088048731337987,-54.80228220406504
val,534,Burton,9.622674338643174,0.8117658687714338,0.5165712782700187,-54.80228220406504
val,534,OBrienMcP,17.88049062498301,0.6090465921346189,-0.669166791101681,-54.80228220406504
val,535,Switching-SINDy,56.0575892732487,0.5404313902945256,-2.562589007032289,-148.1709546608547
val,535,Single-SINDy,32.92421148284788,0.7517214411071402,-0.228931438028652,-148.1709546608547
val,535,Burton,23.47803308483642,0.8675027795102059,0.37508592043739863,-148.1709546608547
val,535,OBrienMcP,44.554559098140906,0.7571553916045346,-1.2505112575967399,-148.1709546608547
val,536,Switching-SINDy,108.88491219048129,0.26173621418700205,-52.99950658942464,-92.21761153807799
val,536,Single-SINDy,8.40004022839348,0.8707924530928179,0.6786212827538844,-92.21761153807799
val,536,Burton,11.242890915649955,0.8252020692081365,0.4242812484202467,-92.21761153807799
val,536,OBrienMcP,30.132415801999727,0.6752572991473401,-3.1354453358817462,-92.21761153807799
val,537,Switching-SINDy,19.332781922469522,0.7943356542702169,0.03445326758746692,-72.03714081865299
val,537,Single-SINDy,34.33449910339818,0.9538515704061532,-2.045411801094582,-72.03714081865299
val,537,Burton,8.033989824884063,0.9646205804019079,0.8332571773304815,-72.03714081865299
val,537,OBrienMcP,17.46964686281716,0.8331207538117087,0.21158868849687062,-72.03714081865299
val,538,Switching-SINDy,101.2189115389891,-0.22056724224939034,-38.77245387496259,-60.683261807331576
val,538,Single-SINDy,31.205244117017973,0.7906424125422488,-2.780195232417891,-60.683261807331576
val,538,Burton,11.713867940639819,0.9497941794905497,0.46732819647499657,-60.683261807331576
val,538,OBrienMcP,11.639808021794277,0.8604165094201762,0.47404244701937115,-60.683261807331576
val,539,Switching-SINDy,20.92189191557023,0.652916929774881,-0.6709198944037418,-59.62046439662598
val,539,Single-SINDy,18.707616142954496,0.9311195625378179,-0.3359512844237098,-59.62046439662598
val,539,Burton,7.29672809466804,0.9050157205873083,0.7967595969220304,-59.62046439662598
val,539,OBrienMcP,18.83104623569753,0.6325439462950758,-0.3536382597569967,-59.62046439662598
val,540,Switching-SINDy,41.1255082984253,0.7998051814090585,-1.2120389895303778,-119.05975109036004
val,540,Single-SINDy,31.917507286597676,0.9024767215836547,-0.3323801458595954,-119.05975109036004
val,540,Burton,10.539682710162259,0.9382215592513795,0.8547134891563084,-119.05975109036004
val,540,OBrienMcP,25.109141272793448,0.8395264995403287,0.17541782862718747,-119.05975109036004
val,541,Switching-SINDy,80.23351008082983,0.7155404091346347,-7.805587705960907,-94.0566356946865
val,541,Single-SINDy,45.50517250768441,0.7964968168571597,-1.8324893966609772,-94.0566356946865
val,541,Burton,17.410083927941773,0.9114686340665391,0.5853816757855117,-94.0566356946865
val,541,OBrienMcP,19.075965012568524,0.734122612830897,0.5022402254965073,-94.0566356946865
val,542,Switching-SINDy,211.36414330512198,-0.04150654049666439,-31.23495776956394,-139.1530236259052
val,542,Single-SINDy,47.94610476533662,0.9298809904278532,-0.6587125791645634,-139.1530236259052
val,542,Burton,53.064378395992314,0.9293370742324434,-1.0317517411943609,-139.1530236259052
val,542,OBrienMcP,124.0615236885161,0.8223405224473326,-10.105514914181576,-139.1530236259052
val,543,Switching-SINDy,194.7756289736587,0.27700047736229866,-91.47601904476652,-71.49519732254836
val,543,Single-SINDy,44.569623274866636,0.8384945432704416,-3.8421453440295092,-71.49519732254836
val,543,Burton,19.29714811670734,0.6931256678980638,0.09229201589398495,-71.49519732254836
val,543,OBrienMcP,25.46824368739108,0.5785646507473886,-0.5810947192680136,-71.49519732254836
val,544,Switching-SINDy,95.2109239214878,0.29929003453375624,-7.86731511398502,-120.41003549408822
val,544,Single-SINDy,20.95466023473644,0.9446730139155606,0.5704835219216915,-120.41003549408822
val,544,Burton,17.79861802931449,0.8506585114919879,0.690121711398897,-120.41003549408822
val,544,OBrienMcP,29.49598200779727,0.7215782164002468,0.1489711120421272,-120.41003549408822
val,545,Switching-SINDy,151.2315560725978,0.13551589491089244,-25.197871843099563,-104.53942090884684
val,545,Single-SINDy,37.09605824045558,0.8915881817733038,-0.5762921079733205,-104.53942090884684
val,545,Burton,22.250086167411705,0.8984095733420215,0.4329196925712957,-104.53942090884684
val,545,OBrienMcP,31.251926891540986,0.8056919629094711,-0.11875443788060602,-104.53942090884684
val,546,Switching-SINDy,37.17855383397655,0.3784876484373658,-2.5816499357163525,-90.29390950911153
val,546,Single-SINDy,21.043944028619226,0.7712663655328835,-0.147499294365236,-90.29390950911153
val,546,Burton,15.667684412723167,0.913064791038798,0.36392579845749484,-90.29390950911153
val,546,OBrienMcP,25.50773703502065,0.7917666620576914,-0.6859396064314911,-90.29390950911153
val,547,Switching-SINDy,64.68008621406943,0.41052989141039803,-5.9871559531481475,-64.42006026853971
val,547,Single-SINDy,41.29655958371177,0.9187581490541951,-1.8483083350252758,-64.42006026853971
val,547,Burton,18.91131338831717,0.8820106326039249,0.40268607458357153,-64.42006026853971
val,547,OBrienMcP,16.634753148012464,0.7805212784560958,0.5378404011012348,-64.42006026853971
val,548,Switching-SINDy,96.10951245349678,0.33899669838388774,-11.246009144573772,-106.84794313549789
val,548,Single-SINDy,42.82168674910391,0.8607343643798655,-1.4310247001029928,-106.84794313549789
val,548,Burton,21.440424989201908,0.9358491510033989,0.39056329064815176,-106.84794313549789
val,548,OBrienMcP,25.76119782067095,0.8818734597423304,0.12017978493647785,-106.84794313549789
val,549,Switching-SINDy,74.66915525117328,0.32884972366198645,-20.71911986968611,-65.12896997016182
val,549,Single-SINDy,27.74519822383297,0.9063394575842882,-1.9987165045228714,-65.12896997016182
val,549,Burton,9.744723360369717,0.8318814216579254,0.6300876975262379,-65.12896997016182
val,549,OBrienMcP,22.451127712309486,0.5750679269714931,-0.9635233343339653,-65.12896997016182
val,550,Switching-SINDy,151.20457150904562,0.005616051206702924,-27.00539584285946,-131.42006026853971
val,550,Single-SINDy,13.230348193279076,0.8944206577649897,0.7855853674973363,-131.42006026853971
val,550,Burton,19.010546650545674,0.8916440405272208,0.5573086027634808,-131.42006026853971
val,550,OBrienMcP,30.205533905056786,0.8453889033385119,-0.11759617112667953,-131.42006026853971
val,551,Switching-SINDy,13.196280979727229,0.6961035588934278,-0.033689585789981935,-61.18844494244867
val,551,Single-SINDy,12.76488976797979,0.8670591296227131,0.03278912668217915,-61.18844494244867
val,551,Burton,9.051830160264647,0.8882024686151562,0.5136377868755989,-61.18844494244867
val,551,OBrienMcP,24.17776029877519,0.6991829381436547,-2.469917648984261,-61.18844494244867
val,552,Switching-SINDy,60.11931539343024,0.4546280613665631,-8.249468877043618,-70.35385567560245
val,552,Single-SINDy,18.926491151626394,0.9543754059330541,0.08329636249261319,-70.35385567560245
val,552,Burton,12.5624745205275,0.934241431405242,0.5961322913940276,-70.35385567560245
val,552,OBrienMcP,16.764896161740353,0.8276865900400128,0.2807324320673552,-70.35385567560245
val,553,Switching-SINDy,14.49661424575683,0.7894876143087393,0.27983781814587083,-66.21761153807799
val,553,Single-SINDy,29.72164485019865,0.8317855619378968,-2.027211936412356,-66.21761153807799
val,553,Burton,8.439354057519363,0.9075020220372434,0.7559293482085028,-66.21761153807799
val,553,OBrienMcP,18.674986219774727,0.8017937002613004,-0.19513709510929722,-66.21761153807799
val,554,Switching-SINDy,10.7760345499841,0.7005521194135095,0.291952720782091,-60.88522176759096
val,554,Single-SINDy,22.10507163852481,0.842542717081417,-1.9793955269648285,-60.88522176759096
val,554,Burton,10.003592737543512,0.838135445005482,0.38982232584106336,-60.88522176759096
val,554,OBrienMcP,19.300842038624758,0.6934018921240975,-1.2714167329406578,-60.88522176759096
val,555,Switching-SINDy,51.01485608959908,0.5400750622587656,-1.7580256375817078,-129.77672745203904
val,555,Single-SINDy,30.337788209307547,0.9128420876554425,0.024622355321766154,-129.77672745203904
val,555,Burton,15.205584335241914,0.9139936210745646,0.7549745498338951,-129.77672745203904
val,555,OBrienMcP,28.920301844536116,0.7989714749694009,0.11363905871659274,-129.77672745203904
val,556,Switching-SINDy,124.43065703831395,-0.04902825844814973,-42.61841574871342,-77.05975109036004
val,556,Single-SINDy,39.10915362911061,0.6475531649954268,-3.3089547526860246,-77.05975109036004
val,556,Burton,26.238323486138988,0.9443115595137576,-0.9394887422458134,-77.05975109036004
val,556,OBrienMcP,23.11489646272593,0.9039133659897988,-0.5052166161335314,-77.05975109036004
val,557,Switching-SINDy,148.56093785817924,0.4563195221187383,-25.467531372416914,-106.246
val,557,Single-SINDy,39.570219880883606,0.8838073521174873,-0.8777643896537481,-106.246
val,557,Burton,16.000163180133033,0.9520567034840457,0.6929896650375814,-106.246
val,557,OBrienMcP,23.614993023235986,0.8836262625581971,0.33122533128933385,-106.246
val,558,Switching-SINDy,120.42459686729923,-0.07058710726372595,-18.25321454119428,-84.68169729949162
val,558,Single-SINDy,37.99056230457173,0.826655742547634,-0.916127003374996,-84.68169729949162
val,558,Burton,16.133268829752186,0.9572524206514471,0.6544446756152029,-84.68169729949162
val,558,OBrienMcP,16.34242966896665,0.9015401039887766,0.6454266446035916,-84.68169729949162
val,559,Switching-SINDy,56.04045569179802,0.2720173604217024,-6.984172400075682,-79.7132180043485
val,559,Single-SINDy,41.10619365947837,0.872290379219234,-3.2957709593757762,-79.7132180043485
val,559,Burton,26.977998348374875,0.9284037334960662,-0.8503165668404686,-79.7132180043485
val,559,OBrienMcP,11.644119225695293,0.8969758409186311,0.6553011162717692,-79.7132180043485
val,560,Switching-SINDy,44.10631480747985,0.5781361090046956,-4.943819199889585,-52.0478177485739
val,560,Single-SINDy,29.387179029174423,0.8379522460949943,-1.6386381797226468,-52.0478177485739
val,560,Burton,18.906241546873634,0.934193644587531,-0.09213028162494341,-52.0478177485739
val,560,OBrienMcP,11.44012520542662,0.8203465773802654,0.600123759972391,-52.0478177485739
val,561,Switching-SINDy,45.368867763107765,0.33000924728693887,-6.975704967190931,-60.23476947065207
val,561,Single-SINDy,18.035675336052588,0.9235941609918641,-0.26042792391365177,-60.23476947065207
val,561,Burton,9.43447877371876,0.835397892252293,0.6551033136992321,-60.23476947065207
val,561,OBrienMcP,17.883834226081184,0.6535300161072463,-0.23929434905966462,-60.23476947065207
val,562,Switching-SINDy,128.68072266003907,0.1445907068280555,-20.28468578236193,-89.28047787750361
val,562,Single-SINDy,26.681991808975877,0.9297571334294839,0.08488272478990266,-89.28047787750361
val,562,Burton,17.154024257564796,0.8947330206843669,0.621755779680697,-89.28047787750361
val,562,OBrienMcP,28.836061361406752,0.6857255847895891,-0.06883863283582659,-89.28047787750361
val,563,Switching-SINDy,94.04746532617366,0.2337933330789527,-20.561916461211705,-72.59241940186753
val,563,Single-SINDy,29.34264529191284,0.7929156742451005,-1.0988997496251725,-72.59241940186753
val,563,Burton,15.706543228592903,0.7716592297728231,0.39861250096480805,-72.59241940186753
val,563,OBrienMcP,26.770411190401063,0.5872496259674739,-0.7470416235829398,-72.59241940186753
val,564,Switching-SINDy,13.451585924803663,0.881414395991185,0.14608974611248415,-52.05892954673293
val,564,Single-SINDy,16.64232998745061,0.9047500073938164,-0.30705392770302087,-52.05892954673293
val,564,Burton,8.392638268534991,0.8223545766641832,0.6675990484405333,-52.05892954673293
val,564,OBrienMcP,19.875003247723818,0.5378505760253722,-0.8641448912732046,-52.05892954673293
val,565,Switching-SINDy,12.354351666042236,0.8672364043445228,0.3937614353572281,-54.5214007372865
val,565,Single-SINDy,23.42572900134786,0.9240931603251036,-1.1796656031257622,-54.5214007372865
val,565,Burton,10.663648398019347,0.8759033004803345,0.5483362092990575,-54.5214007372865
val,565,OBrienMcP,14.36768637367782,0.7380447318992361,0.18006897506885622,-54.5214007372865
val,566,Switching-SINDy,53.18432413875,0.4439703758628041,-5.9187746827219385,-81.55371355416396
val,566,Single-SINDy,24.612187923312742,0.8222476682898213,-0.4817070359471831,-81.55371355416396
val,566,Burton,9.468958565603524,0.9051831280262704,0.7806860127816833,-81.55371355416396
val,566,OBrienMcP,17.993164526162477,0.8102228387607047,0.2080878605252532,-81.55371355416396
val,567,Switching-SINDy,52.87488997036984,0.4214241076283103,-8.302499938239462,-66.12936925436478
val,567,Single-SINDy,22.044440579133266,0.9033487157174953,-0.6169585495429215,-66.12936925436478
val,567,Burton,11.05781808078727,0.818990986356285,0.5931450500638795,-66.12936925436478
val,567,OBrienMcP,17.306779216997487,0.6914408436718457,0.003371667372497722,-66.12936925436478
val,568,Switching-SINDy,169.91324666501444,0.23777157105189034,-45.182825517483145,-121.88919781700872
val,568,Single-SINDy,19.950327078872437,0.8407382396865729,0.3633128809274644,-121.88919781700872
val,568,Burton,12.316821098178098,0.888970269547279,0.7573259769295493,-121.88919781700872
val,568,OBrienMcP,28.46656044430452,0.7661488325293654,-0.29627162364626636,-121.88919781700872
val,569,Switching-SINDy,45.18188823242711,0.48866381894046795,-1.8261724430231947,-103.87802318228428
val,569,Single-SINDy,17.14253405562835,0.9191210786732049,0.5931634662759395,-103.87802318228428
val,569,Burton,17.091802656927296,0.9166872599073477,0.5955678770079773,-103.87802318228428
val,569,OBrienMcP,31.870060987078855,0.7396494420399727,-0.40616308557649416,-103.87802318228428
val,570,Switching-SINDy,120.1286060822353,0.12054083923351268,-20.78765542409102,-88.38463225130242
val,570,Single-SINDy,26.366231562453617,0.8912784263055807,-0.049575650155878837,-88.38463225130242
val,570,Burton,10.487018901893673,0.9297253045193247,0.833956559238799,-88.38463225130242
val,570,OBrienMcP,23.532061472552286,0.7730301074270071,0.1639397586508925,-88.38463225130242
val,571,Switching-SINDy,83.44459180094148,0.048633976555274475,-12.346261754467523,-66.71926154172945
val,571,Single-SINDy,39.6652245485439,0.7818463238615849,-2.0156649172601453,-66.71926154172945
val,571,Burton,13.81337721760637,0.9421803336880078,0.6342679732152834,-66.71926154172945
val,571,OBrienMcP,12.261182928547017,0.8845985421979248,0.711843783669931,-66.71926154172945
val,572,Switching-SINDy,15.480914429947106,0.6963519623754943,0.19757616951185308,-50.337351219803466
val,572,Single-SINDy,32.82307201119718,0.8869206713895859,-2.6071902535234703,-50.337351219803466
val,572,Burton,8.365579831203034,0.9098071323381415,0.7656835960298722,-50.337351219803466
val,572,OBrienMcP,14.587528382549758,0.7205737437874105,0.28751778847123466,-50.337351219803466
val,573,Switching-SINDy,56.116749097949004,0.6172446598972515,-12.799318421150229,-52.648847123814704
val,573,Single-SINDy,38.52737260311706,0.854054953255982,-5.504462502513521,-52.648847123814704
val,573,Burton,12.33395364526482,0.5900333254735401,0.3333816688497062,-52.648847123814704
val,573,OBrienMcP,17.805215043614293,0.46668946230481756,-0.389207357620752,-52.648847123814704
val,574,Switching-SINDy,143.818188417209,0.16542708804755574,-35.26205858585646,-80.86475277648195
val,574,Single-SINDy,52.178186508635044,0.8948900579366493,-3.773124791370096,-80.86475277648195
val,574,Burton,15.993554663347009,0.9409688059691476,0.551549176959332,-80.86475277648195
val,574,OBrienMcP,17.391930055651983,0.8360679395929177,0.4697015134189654,-80.86475277648195
val,575,Switching-SINDy,235.72565414282116,-0.19665269559765067,-161.48196570074865,-95.39518393493253
val,575,Single-SINDy,26.12018641371593,0.7338682185619128,-0.9950050964807626,-95.39518393493253
val,575,Burton,24.548209465680664,0.5797629117454917,-0.7621022515321894,-95.39518393493253
val,575,OBrienMcP,29.474859512835323,0.4930908335837968,-1.5403581696280426,-95.39518393493253
val,576,Switching-SINDy,92.51796092295974,0.10256302600987838,-36.89930504508481,-54.363208976236905
val,576,Single-SINDy,31.557644834578678,0.8251190203878116,-3.4094894691270126,-54.363208976236905
val,576,Burton,9.250696358871297,0.8604377221334245,0.6210970437427057,-54.363208976236905
val,576,OBrienMcP,18.56891315877121,0.6988998183191898,-0.5266943975384655,-54.363208976236905
val,577,Switching-SINDy,10.644653478792904,0.7001200183704112,-0.5147731159076394,-51.72888894993895
val,577,Single-SINDy,8.983012865502378,0.8331510442204426,-0.07876929264202537,-51.72888894993895
val,577,Burton,8.185373575378007,0.7266350189393047,0.10430212764313318,-51.72888894993895
val,577,OBrienMcP,24.215071013239076,0.5332932988748649,-6.838916282527019,-51.72888894993895
val,578,Switching-SINDy,62.822084051862845,0.3490887582922904,-43.92296200531916,-54.051729503653235
val,578,Single-SINDy,9.7363452534201,0.5565873905538653,-0.07903525914960241,-54.051729503653235
val,578,Burton,7.75655468042644,0.6121124195231632,0.3151721372520111,-54.051729503653235
val,578,OBrienMcP,22.4054916233005,0.4734851582432036,-4.7141634657202305,-54.051729503653235
val,579,Switching-SINDy,15.014785637212162,0.7338045870351068,0.07441623841280154,-65.0
val,579,Single-SINDy,19.387991962481838,0.7665513585825179,-0.5432742726099282,-65.0
val,579,Burton,18.803809154818797,0.6573792713401011,-0.4516740843999403,-65.0
val,579,OBrienMcP,26.041335703279167,0.4179688356618227,-1.7842226780202144,-65.0
val,580,Switching-SINDy,10.360003532062416,0.6424874557073633,-0.45262587461509907,-57.26894751306749
val,580,Single-SINDy,6.100423717826988,0.7059356001803783,0.49632085336903475,-57.26894751306749
val,580,Burton,9.129529329977544,0.7170186847314413,-0.1280562215395864,-57.26894751306749
val,580,OBrienMcP,23.73048540335982,0.5733496105342466,-6.6216186021802175,-57.26894751306749
val,581,Switching-SINDy,58.81309351155215,0.30330324254227026,-25.95606976416348,-52.89
val,581,Single-SINDy,16.22655051774732,0.7414848233853333,-1.0519224217583645,-52.89
val,581,Burton,10.028178168336087,0.7572347271211574,0.21629501819061703,-52.89
val,581,OBrienMcP,21.671371869308317,0.5900760544212855,-2.6600020923351195,-52.89
val,582,Switching-SINDy,149.940323349778,-0.23828924382540095,-62.02682799503133,-78.30902334915766
val,582,Single-SINDy,44.48499785066957,0.5172744555298409,-4.547735056295147,-78.30902334915766
val,582,Burton,6.547488059136059,0.9604213859061974,0.8798183964092814,-78.30902334915766
val,582,OBrienMcP,19.367132637046716,0.7714134228024303,-0.05152406936547549,-78.30902334915766
val,583,Switching-SINDy,12.412956201208493,0.7128159009058185,-0.33235448065977735,-56.164
val,583,Single-SINDy,13.15822669704515,0.5198360146217598,-0.49714570781081746,-56.164
val,583,Burton,11.652585807634942,0.8345080870959262,-0.17412398568398912,-56.164
val,583,OBrienMcP,23.43942233289136,0.718135820911304,-3.750760635470252,-56.164
val,584,Switching-SINDy,97.44056944277983,0.13167997912375515,-19.899664685724662,-116.02895061575828
val,584,Single-SINDy,31.41811483746432,0.7988624365509815,-1.1728009238640436,-116.02895061575828
val,584,Burton,18.4688285969851,0.7655865094131808,0.24917557311248517,-116.02895061575828
val,584,OBrienMcP,32.370164286883515,0.6979734544379067,-1.3064789683603926,-116.02895061575828
val,585,Switching-SINDy,32.93524643369791,0.6014906113702035,-10.574505285309849,-52.6495637726321
val,585,Single-SINDy,45.402783874320384,0.7656017102506317,-20.996094043486625,-52.6495637726321
val,585,Burton,10.095754943037344,0.7135180733466656,-0.08757246451675127,-52.6495637726321
val,585,OBrienMcP,14.940570302694471,0.5752725979097937,-1.3818529944257603,-52.6495637726321
val,586,Switching-SINDy,20.588694368538746,0.5458125463465568,-3.108508148713729,-58.59241940186753
val,586,Single-SINDy,34.125584226856695,0.7608690278856928,-10.287213233238425,-58.59241940186753
val,586,Burton,11.08984611105234,0.8650940710484213,-0.19200363173898904,-58.59241940186753
val,586,OBrienMcP,20.888614821488016,0.6040382076126743,-3.2290792413649037,-58.59241940186753
val,587,Switching-SINDy,42.23427388808846,0.6394065942159117,-4.860933492639846,-71.36707761629295
val,587,Single-SINDy,31.84731558998648,0.8827149307207351,-2.3325938791028773,-71.36707761629295
val,587,Burton,10.77374615437622,0.9212726848732053,0.6186092052906502,-71.36707761629295
val,587,OBrienMcP,20.205708109895724,0.7588734665859037,-0.34148209080374947,-71.36707761629295
val,588,Switching-SINDy,125.53025198916991,0.2965880967810322,-76.09095902819367,-62.317801361604765
val,588,Single-SINDy,42.34259310799693,0.8851285953673638,-7.7712512115934125,-62.317801361604765
val,588,Burton,13.067644274672622,0.588476487637919,0.16458695114942323,-62.317801361604765
val,588,OBrienMcP,22.64980334780761,0.4292478236799152,-1.5097792163348336,-62.317801361604765
val,589,Switching-SINDy,28.633250143984885,0.6475240572282525,-1.9087797690960988,-68.97200000000001
val,589,Single-SINDy,38.522961563850444,0.9030542677450584,-4.265127361329957,-68.97200000000001
val,589,Burton,8.609812934561099,0.8773189815464029,0.7369992556866047,-68.97200000000001
val,589,OBrienMcP,21.04275717198871,0.7546129466691643,-0.5709951107782978,-68.97200000000001
val,590,Switching-SINDy,99.93729708643228,0.6811782722542109,-3.8362683486154205,-239.20135327680993
val,590,Single-SINDy,38.94964842627884,0.8964199544972369,0.26538079862071473,-239.20135327680993
val,590,Burton,34.19525408734971,0.909321439930286,0.4337778401643695,-239.20135327680993
val,590,OBrienMcP,58.35391461575218,0.80111311929523,-0.6489032841617657,-239.20135327680993
val,591,Switching-SINDy,141.08659071567078,0.33830977680203955,-36.55562935218093,-85.72888894993895
val,591,Single-SINDy,40.51180374774575,0.8765750183115582,-2.0964689277021025,-85.72888894993895
val,591,Burton,11.509926770761036,0.924504030852021,0.7500525633821827,-85.72888894993895
val,591,OBrienMcP,27.700469099808277,0.8565882188086158,-0.447697463946219,-85.72888894993895
val,592,Switching-SINDy,151.40054106563446,0.5523280711424619,-62.9100783092756,-92.17669964122635
val,592,Single-SINDy,27.850288826852015,0.7343070296754108,-1.162588564611168,-92.17669964122635
val,592,Burton,17.62745528239007,0.8290418257060441,0.1336492843110294,-92.17669964122635
val,592,OBrienMcP,34.628491958261705,0.7138538969594556,-2.34334853407988,-92.17669964122635
val,593,Switching-SINDy,84.55558398890678,-0.15037345503965402,-18.96035101552129,-90.42643600869701
val,593,Single-SINDy,31.304816107727273,0.8017642591500788,-1.7359357957548402,-90.42643600869701
val,593,Burton,15.177130491071912,0.690152293104279,0.35692307870177653,-90.42643600869701
val,593,OBrienMcP,29.241731671448235,0.5621991762731774,-1.3872052606722929,-90.42643600869701
val,594,Switching-SINDy,12.832010421366297,0.7818271505608249,0.2855788604542391,-50.18844494244867
val,594,Single-SINDy,17.28488808971975,0.8972340630733058,-0.2962776513271983,-50.18844494244867
val,594,Burton,10.83524557992586,0.7754098659257728,0.4906193919770997,-50.18844494244867
val,594,OBrienMcP,18.634162337777543,0.4976268579847151,-0.5065537776825875,-50.18844494244867
val,595,Switching-SINDy,47.64299780970743,0.6208115053695935,-2.325933399581524,-73.43911844102217
val,595,Single-SINDy,35.36801191392924,0.801860003208178,-0.8328911902034035,-73.43911844102217
val,595,Burton,14.381066847664217,0.8563783585631446,0.6969616466603821,-73.43911844102217
val,595,OBrienMcP,25.777163778345205,0.633463639514058,0.026388602719571108,-73.43911844102217
val,596,Switching-SINDy,28.194289307050227,0.851759924001779,0.546586769805683,-199.82371677790803
val,596,Single-SINDy,31.747130252876858,0.9045216723502278,0.4251151916322343,-199.82371677790803
val,596,Burton,25.63857379193917,0.8715368262534192,0.6250618688528308,-199.82371677790803
val,596,OBrienMcP,45.312303132978805,0.7177376673853657,-0.17112744537720537,-199.82371677790803
val,597,Switching-SINDy,47.06554228141622,0.659096111384658,-4.0494038530971865,-74.05810254971439
val,597,Single-SINDy,19.618855095218205,0.8439007136239727,0.12263300645090935,-74.05810254971439
val,597,Burton,16.74258012028295,0.8050190606628266,0.36103253532748847,-74.05810254971439
val,597,OBrienMcP,28.785883811380575,0.5720896201489902,-0.8888310330939164,-74.05810254971439
val,598,Switching-SINDy,14.292124121106228,0.833753138076042,0.2612198740042314,-65.43305943306515
val,598,Single-SINDy,14.129921128087293,0.84071483786947,0.27789372191171435,-65.43305943306515
val,598,Burton,10.400201076997021,0.9592241252390139,0.6087943508619329,-65.43305943306515
val,598,OBrienMcP,21.55861329067526,0.8787622559798137,-0.6809828796510962,-65.43305943306515
val,599,Switching-SINDy,62.76781389683585,0.34324429252077193,-11.663874786175183,-71.66997731956353
val,599,Single-SINDy,13.480240440058719,0.833582547525175,0.41589909564899175,-71.66997731956353
val,599,Burton,11.839795140222051,0.8086633029712661,0.5494105930314316,-71.66997731956353
val,599,OBrienMcP,25.171987074683685,0.5676141038474984,-1.036702524430893,-71.66997731956353
val,600,Switching-SINDy,109.26254563133068,0.47227757175643675,-24.207493950052104,-97.39473809193863
val,600,Single-SINDy,28.77657892389585,0.8881293342949809,-0.7484989118128247,-97.39473809193863
val,600,Burton,10.708641963873307,0.8963074079061228,0.757865964989692,-97.39473809193863
val,600,OBrienMcP,27.441489169424703,0.8056825215139141,-0.5900192912520648,-97.39473809193863
val,601,Switching-SINDy,26.77329756823983,0.9289628850465675,0.08739798745544813,-104.04781774857389
val,601,Single-SINDy,56.53103736113151,0.853013735938782,-3.0686619013893575,-104.04781774857389
val,601,Burton,15.124647054121912,0.9509567975386347,0.7087618994152765,-104.04781774857389
val,601,OBrienMcP,24.229762471524232,0.9060770341001559,0.2525605681644051,-104.04781774857389
val,602,Switching-SINDy,137.23122251405806,0.6212534685269103,-28.24780924261235,-108.13371161443447
val,602,Single-SINDy,49.140504073818434,0.7247651368339774,-2.7503058835322354,-108.13371161443447
val,602,Burton,14.57876399889139,0.8835035732347988,0.6699126444655088,-108.13371161443447
val,602,OBrienMcP,21.548473893678327,0.8924322240398654,0.2788584599547336,-108.13371161443447
val,603,Switching-SINDy,119.06201269558034,-0.29780421703639176,-35.89620497344155,-79.60407725916447
val,603,Single-SINDy,17.959078740918663,0.8729558185191495,0.16053350372754605,-79.60407725916447
val,603,Burton,14.345148710702007,0.884805019486231,0.46439408054086084,-79.60407725916447
val,603,OBrienMcP,26.958635319875114,0.7800727532212764,-0.8916076702933291,-79.60407725916447
val,604,Switching-SINDy,39.400574046900715,0.39828118281382685,-2.3890393797873455,-131.55371355416395
val,604,Single-SINDy,26.472130604379544,0.817020230753109,-0.5298516182783779,-131.55371355416395
val,604,Burton,15.335066676184304,0.747926917760208,0.4866153800956856,-131.55371355416395
val,604,OBrienMcP,34.18509251894815,0.7258121917510306,-1.5512031110851674,-131.55371355416395
val,605,Switching-SINDy,11.479555812736367,0.4560258663187885,-0.0012585569410556996,-59.807552667473445
val,605,Single-SINDy,25.551005707405327,0.47680904149701264,-3.9603471404281443,-59.807552667473445
val,605,Burton,8.571069895633709,0.7896242233646913,0.441830442660609,-59.807552667473445
val,605,OBrienMcP,22.448975247485752,0.6907263894648231,-2.8290330508891466,-59.807552667473445
val,606,Switching-SINDy,77.63019429275423,0.0501749993340946,-16.927811651724703,-91.80613880743807
val,606,Single-SINDy,39.45618864270372,0.5279314326573129,-3.6312283732602912,-91.80613880743807
val,606,Burton,14.604502863485623,0.8302578767612636,0.36548850976183755,-91.80613880743807
val,606,OBrienMcP,24.260556449765634,0.7607365988527378,-0.7509246232388909,-91.80613880743807
val,607,Switching-SINDy,127.12106135495812,0.660872547633815,-8.389733893972133,-165.93829291982985
val,607,Single-SINDy,72.55032304441794,0.9514835957516915,-2.0584188744449032,-165.93829291982985
val,607,Burton,21.217344554013323,0.9618548523737475,0.7384225376724416,-165.93829291982985
val,607,OBrienMcP,42.61612803718597,0.9001084343228831,-0.05527643759026546,-165.93829291982985
val,608,Switching-SINDy,119.92122626611214,0.2611269415314914,-17.097010716508436,-111.81048368326361
val,608,Single-SINDy,42.28097992772009,0.9318374784509303,-1.2495974466849469,-111.81048368326361
val,608,Burton,26.99609519585697,0.9110617038219736,0.08290014699432047,-111.81048368326361
val,608,OBrienMcP,33.95439405737447,0.8277842719714025,-0.4507971410940561,-111.81048368326361
val,609,Switching-SINDy,154.87029592039696,0.12573523899770905,-33.91795020970716,-104.71829596114985
val,609,Single-SINDy,41.56336814705636,0.8159922449598287,-1.5149766251887549,-104.71829596114985
val,609,Burton,12.693189599883123,0.9208164895680203,0.7654399641019577,-104.71829596114985
val,609,OBrienMcP,26.841053448602366,0.8409006001541305,-0.04884569203058553,-104.71829596114985
val,610,Switching-SINDy,62.568881023429626,0.07253342843261973,-12.685797509627733,-56.694647820288424
val,610,Single-SINDy,52.13304953568879,0.657734575462401,-8.50122479372408,-56.694647820288424
val,610,Burton,8.886117898454614,0.9253675580508723,0.7239565314444839,-56.694647820288424
val,610,OBrienMcP,14.722267344979644,0.8693251733530067,0.24229049794892366,-56.694647820288424
val,611,Switching-SINDy,130.02357349113728,0.5361892373827732,-76.490367880131,-71.02620920815905
val,611,Single-SINDy,30.511200106207472,0.8779234804989584,-3.2669947408830673,-71.02620920815905
val,611,Burton,8.304308089345067,0.937991474000106,0.6839102351657336,-71.02620920815905
val,611,OBrienMcP,26.801708671118522,0.7861136528167695,-2.292520529439858,-71.02620920815905
val,612,Switching-SINDy,32.98137473192816,0.6785497711248744,-0.15332467657005577,-109.74366969947805
val,612,Single-SINDy,31.029039727800786,0.9060116414315706,-0.02082370690309787,-109.74366969947805
val,612,Burton,12.74241616244454,0.955945754670103,0.8278457906640674,-109.74366969947805
val,612,OBrienMcP,30.286566067021166,0.7809290645411475,0.02744505413085596,-109.74366969947805
val,613,Switching-SINDy,9.40097090098421,0.7708003612945046,0.5548682327879253,-55.743818874124784
val,613,Single-SINDy,27.93382878699166,0.7091414539262244,-2.930104572163763,-55.743818874124784
val,613,Burton,8.234829334509811,0.8427301705872993,0.6584515032585347,-55.743818874124784
val,613,OBrienMcP,18.4577348899389,0.7757485063645464,-0.7159316316977848,-55.743818874124784
val,614,Switching-SINDy,56.349070681242495,0.1580370045141783,-10.02003999041541,-65.87857251217333
val,614,Single-SINDy,34.336710830375544,0.760654712791563,-3.0919190793607925,-65.87857251217333
val,614,Burton,9.673937368547469,0.870830794752115,0.6751998678825692,-65.87857251217333
val,614,OBrienMcP,13.351714862303412,0.827702514890234,0.38129481925137443,-65.87857251217333
val,615,Switching-SINDy,169.733634675421,-0.06781772661706563,-93.09570495594856,-60.986373560006044
val,615,Single-SINDy,35.051667479226076,0.8145866252266627,-3.012835379539408,-60.986373560006044
val,615,Burton,15.051219747478866,0.9399956668473528,0.26009260028900394,-60.986373560006044
val,615,OBrienMcP,13.637859017465983,0.8726326764160305,0.3925278518692692,-60.986373560006044
val,616,Switching-SINDy,14.298652659938245,0.9124035510194296,0.617635231665734,-101.28733906649603
val,616,Single-SINDy,22.605574308686695,0.9326290172510943,0.04430629370081751,-101.28733906649603
val,616,Burton,8.57719202316908,0.9603822217599852,0.8624128413681081,-101.28733906649603
val,616,OBrienMcP,25.486778040285355,0.8733468534180313,-0.21483559804467878,-101.28733906649603
val,617,Switching-SINDy,84.12897090779101,0.47105864342409914,-10.969075143891537,-54.64649896733005
val,617,Single-SINDy,47.108857070175766,0.8662489239555938,-2.7529655340010653,-54.64649896733005
val,617,Burton,14.641492965574843,0.883591271006582,0.637473158839353,-54.64649896733005
val,617,OBrienMcP,19.277907297633586,0.6630164749683951,0.3715232505089012,-54.64649896733005
val,618,Switching-SINDy,106.07553201028303,0.14407796893065858,-33.504335399813705,-73.50200312989003
val,618,Single-SINDy,24.52000727006425,0.8839555620942512,-0.8436752207520135,-73.50200312989003
val,618,Burton,12.293128846247498,0.7792054458024408,0.5365871239256688,-73.50200312989003
val,618,OBrienMcP,18.519523759382096,0.6549892112418276,-0.051726600226638775,-73.50200312989003
val,619,Switching-SINDy,52.45723119665219,0.5431550700280722,-13.741974953201536,-61.7557364034064
val,619,Single-SINDy,19.864799653224146,0.8337412791277123,-1.1140405817175911,-61.7557364034064
val,619,Burton,7.841814127203778,0.8261213194584143,0.6705587103198342,-61.7557364034064
val,619,OBrienMcP,21.668600142507753,0.6097302027964779,-1.5153976578295594,-61.7557364034064
val,620,Switching-SINDy,11.63520869701969,0.5113529608163734,-0.5045362070983515,-67.62096736652724
val,620,Single-SINDy,19.09445112463036,0.6049542742142833,-3.051992628233254,-67.62096736652724
val,620,Burton,9.409740981476096,0.7077076827188281,0.0159670825991981,-67.62096736652724
val,620,OBrienMcP,26.465187723043115,0.6751050210753037,-6.784025435623397,-67.62096736652724
val,621,Switching-SINDy,130.13388606332634,0.08035066973070316,-15.653821293443738,-103.64866819637625
val,621,Single-SINDy,58.248985900089245,0.9012463325952418,-2.3366437495396797,-103.64866819637625
val,621,Burton,44.99822700625621,0.958320952735449,-0.9912413712998591,-103.64866819637625
val,621,OBrienMcP,71.20083234508148,0.8750578251878413,-3.9854371260146877,-103.64866819637625
val,622,Switching-SINDy,88.68929138415523,0.5697012946641358,-40.797683551542164,-73.29029953111149
val,622,Single-SINDy,22.71826990279426,0.7908988068831423,-1.7425866230011944,-73.29029953111149
val,622,Burton,12.431246550680212,0.6499942188825872,0.17881841142599542,-73.29029953111149
val,622,OBrienMcP,30.188309420921527,0.5133838962147171,-3.842698476372134,-73.29029953111149
val,623,Switching-SINDy,14.170279420087798,0.8457252633442565,0.2302232081864659,-69.02760185344216
val,623,Single-SINDy,45.35092155029752,0.7687539242166533,-6.884610031619778,-69.02760185344216
val,623,Burton,6.713679052347812,0.9138783677040692,0.8272058094819031,-69.02760185344216
val,623,OBrienMcP,17.961217079823957,0.7320585373522672,-0.23674313618839782,-69.02760185344216
val,624,Switching-SINDy,171.56310486324693,0.2606547047140326,-149.79659820644977,-63.06121784895704
val,624,Single-SINDy,23.34800176742051,0.7486103587262951,-1.7928215371925256,-63.06121784895704
val,624,Burton,9.285359503988953,0.7683061563684699,0.5582859676494817,-63.06121784895704
val,624,OBrienMcP,24.52459169750405,0.6473527600575874,-2.0813946291333623,-63.06121784895704
val,625,Switching-SINDy,95.49411671705307,0.31713281818700245,-25.035834632916607,-74.77275727322271
val,625,Single-SINDy,20.8578920451114,0.8540508608258092,-0.24210726821653838,-74.77275727322271
val,625,Burton,10.923744083528527,0.8770873673351522,0.6593084934936015,-74.77275727322271
val,625,OBrienMcP,26.750458997576846,0.7469662597432501,-1.0430582493711116,-74.77275727322271
val,626,Switching-SINDy,83.43883892452062,-0.30286218509971036,-26.876134428857796,-68.068
val,626,Single-SINDy,27.50402351093734,0.40507356562533975,-2.0289249114811456,-68.068
val,626,Burton,7.280014356598557,0.9496213072493713,0.7877926033674008,-68.068
val,626,OBrienMcP,17.769789387603637,0.9113924483164052,-0.26433047700250123,-68.068
val,627,Switching-SINDy,20.70513463248604,0.15489608434349084,-0.7626150628566957,-69.77672745203903
val,627,Single-SINDy,18.049300702430493,0.7825131554725798,-0.3394364720240546,-69.77672745203903
val,627,Burton,10.491992932111536,0.8219210084953738,0.5473970937632202,-69.77672745203903
val,627,OBrienMcP,27.071199505606778,0.7263869937774069,-2.013119517018071,-69.77672745203903
val,628,Switching-SINDy,38.05156524351882,0.8290749625543223,-6.830519945397054,-50.24154471037906
val,628,Single-SINDy,24.21871107940904,0.87910895777485,-2.1721053356240625,-50.24154471037906
val,628,Burton,9.850614704450901,0.8753965370822487,0.4752261170357641,-50.24154471037906
val,628,OBrienMcP,16.307146356600096,0.5079028168134913,-0.43814106018207144,-50.24154471037906
val,629,Switching-SINDy,145.48007498499868,0.1387217070569062,-13.126805753679765,-146.6386653874059
val,629,Single-SINDy,63.97041085338208,0.8903815611758634,-1.731462365510124,-146.6386653874059
val,629,Burton,22.618397085576262,0.9529729497354706,0.6585236823261873,-146.6386653874059
val,629,OBrienMcP,31.10844186784838,0.8935718387651335,0.3540580960282109,-146.6386653874059
val,630,Switching-SINDy,24.55420029567529,0.7688115529250151,-0.2042125001234958,-75.53707848985773
val,630,Single-SINDy,30.204979772835753,0.8592454648632339,-0.8222528624807848,-75.53707848985773
val,630,Burton,25.885615764149946,0.748364456123499,-0.33834642576879514,-75.53707848985773
val,630,OBrienMcP,28.33739656769327,0.5693691118730656,-0.603878399679157,-75.53707848985773
val,631,Switching-SINDy,18.89679343377813,0.3388297972180796,-1.7578096947304482,-52.50200312989003
val,631,Single-SINDy,23.724064044939265,0.6846529998566611,-3.3467657671118785,-52.50200312989003
val,631,Burton,10.719130452097488,0.8186735762261167,0.11262502850250211,-52.50200312989003
val,631,OBrienMcP,15.485645735181663,0.7968110275691421,-0.8520243908253298,-52.50200312989003
val,632,Switching-SINDy,16.30845013901277,0.7228453632748597,0.4961948203941986,-75.35215420597811
val,632,Single-SINDy,24.802552069654524,0.8620139312851139,-0.1652791825037232,-75.35215420597811
val,632,Burton,16.12973489595888,0.8682600280903012,0.5071761617222931,-75.35215420597811
val,632,OBrienMcP,26.2791088070523,0.7174423110519694,-0.30815291710069803,-75.35215420597811
val,633,Switching-SINDy,47.49834826214501,0.6908930400641993,-1.1516515969376835,-150.40645053696167
val,633,Single-SINDy,20.95823904261811,0.7855320203211146,0.5810863476441439,-150.40645053696167
val,633,Burton,30.350073865355007,0.8529363785012231,0.12151481861259894,-150.40645053696167
val,633,OBrienMcP,42.62009836487531,0.739313113886183,-0.7323826704104586,-150.40645053696167
val,634,Switching-SINDy,25.335311597031282,0.36905460245895677,-3.963657345624437,-73.36707761629295
val,634,Single-SINDy,14.791510755466536,0.6850116310884626,-0.6918987152433997,-73.36707761629295
val,634,Burton,16.832082587539936,0.7084950387756976,-1.1909123329722013,-73.36707761629295
val,634,OBrienMcP,33.30771914517545,0.47372790307229284,-7.579047675447564,-73.36707761629295
val,635,Switching-SINDy,16.874014227216566,0.7787447465519834,0.3645268384320115,-104.52955527102728
val,635,Single-SINDy,17.308256013818237,0.8779976356250532,0.3313990146280732,-104.52955527102728
val,635,Burton,11.465181451898184,0.910791222181943,0.7066255716831734,-104.52955527102728
val,635,OBrienMcP,29.772229280766933,0.7250319896206937,-0.9782587772358242,-104.52955527102728
val,636,Switching-SINDy,108.0004181021804,0.6159634861252036,-45.949162965020484,-71.6374059046942
val,636,Single-SINDy,25.70414075387012,0.7910782852909988,-1.6593969216625162,-71.6374059046942
val,636,Burton,10.388407767835744,0.8157240409800269,0.565614863042551,-71.6374059046942
val,636,OBrienMcP,27.111029196895842,0.5862069501443317,-1.958482397942209,-71.6374059046942
val,637,Switching-SINDy,16.273191819265573,0.8297615390676902,0.49111995961675725,-85.33735121980347
val,637,Single-SINDy,25.618746054317953,0.9071430458060816,-0.26120495172288427,-85.33735121980347
val,637,Burton,12.756049429829536,0.8978808825536018,0.6873184064746289,-85.33735121980347
val,637,OBrienMcP,30.35688256684643,0.7287862977668028,-0.7708601736956509,-85.33735121980347
val,638,Switching-SINDy,32.61702960544512,0.5027075826086996,-3.1513388440999393,-59.00204826015434
val,638,Single-SINDy,31.263767348481178,0.8548605365967369,-2.8140114102797305,-59.00204826015434
val,638,Burton,8.025069064328036,0.8882787477911828,0.7486974329811447,-59.00204826015434
val,638,OBrienMcP,18.067162702564612,0.7412864121704752,-0.27373557510568913,-59.00204826015434
val,639,Switching-SINDy,79.78890569586605,0.4886189368043052,-26.931121560818212,-58.90390245425532
val,639,Single-SINDy,42.38709639825737,0.893143912199394,-6.882621843755135,-58.90390245425532
val,639,Burton,9.49710073810015,0.8705165304314609,0.6042823267890965,-58.90390245425532
val,639,OBrienMcP,17.34283735773701,0.6551726805253804,-0.3196041112996806,-58.90390245425532
val,640,Switching-SINDy,19.971723582279825,0.7186623231338587,0.13464427372292997,-85.9734790694801
val,640,Single-SINDy,35.577976885101705,0.9103136189962981,-1.7461615106563664,-85.9734790694801
val,640,Burton,10.45229329301909,0.8846746595480585,0.7629790394157472,-85.9734790694801
val,640,OBrienMcP,23.08970684454188,0.7005839161440126,-0.15664588382756284,-85.9734790694801
val,641,Switching-SINDy,10.727631311013493,0.815131702244686,0.6190752114860915,-57.36652361466314
val,641,Single-SINDy,24.189019690601622,0.9013009154416395,-0.9367255983494329,-57.36652361466314
val,641,Burton,9.784282011176899,0.8352378886051213,0.6831239028613327,-57.36652361466314
val,641,OBrienMcP,20.2612551973705,0.7126769934453314,-0.3588272575145868,-57.36652361466314
val,642,Switching-SINDy,64.94807873795888,0.21784692666975247,-24.99569518404389,-50.17095466085472
val,642,Single-SINDy,33.95955579395061,0.7129078761053396,-6.10710645441905,-50.17095466085472
val,642,Burton,12.36719920015008,0.9398959217012874,0.05743451840108338,-50.17095466085472
val,642,OBrienMcP,14.47075628202203,0.7903038842079688,-0.2904799971286418,-50.17095466085472
val,643,Switching-SINDy,37.126240211305706,0.7130218267392789,-0.07316641570267235,-182.81290970055144
val,643,Single-SINDy,34.391227484295406,0.8364344399541863,0.07912541685648078,-182.81290970055144
val,643,Burton,20.313153522101103,0.9097026538201475,0.6787376482387106,-182.81290970055144
val,643,OBrienMcP,31.16864292109344,0.8548708321635023,0.24361846235617501,-182.81290970055144
val,644,Switching-SINDy,26.571519604376995,0.6194654840677771,-1.4145757406278308,-75.9648888287734
val,644,Single-SINDy,14.166449953678267,0.9245019849059773,0.3136745362536273,-75.9648888287734
val,644,Burton,14.219920199339134,0.8295484894081614,0.30848378652689934,-75.9648888287734
val,644,OBrienMcP,27.961661968073894,0.655397386073915,-1.673831350847716,-75.9648888287734
val,645,Switching-SINDy,63.77825373442213,0.14959199726177277,-19.34507219369642,-52.394738091938635
val,645,Single-SINDy,29.07770802831096,0.7780423937551287,-3.228967331112277,-52.394738091938635
val,645,Burton,9.988767426633176,0.8411643406465636,0.5009572047069246,-52.394738091938635
val,645,OBrienMcP,18.343183860546635,0.6695040589540197,-0.6829198218369237,-52.394738091938635
val,646,Switching-SINDy,56.041828054640185,0.4420325149831699,-12.68597882187568,-58.29776924914218
val,646,Single-SINDy,21.268715398248307,0.8860838108478047,-0.9712140991979221,-58.29776924914218
val,646,Burton,9.614089672726118,0.8476999751858927,0.5972202628404215,-58.29776924914218
val,646,OBrienMcP,24.001405383040897,0.6371729639289768,-1.5102941930988596,-58.29776924914218
val,647,Switching-SINDy,24.799182674789662,0.583211937183665,-1.4400165553284419,-60.226636426084696
val,647,Single-SINDy,22.844793161059243,0.8843306968281102,-1.0705823045041507,-60.226636426084696
val,647,Burton,6.448530755098937,0.9324219617339984,0.8350168510338121,-60.226636426084696
val,647,OBrienMcP,22.444352244403213,0.7717793921287947,-0.998629022166633,-60.226636426084696
val,648,Switching-SINDy,69.2607620847126,-0.04853909781282555,-66.784501077207,-51.93896583847271
val,648,Single-SINDy,21.22604458039997,0.47506186458063265,-5.366401383718005,-51.93896583847271
val,648,Burton,6.957606182175424,0.8415154583038311,0.31596935620812605,-51.93896583847271
val,648,OBrienMcP,17.75703953792595,0.8180688232797912,-3.45550561712073,-51.93896583847271
test,649,Switching-SINDy,110.92863164221126,-0.27268073431907486,-38.46729074026274,-76.78932712347745
test,649,Single-SINDy,21.72555900945202,0.7958011690482392,-0.5138816440162077,-76.78932712347745
test,649,Burton,6.744610170739769,0.9523312341866714,0.8540971720686892,-76.78932712347745
test,649,OBrienMcP,17.526386116638434,0.7719109449704459,0.014776519146621037,-76.78932712347745
test,650,Switching-SINDy,39.97624178463137,0.5057318476244792,-2.9778087997269345,-61.67082638018218
test,650,Single-SINDy,20.192859556790232,0.9204375139129456,-0.014928919075227753,-61.67082638018218
test,650,Burton,12.070142801903387,0.8620081331329654,0.6373691112035582,-61.67082638018218
test,650,OBrienMcP,23.74709052773321,0.5866841931709218,-0.4036563463403591,-61.67082638018218
test,651,Switching-SINDy,131.05947328873728,0.4604005050411068,-87.55366324428147,-60.69981322697306
test,651,Single-SINDy,16.190456629569855,0.8752603861798136,-0.35141237129355285,-60.69981322697306
test,651,Burton,11.481802424539124,0.8203858687091127,0.3203429379402748,-60.69981322697306
test,651,OBrienMcP,25.358382062503026,0.6617466758415426,-2.315223229446006,-60.69981322697306
test,652,Switching-SINDy,28.69219002066218,0.646636067019403,-2.078318118502826,-60.15932505093812
test,652,Single-SINDy,18.617024378746372,0.9214734597750396,-0.29600487945730736,-60.15932505093812
test,652,Burton,7.348816182955792,0.8935319237322774,0.798060688774566,-60.15932505093812
test,652,OBrienMcP,20.2096401726384,0.5861266518515161,-0.5272258413940831,-60.15932505093812
test,653,Switching-SINDy,11.174801327266273,0.8728540921602821,0.4883972405074416,-53.25629062971338
test,653,Single-SINDy,27.330168601330396,0.8724880036982167,-2.060115922887505,-53.25629062971338
test,653,Burton,9.06615198249703,0.817997227553597,0.6632564800252765,-53.25629062971338
test,653,OBrienMcP,23.185674509122816,0.5374674457735164,-1.2023823929087682,-53.25629062971338
test,654,Switching-SINDy,28.585927581803467,0.6908558613729251,-2.304957588245646,-62.10708138589317
test,654,Single-SINDy,29.78100463831246,0.8476341738965314,-2.5870712307655253,-62.10708138589317
test,654,Burton,11.049133459782638,0.8972148904119769,0.5062379004950806,-62.10708138589317
test,654,OBrienMcP,17.806335438646162,0.7189628011249742,-0.28236132982446494,-62.10708138589317
test,655,Switching-SINDy,16.178961313352136,0.7528700711278299,0.19448090641239713,-67.26719046282867
test,655,Single-SINDy,23.67194148605937,0.8375567897960322,-0.7244171099855667,-67.26719046282867
test,655,Burton,8.801497668857133,0.8764648301072185,0.7616101707030154,-67.26719046282867
test,655,OBrienMcP,17.40263998468003,0.7549498192821961,0.06802376579375735,-67.26719046282867
test,656,Switching-SINDy,69.0406587762757,0.09008770284460661,-20.083303660675252,-51.88919781700873
test,656,Single-SINDy,38.073856116264835,0.7946954908035293,-5.411837972569941,-51.88919781700873
test,656,Burton,15.645769437245894,0.9541322660715801,-0.0827362133816516,-51.88919781700873
test,656,OBrienMcP,8.987985063471092,0.8460340696638856,0.6426831517947795,-51.88919781700873
test,657,Switching-SINDy,36.471147111933234,0.19360262006375317,-9.430537459947182,-65.28248224319621
test,657,Single-SINDy,12.407927651001891,0.6297985088455598,-0.20727538432781567,-65.28248224319621
test,657,Burton,9.93571305866686,0.7590246045411757,0.2258842171175478,-65.28248224319621
test,657,OBrienMcP,24.55328151481339,0.7539993848353453,-3.727449814659596,-65.28248224319621
test,658,Switching-SINDy,12.656919071595247,0.8028206561506535,0.6169000305872866,-62.6385185999186
test,658,Single-SINDy,38.94392655303911,0.8302799329057762,-2.6269000362181476,-62.6385185999186
test,658,Burton,15.49118839074921,0.9162940590191263,0.42611406393210416,-62.6385185999186
test,658,OBrienMcP,15.016094763387162,0.743889695731368,0.4607748852048841,-62.6385185999186
test,659,Switching-SINDy,17.53104956176845,0.4646357076750008,0.14058733541155655,-50.91617381027545
test,659,Single-SINDy,31.87102215143567,0.5361856669373042,-1.8403895002921784,-50.91617381027545
test,659,Burton,21.368644397121923,0.021332571622540878,-0.27684993290576676,-50.91617381027545
test,659,OBrienMcP,20.97025687355263,0.28871303865518305,-0.22968369613494688,-50.91617381027545
test,660,Switching-SINDy,18.326675984243867,0.7269917892098127,-0.3452457209658939,-55.88522176759096
test,660,Single-SINDy,25.82048695512812,0.8851819329182394,-1.6703185522818984,-55.88522176759096
test,660,Burton,11.603074572644278,0.9105814708294089,0.4607621319123726,-55.88522176759096
test,660,OBrienMcP,16.147177750732954,0.7462617865488227,-0.044305266735626736,-55.88522176759096
test,661,Switching-SINDy,7.210950560574272,0.8444134873717691,0.3998193176102469,-50.65128845895222
test,661,Single-SINDy,14.69841775075053,0.7222185354172724,-1.4936652312477565,-50.65128845895222
test,661,Burton,9.229061124961975,0.8537999509287504,0.01686757089633273,-50.65128845895222
test,661,OBrienMcP,14.895851846652537,0.7836287872325121,-1.561106659362229,-50.65128845895222
test,662,Switching-SINDy,13.442482830109318,0.8120541015171071,0.5348209269687576,-62.180295690121284
test,662,Single-SINDy,24.747974264115697,0.9392290353592629,-0.5766688938620133,-62.180295690121284
test,662,Burton,11.920841252514055,0.8728154032759987,0.6341736387701622,-62.180295690121284
test,662,OBrienMcP,16.766293069613862,0.6635426885883605,0.2763387891652035,-62.180295690121284
test,663,Switching-SINDy,122.0151854471971,-0.1261333854245165,-43.03516038576676,-76.62357181869316
test,663,Single-SINDy,41.51245968317789,0.7893789033495782,-4.09716564706218,-76.62357181869316
test,663,Burton,27.13728416574189,0.9407805572363632,-1.1782342300768769,-76.62357181869316
test,663,OBrienMcP,19.65941097919571,0.9492242370487167,-0.14317526019245475,-76.62357181869316
test,664,Switching-SINDy,18.662658850163155,0.6239560742610307,-0.0006362377201438729,-75.98108248103209
test,664,Single-SINDy,37.709770130806625,0.799701758704424,-3.085422366149402,-75.98108248103209
test,664,Burton,10.074703227371938,0.8423004976155724,0.7083958396392669,-75.98108248103209
test,664,OBrienMcP,16.651042322290046,0.6888076056288831,0.20345183519784227,-75.98108248103209
test,665,Switching-SINDy,63.550037399040534,0.8789630332711621,-14.957142679747971,-78.12243569791409
test,665,Single-SINDy,39.0952436383341,0.8670314126210449,-5.039087960714472,-78.12243569791409
test,665,Burton,12.92293113288322,0.7116546525604196,0.3401494740043648,-78.12243569791409
test,665,OBrienMcP,23.77287368508478,0.611493622373561,-1.232990487056711,-78.12243569791409
test,666,Switching-SINDy,61.08916850126449,0.36014040398400243,-10.711107794274467,-53.46588189235425
test,666,Single-SINDy,30.5911825853694,0.7822689401368388,-1.93671690313024,-53.46588189235425
test,666,Burton,7.594807146917074,0.9443323535847776,0.8189897986527155,-53.46588189235425
test,666,OBrienMcP,16.541234144823353,0.7404517325766639,0.14137136276072204,-53.46588189235425
test,667,Switching-SINDy,120.71310148631801,0.3490954711585836,-14.217039903733227,-106.4271182500208
test,667,Single-SINDy,30.889301256921257,0.9011261520813015,0.003591253265487815,-106.4271182500208
test,667,Burton,21.151413150042615,0.8729067916239001,0.5328028988347361,-106.4271182500208
test,667,OBrienMcP,28.221128233445853,0.7620259818026869,0.16829347837299413,-106.4271182500208
test,668,Switching-SINDy,15.775606118851508,0.8101091805751373,0.5714278227291112,-95.29776924914218
test,668,Single-SINDy,26.447936167067265,0.8934885704074609,-0.2045794246132202,-95.29776924914218
test,668,Burton,14.754884707301109,0.8385824743874275,0.6250930380197307,-95.29776924914218
test,668,OBrienMcP,26.122530187633117,0.6644941578180998,-0.17512034166408696,-95.29776924914218
test,669,Switching-SINDy,29.745980788698244,0.6657770764412918,-0.683705662448254,-67.2805323205705
test,669,Single-SINDy,45.39018297744995,0.8418254061906246,-2.9204277372711935,-67.2805323205705
test,669,Burton,36.32012814417512,0.9783814198087434,-1.5101769106094656,-67.2805323205705
test,669,OBrienMcP,23.54580099052428,0.9170738864814091,-0.05496129017307361,-67.2805323205705
test,670,Switching-SINDy,76.5129784953442,0.3738297577940962,-10.590896275762104,-55.45282914697111
test,670,Single-SINDy,41.64617878630832,0.7343934846563265,-2.4339749349957605,-55.45282914697111
test,670,Burton,24.697064249690918,0.8289022040064892,-0.20763993350337362,-55.45282914697111
test,670,OBrienMcP,17.544674025710233,0.7857254598383064,0.3905509427105661,-55.45282914697111
test,671,Switching-SINDy,41.9182562869607,0.4946973082252149,-8.628579469327349,-54.18325432512897
test,671,Single-SINDy,15.641379963076572,0.8416182046579884,-0.34062074118798935,-54.18325432512897
test,671,Burton,15.438846249615898,0.879022344872899,-0.3061272384155562,-54.18325432512897
test,671,OBrienMcP,12.845999865135935,0.8397201093126183,0.09574352292380894,-54.18325432512897
test,672,Switching-SINDy,116.38530277235326,-0.12579485007232852,-42.57168401824674,-86.6374059046942
test,672,Single-SINDy,32.159225008419526,0.8192149513664873,-2.3267427007465273,-86.6374059046942
test,672,Burton,15.205895759883086,0.6045205043735298,0.2562412604563876,-86.6374059046942
test,672,OBrienMcP,23.552834946336613,0.561728912095967,-0.7844091490338208,-86.6374059046942
test,673,Switching-SINDy,118.30507943963742,-0.23932161356386245,-45.89229161284688,-79.74031210998908
test,673,Single-SINDy,38.24589770683046,0.62566945671827,-3.9007708058554416,-79.74031210998908
test,673,Burton,16.52632430657881,0.8328165893116002,0.08494496298668319,-79.74031210998908
test,673,OBrienMcP,13.419449230116697,0.8184906370448921,0.3966573071726517,-79.74031210998908
test,674,Switching-SINDy,71.58605485862006,0.48855114295927876,-9.102659906596545,-65.7557364034064
test,674,Single-SINDy,28.077128296847704,0.7971747483377358,-0.5541189228554746,-65.7557364034064
test,674,Burton,13.785370264583758,0.7917823385598729,0.6253586184677222,-65.7557364034064
test,674,OBrienMcP,24.92664527786673,0.4949210365059408,-0.22491666238986796,-65.7557364034064
test,675,Switching-SINDy,183.9459466289262,-0.07370952130990273,-60.1733466902771,-78.68169729949162
test,675,Single-SINDy,68.59754515187817,0.7945196033030735,-7.5074409723939635,-78.68169729949162
test,675,Burton,23.11673522319582,0.9130786995845345,0.0338717230122777,-78.68169729949162
test,675,OBrienMcP,23.89866071976391,0.768836972903936,-0.032592398451178006,-78.68169729949162
test,676,Switching-SINDy,81.78956268980602,0.1843140593297201,-15.19026184132986,-56.43288652559576
test,676,Single-SINDy,43.63923219540754,0.8403146307496083,-3.609059366055491,-56.43288652559576
test,676,Burton,32.23781354911045,0.9497917894738854,-1.5152969178639935,-56.43288652559576
test,676,OBrienMcP,19.141081913907094,0.9283998339322646,0.11327068989926348,-56.43288652559576
test,677,Switching-SINDy,157.8343162613713,0.3391699336762725,-91.61671822285408,-60.4271182500208
test,677,Single-SINDy,32.41470744440424,0.8610588503147926,-2.9063462379676457,-60.4271182500208
test,677,Burton,20.40873591592186,0.622806992462302,-0.5485268277809927,-60.4271182500208
test,677,OBrienMcP,21.650020740549017,0.20767990808696796,-0.7426218499781034,-60.4271182500208
test,678,Switching-SINDy,77.6019962581956,0.6145945495743187,-12.195297945837197,-53.226636426084696
test,678,Single-SINDy,27.574648939732835,0.9410112195775925,-0.666070590576413,-53.226636426084696
test,678,Burton,13.596801448360173,0.7765113798149607,0.5949142876525071,-53.226636426084696
test,678,OBrienMcP,24.929568453401902,0.4343428735787627,-0.361767407445456,-53.226636426084696
test,679,Switching-SINDy,245.20482352910173,-0.05377070996759131,-235.7891175832433,-77.21094744632032
test,679,Single-SINDy,24.37706753972292,0.7866279235595246,-1.3402736460593,-77.21094744632032
test,679,Burton,14.195424570160652,0.7821385620385439,0.20640212995721363,-77.21094744632032
test,679,OBrienMcP,24.55691807253919,0.6648712182753482,-1.3749334450394266,-77.21094744632032
test,680,Switching-SINDy,76.75122448961663,0.00754183915013345,-25.459787919600863,-63.51165744415982
test,680,Single-SINDy,33.69743703680069,0.6489328643942803,-4.100461503964404,-63.51165744415982
test,680,Burton,9.405246525522605,0.8937354387078914,0.6026656608098668,-63.51165744415982
test,680,OBrienMcP,12.053878617958771,0.830303632500341,0.3473665028465589,-63.51165744415982
test,681,Switching-SINDy,96.0021193594128,0.23665142656704194,-14.746589699753976,-81.13615641966823
test,681,Single-SINDy,43.03900907184452,0.9017527214809372,-2.164822789618486,-81.13615641966823
test,681,Burton,10.768936925046631,0.9205078171510798,0.8018607400549569,-81.13615641966823
test,681,OBrienMcP,16.52157971678958,0.8099819042920954,0.5336327872100224,-81.13615641966823
test,682,Switching-SINDy,105.47523669715419,0.011168462991430142,-32.27044413508702,-97.39538837600378
test,682,Single-SINDy,19.988783594564236,0.8534490064322685,-0.19489656727521742,-97.39538837600378
test,682,Burton,10.826681775608156,0.878416634685702,0.6494513290141445,-97.39538837600378
test,682,OBrienMcP,20.376103399199195,0.7700399258430436,-0.24165188646408176,-97.39538837600378
test,683,Switching-SINDy,112.25660594307097,0.07431051723398159,-55.80969810360467,-70.80606274582748
test,683,Single-SINDy,46.48058022185728,0.7889340735633656,-8.739614068727574,-70.80606274582748
test,683,Burton,11.378439076524247,0.8398589530769054,0.41633447233908216,-70.80606274582748
test,683,OBrienMcP,15.267097687130036,0.7211930560940496,-0.050779607246143055,-70.80606274582748
test,684,Switching-SINDy,162.0641539093179,-0.04826195087070835,-104.25346565861219,-64.18703332398007
test,684,Single-SINDy,16.140425782949652,0.8943107730621531,-0.043980643767878025,-64.18703332398007
test,684,Burton,27.535795868768844,0.8919451473901998,-2.0384894941983456,-64.18703332398007
test,684,OBrienMcP,20.781230734885845,0.7734975617401173,-0.730633080865398,-64.18703332398007
test,685,Switching-SINDy,90.98774936102039,-0.28959857507389686,-27.556151024679576,-61.10566450060509
test,685,Single-SINDy,40.19589585251024,0.3450068733098045,-4.573105308661097,-61.10566450060509
test,685,Burton,12.49947638406457,0.9535062171204709,0.4610884821803266,-61.10566450060509
test,685,OBrienMcP,9.803964626201823,0.8462771313712945,0.6684589595075496,-61.10566450060509
test,686,Switching-SINDy,8.615338400474732,0.6845949742386958,0.387321330090894,-54.11692675832424
test,686,Single-SINDy,49.688561772596145,0.19932560439734023,-19.37984760484214,-54.11692675832424
test,686,Burton,31.724514117053022,0.7822756474893596,-7.307647064794237,-54.11692675832424
test,686,OBrienMcP,18.02836291013916,0.8457044097099452,-1.6828763869089833,-54.11692675832424
test,687,Switching-SINDy,186.88091266225427,-0.09365745872777885,-70.78096206921028,-74.18844494244867
test,687,Single-SINDy,48.706949262516865,0.9079058608487937,-3.8759724062781427,-74.18844494244867
test,687,Burton,14.905142799791394,0.9071170876203564,0.5433834331463272,-74.18844494244867
test,687,OBrienMcP,17.674009068482352,0.8484798858517862,0.35797856344407564,-74.18844494244867
test,688,Switching-SINDy,91.02980273679614,0.5303431043563986,-4.511514498076256,-141.28906986532405
test,688,Single-SINDy,45.12616010771104,0.9438189870841326,-0.3544423070413496,-141.28906986532405
test,688,Burton,18.837681840410244,0.9276142844105175,0.7639746414026107,-141.28906986532405
test,688,OBrienMcP,33.77799966674471,0.7861085000332007,0.2411226249308449,-141.28906986532405
test,689,Switching-SINDy,152.59215558200293,0.27310107225166724,-9.723635924861519,-166.31895820232742
test,689,Single-SINDy,51.48735791833848,0.9043183530252674,-0.2208965254707982,-166.31895820232742
test,689,Burton,15.38586564376308,0.973988664509442,0.8909761495663963,-166.31895820232742
test,689,OBrienMcP,30.878591604643958,0.880010553049464,0.5608705012801879,-166.31895820232742
test,690,Switching-SINDy,215.25921466468694,0.1094061421690504,-18.48708412778995,-211.98084986361383
test,690,Single-SINDy,39.218978079800074,0.8685263300540078,0.3531316486464585,-211.98084986361383
test,690,Burton,40.99823736085632,0.8710925101500719,0.2931069236086128,-211.98084986361383
test,690,OBrienMcP,66.759510287907,0.7382266828360154,-0.8743454729165019,-211.98084986361383
test,691,Switching-SINDy,64.93906802410717,0.1327889715129802,-7.110882464937392,-74.76397527178077
test,691,Single-SINDy,34.324732215540465,0.635526581897364,-1.2660543426235735,-74.76397527178077
test,691,Burton,13.561941958416517,0.8071734636067625,0.6462472963563097,-74.76397527178077
test,691,OBrienMcP,22.6847401038551,0.5664564801623053,0.01025430608617739,-74.76397527178077
test,692,Switching-SINDy,19.437631801151113,0.8022411321336899,0.49299291712645843,-59.754063440286544
test,692,Single-SINDy,32.5931946565053,0.9700760872820504,-0.42554583250775946,-59.754063440286544
test,692,Burton,17.77617396444742,0.8704983587928931,0.5759628493086661,-59.754063440286544
test,692,OBrienMcP,22.76795206495259,0.5771355557636219,0.304374873247069,-59.754063440286544
test,693,Switching-SINDy,9.214985001829149,0.9237690193770266,0.7626643100158595,-73.92606250951928
test,693,Single-SINDy,19.292455031509228,0.8843470461969253,-0.04027647927520528,-73.92606250951928
test,693,Burton,12.681774103594474,0.7690921427270123,0.5504957401022166,-73.92606250951928
test,693,OBrienMcP,24.343639724383678,0.5720664116173039,-0.6563221508735784,-73.92606250951928
test,694,Switching-SINDy,117.34956287830718,-0.06784285329179084,-223.65690846677998,-57.01033514476285
test,694,Single-SINDy,12.359223826154688,0.7756408911237643,-1.4919494059190348,-57.01033514476285
test,694,Burton,11.274332061187,0.7518294605375381,-1.0736643887316735,-57.01033514476285
test,694,OBrienMcP,20.380114543230146,0.6891329130240678,-5.775948037988711,-57.01033514476285
test,695,Switching-SINDy,126.08619031672656,0.18928539912809408,-21.841096302952785,-93.38366419290281
test,695,Single-SINDy,23.127299876751646,0.9217896865665696,0.2315214273241758,-93.38366419290281
test,695,Burton,16.767970940976408,0.8336802145938105,0.5960357573793775,-93.38366419290281
test,695,OBrienMcP,24.369915658211177,0.6547503695096198,0.14672317244417732,-93.38366419290281
test,696,Switching-SINDy,76.15623425106953,0.353282851715728,-18.06397469385013,-63.582216313989406
test,696,Single-SINDy,42.175820952392584,0.5472596781990446,-4.846953237984728,-63.582216313989406
test,696,Burton,14.563902857875416,0.9353678610134962,0.3027988773724294,-63.582216313989406
test,696,OBrienMcP,15.290502162203557,0.8065368806536377,0.23149618502978753,-63.582216313989406
test,697,Switching-SINDy,110.13438312189105,0.28057496084522604,-16.022174147264067,-84.88919781700872
test,697,Single-SINDy,50.778095431535995,0.9121567245566655,-2.6184451771562722,-84.88919781700872
test,697,Burton,11.549869126388726,0.9521985031142657,0.8127924720602868,-84.88919781700872
test,697,OBrienMcP,17.852636116329478,0.8051239105350886,0.552725758255728,-84.88919781700872
test,698,Switching-SINDy,180.3435243496346,-0.08525928821652409,-53.40501836290111,-85.17662793511532
test,698,Single-SINDy,34.36803757214626,0.6297265497805336,-0.9758197623586704,-85.17662793511532
test,698,Burton,10.016558787666156,0.9288332422064175,0.832167932519098,-85.17662793511532
test,698,OBrienMcP,22.66909968607372,0.8324994165243742,0.1403802191355673,-85.17662793511532
test,699,Switching-SINDy,66.56533005454868,0.15243157075379835,-15.04832712199033,-71.77488148769346
test,699,Single-SINDy,49.32294333453204,0.5680247181836284,-7.811128987458865,-71.77488148769346
test,699,Burton,15.076371580113474,0.7294789814048313,0.17675850193287435,-71.77488148769346
test,699,OBrienMcP,20.226601719131516,0.6502249216805412,-0.48176534869612797,-71.77488148769346
test,700,Switching-SINDy,17.61509244166529,0.7938360591567191,0.3699505042404049,-88.90728533293799
test,700,Single-SINDy,40.29250050631672,0.7488043976443729,-2.2965013286783313,-88.90728533293799
test,700,Burton,11.015657761940979,0.931880203503118,0.753608521066083,-88.90728533293799
test,700,OBrienMcP,16.319540357365963,0.9473839167975895,0.45921995166661966,-88.90728533293799
test,701,Switching-SINDy,113.50706040211458,-0.08899248863464057,-62.24960447543165,-63.64649896733005
test,701,Single-SINDy,20.142839779757313,0.8067201848393026,-0.9918354504187328,-63.64649896733005
test,701,Burton,8.726160203793318,0.822842340320817,0.6261835361247112,-63.64649896733005
test,701,OBrienMcP,24.2132348489625,0.6978236604273329,-1.8781782686554758,-63.64649896733005
test,702,Switching-SINDy,389.0414314549726,-0.022519738501347135,-87.0223174523176,-170.10638760216958
test,702,Single-SINDy,45.87899831977256,0.9600899757379785,-0.22413395379079315,-170.10638760216958
test,702,Burton,23.412903526810762,0.8930769510291371,0.6812048976810715,-170.10638760216958
test,702,OBrienMcP,40.201690075407015,0.7722046996689036,0.06008255168158505,-170.10638760216958
test,703,Switching-SINDy,39.190989744919435,0.15447666097315013,-2.100111855508904,-95.71377515703739
test,703,Single-SINDy,30.4088075546155,0.9520769548804533,-0.86639551124105,-95.71377515703739
test,703,Burton,11.348079204215152,0.8667508578793405,0.7400740633548415,-95.71377515703739
test,703,OBrienMcP,23.995459636966103,0.7148343019647025,-0.16215230435895034,-95.71377515703739
test,704,Switching-SINDy,170.73400981545575,0.09362402738752748,-25.775502514815393,-132.64682316381598
test,704,Single-SINDy,42.04781005505786,0.9407561394236192,-0.6239935996697794,-132.64682316381598
test,704,Burton,20.44958377708488,0.8722143160175757,0.6158803752897178,-132.64682316381598
test,704,OBrienMcP,37.60947369080211,0.715124892422782,-0.29924801441672,-132.64682316381598
test,705,Switching-SINDy,162.16377762103184,0.1007875454783762,-87.83327173290547,-85.84252433537628
test,705,Single-SINDy,45.70996268082077,0.750026740132157,-6.058130525085372,-85.84252433537628
test,705,Burton,14.080292887601843,0.7694576371106996,0.3302829901274802,-85.84252433537628
test,705,OBrienMcP,21.105916016871394,0.7381127358620614,-0.504791617878152,-85.84252433537628
test,706,Switching-SINDy,92.57988306240773,0.26385890231277215,-7.910314848184781,-122.32966403688152
test,706,Single-SINDy,25.779125354829077,0.9238140433588603,0.3091302917409736,-122.32966403688152
test,706,Burton,18.763683374544065,0.8524797231041407,0.633987442181448,-122.32966403688152
test,706,OBrienMcP,29.01845763214942,0.752724865709058,0.12459616419006403,-122.32966403688152
test,707,Switching-SINDy,102.60291606375803,0.4674223192181679,-11.309713090272396,-129.72054762972098
test,707,Single-SINDy,36.881651902095825,0.8036293092048378,-0.5905570531687632,-129.72054762972098
test,707,Burton,29.139303121897886,0.5900765321620935,0.0071426728193008104,-129.72054762972098
test,707,OBrienMcP,39.82422184222356,0.47518437744526526,-0.8544841241939334,-129.72054762972098
test,708,Switching-SINDy,210.19696929287957,0.4464541184607565,-67.48150815029597,-119.18844494244868
test,708,Single-SINDy,38.63529237208059,0.7511428548767577,-1.3136029136813963,-119.18844494244868
test,708,Burton,11.105424183828903,0.9272685352353435,0.8088427740627308,-119.18844494244868
test,708,OBrienMcP,23.186719757572202,0.7573089586179095,0.16670448880104327,-119.18844494244868
test,709,Switching-SINDy,128.7153539895905,0.5451296917732402,-32.193923653321285,-96.19442950441612
test,709,Single-SINDy,47.267123590619086,0.7930306096686501,-3.476269528956877,-96.19442950441612
test,709,Burton,15.232513911992177,0.9064330344975259,0.5351198026178938,-96.19442950441612
test,709,OBrienMcP,14.644938626591227,0.7806422967151803,0.5702924424850776,-96.19442950441612
test,710,Switching-SINDy,577.6438867274778,0.026774248241849017,-30.696953090963557,-445.695390086279
test,710,Single-SINDy,90.4893346589908,0.8716710667233958,0.2221570065692533,-445.695390086279
test,710,Burton,50.678747278172764,0.9212108375317728,0.7560229947037692,-445.695390086279
test,710,OBrienMcP,90.31800810465765,0.8350417836127494,0.22509965174692625,-445.695390086279
test,711,Switching-SINDy,188.102874190087,0.1670934715858909,-31.63255491635229,-122.43676939416008
test,711,Single-SINDy,78.85638042203041,0.8367139041890319,-4.7350062005899405,-122.43676939416008
test,711,Burton,20.081668046448005,0.8116001386571727,0.6280712229682166,-122.43676939416008
test,711,OBrienMcP,34.23700352086542,0.6102019894443068,-0.08106475684586911,-122.43676939416008
test,712,Switching-SINDy,93.15234758235493,0.46594401944377145,-7.1661714810678205,-111.7702644495176
test,712,Single-SINDy,50.25834741463639,0.9060636233434874,-1.3770991409966005,-111.7702644495176
test,712,Burton,20.430167403618544,0.8373218402621917,0.6071970530535609,-111.7702644495176
test,712,OBrienMcP,24.988041506945844,0.7244271918716672,0.41238168401056974,-111.7702644495176
test,713,Switching-SINDy,201.96635744516357,0.47862388863617705,-9.746606974224234,-188.0
test,713,Single-SINDy,78.96708034908393,0.9335161491625515,-0.6428785626233928,-188.0
test,713,Burton,26.271423251899645,0.921840959343939,0.8181637346699204,-188.0
test,713,OBrienMcP,51.08855456386686,0.8090741837827956,0.31236095047867185,-188.0
test,714,Switching-SINDy,119.05715866546494,0.016760644471292354,-18.315595118534088,-73.49761213518245
test,714,Single-SINDy,67.98104968542447,0.8755051115977391,-5.297567022547244,-73.49761213518245
test,714,Burton,23.99713954539515,0.962291015796031,0.21527765413240452,-73.49761213518245
test,714,OBrienMcP,16.573040170764678,0.8445502590239226,0.625715853696819,-73.49761213518245
test,715,Switching-SINDy,133.9543678254189,0.1797203888126004,-12.974238501741807,-126.792428651032
test,715,Single-SINDy,38.08446356192841,0.870640140111378,-0.12956201215512286,-126.792428651032
test,715,Burton,17.186514795251185,0.9030350317499346,0.769967062455218,-126.792428651032
test,715,OBrienMcP,30.438967954737258,0.8328540075091359,0.27843702620632627,-126.792428651032
test,716,Switching-SINDy,73.10201205899195,0.2079139996088781,-31.346965243842256,-54.01743832936121
test,716,Single-SINDy,29.476657307451315,0.6629570936616497,-4.259341185658739,-54.01743832936121
test,716,Burton,14.963066447408554,0.7967636696936529,-0.3552396201849899,-54.01743832936121
test,716,OBrienMcP,15.900956820873546,0.8223597520871025,-0.5304579339768103,-54.01743832936121
test,717,Switching-SINDy,190.77761978001996,0.18651426607908783,-5.514602763290602,-343.68298392749483
test,717,Single-SINDy,68.94100161600743,0.8845955194498025,0.14927682329998115,-343.68298392749483
test,717,Burton,61.38910750775114,0.8922467079638227,0.3254475466999416,-343.68298392749483
test,717,OBrienMcP,153.65883078664163,0.7794614469679073,-3.2261814123632453,-343.68298392749483
test,718,Switching-SINDy,133.250127367595,0.5214497207963865,-25.49551253053228,-104.61046816498363
test,718,Single-SINDy,63.99751368483591,0.9271660082247664,-5.111717377750434,-104.61046816498363
test,718,Burton,12.232903234673133,0.933216227416449,0.7766961864031259,-104.61046816498363
test,718,OBrienMcP,25.356947341383453,0.7568318228146178,0.04053089097317164,-104.61046816498363
test,719,Switching-SINDy,320.2117735560012,0.23625312248439426,-37.107785829894944,-217.6030343009945
test,719,Single-SINDy,66.70053270428025,0.9248296910822583,-0.6534753641763498,-217.6030343009945
test,719,Burton,26.470085157153985,0.9094464680578738,0.7395947110753953,-217.6030343009945
test,719,OBrienMcP,51.715778710530735,0.7476436801017011,0.0060025720423070306,-217.6030343009945
test,720,Switching-SINDy,67.7775148433219,-0.04768680558934886,-14.690116996533808,-67.61653486500948
test,720,Single-SINDy,34.06428331947105,0.8569779280031092,-2.9632677458112338,-67.61653486500948
test,720,Burton,20.364983197018596,0.8577408474838621,-0.4165209845815494,-67.61653486500948
test,720,OBrienMcP,18.91767354062252,0.6212088770946195,-0.2223352992337142,-67.61653486500948
test,721,Switching-SINDy,78.26800450379989,0.535588676096605,-15.63745306685777,-61.88995637898617
test,721,Single-SINDy,54.951491683207095,0.596660380972873,-7.201197918468472,-61.88995637898617
test,721,Burton,15.848436132765887,0.8040253520794749,0.31783230524091566,-61.88995637898617
test,721,OBrienMcP,17.405344115127342,0.6870064553025949,0.17722033663851744,-61.88995637898617
test,722,Switching-SINDy,215.745630058775,-0.42158302526930613,-158.0835970391208,-67.39538837600378
test,722,Single-SINDy,37.53764997280017,0.7630538903688834,-3.815878785393793,-67.39538837600378
test,722,Burton,21.82712720194549,0.519337173656177,-0.628300459411415,-67.39538837600378
test,722,OBrienMcP,29.165328698735383,0.44734237731883836,-1.9072015223165764,-67.39538837600378
test,723,Switching-SINDy,156.71052222061564,0.09497320493468717,-102.14139679216987,-70.72888894993895
test,723,Single-SINDy,27.77599546428363,0.7524645330827072,-2.2402308903345896,-70.72888894993895
test,723,Burton,7.871813650933213,0.8976474188173824,0.7397526584417049,-70.72888894993895
test,723,OBrienMcP,27.094116399768417,0.8190546257189466,-2.083093370181537,-70.72888894993895
test,724,Switching-SINDy,184.972821818299,0.23459932304243636,-67.94347252655689,-134.7854826439984
test,724,Single-SINDy,44.935997496159814,0.6888123240256455,-3.06879757106878,-134.7854826439984
test,724,Burton,16.481528248102236,0.8551001012988755,0.45264099355614706,-134.7854826439984
test,724,OBrienMcP,29.699630878177082,0.8288018400410994,-0.7773764178847311,-134.7854826439984
test,725,Switching-SINDy,13.86918773391806,0.8237986860031626,0.30355059658612105,-61.52073951773353
test,725,Single-SINDy,34.45228594366053,0.7489782565943467,-3.29757637143718,-61.52073951773353
test,725,Burton,9.999264820327914,0.8966971123590375,0.6379874239995963,-61.52073951773353
test,725,OBrienMcP,21.496826067281194,0.6974936541800721,-0.6731551023805253,-61.52073951773353
test,726,Switching-SINDy,129.87879857371883,0.13437890171591738,-93.91248911914305,-66.12659078224378
test,726,Single-SINDy,28.510738460425095,0.6548438888622778,-3.573658880409365,-66.12659078224378
test,726,Burton,11.84801760678032,0.8863459773086703,0.2101616446100636,-66.12659078224378
test,726,OBrienMcP,12.884173383637009,0.8196411832255713,0.06597186362017815,-66.12659078224378
test,727,Switching-SINDy,12.237435379268426,0.8228570633551645,0.3243329556064244,-73.08427404959382
test,727,Single-SINDy,62.68301951488099,0.574506443881223,-16.72767296301803,-73.08427404959382
test,727,Burton,15.480961815610955,0.8148737784221998,-0.08130395792850931,-73.08427404959382
test,727,OBrienMcP,14.64406957082354,0.8078102563208458,0.032445402970507464,-73.08427404959382
test,728,Switching-SINDy,426.3379965904748,0.6548248017529508,-217.868271219963,-132.94370929531857
test,728,Single-SINDy,32.988228372812856,0.8922886291815415,-0.31036629084165646,-132.94370929531857
test,728,Burton,27.16637402753261,0.7949669892583179,0.11133499360942778,-132.94370929531857
test,728,OBrienMcP,40.22672053089535,0.7093865965915481,-0.9485160347321602,-132.94370929531857
test,729,Switching-SINDy,184.21299234936623,0.5780276679976242,-30.514631829268428,-108.16451419664176
test,729,Single-SINDy,70.81246056081163,0.8720051054876548,-3.6568376116094417,-108.16451419664176
test,729,Burton,21.941576223600055,0.9558008432563925,0.5528972211860876,-108.16451419664176
test,729,OBrienMcP,23.306266511006378,0.899640611444736,0.49555114567056335,-108.16451419664176
test,730,Switching-SINDy,113.02352076406841,-0.15902554307253525,-104.04584211163765,-57.67925530105836
test,730,Single-SINDy,36.5547968191724,0.454386270620466,-9.988285937696165,-57.67925530105836
test,730,Burton,8.930833395138455,0.8955805277064077,0.3441188056941883,-57.67925530105836
test,730,OBrienMcP,13.105090466948331,0.8045998657154328,-0.4122814347222583,-57.67925530105836
test,731,Switching-SINDy,73.2165103245562,0.6363093565234411,-9.94150460332946,-86.57468886295004
test,731,Single-SINDy,49.39999755538934,0.8882526003769456,-3.980957673264972,-86.57468886295004
test,731,Burton,19.397987974590123,0.8519938272214642,0.23198028601846865,-86.57468886295004
test,731,OBrienMcP,23.253853589153096,0.7362654045531857,-0.10369446312934394,-86.57468886295004
test,732,Switching-SINDy,119.32114318608848,0.5742257506894753,-26.121544596684327,-79.4905762877459
test,732,Single-SINDy,37.68093118907864,0.8808949913363732,-1.7047234208544495,-79.4905762877459
test,732,Burton,13.89636191658331,0.8405046796537357,0.6321406146138,-79.4905762877459
test,732,OBrienMcP,16.395273358575583,0.8226260271028337,0.4879446213606835,-79.4905762877459
test,733,Switching-SINDy,8.386003284261717,0.7955828495014318,0.17602024518207982,-50.36369746165393
test,733,Single-SINDy,15.59769471624544,0.8734640896938657,-1.8505411627798414,-50.36369746165393
test,733,Burton,7.0392831488769465,0.7703098500347528,0.4194182845853808,-50.36369746165393
test,733,OBrienMcP,16.575936232901913,0.631284777835124,-2.21930867304387,-50.36369746165393
test,734,Switching-SINDy,163.7972722733383,0.04306365876498116,-44.60946881236388,-86.40563745635015
test,734,Single-SINDy,35.27100666415323,0.7933803436201176,-1.114839405402646,-86.40563745635015
test,734,Burton,15.894643840012753,0.8257834862140184,0.5705196624620298,-86.40563745635015
test,734,OBrienMcP,25.693623117653587,0.6679362865273122,-0.1222571549083058,-86.40563745635015
test,735,Switching-SINDy,161.87659699080942,0.6683139537734877,-30.38868776301355,-110.00204826015434
test,735,Single-SINDy,32.244239306400864,0.8576974635137743,-0.2454012559976182,-110.00204826015434
test,735,Burton,13.266481192314188,0.8920268382584106,0.7891777134432774,-110.00204826015434
test,735,OBrienMcP,35.440772981080094,0.654936269503329,-0.5045665388505667,-110.00204826015434
test,736,Switching-SINDy,83.90906819349375,0.1907813159412894,-16.43753573213661,-65.18069466938046
test,736,Single-SINDy,48.281615987701045,0.9148279487696533,-4.773390177593816,-65.18069466938046
test,736,Burton,10.4917721524519,0.8973290252525495,0.7273754165345865,-65.18069466938046
test,736,OBrienMcP,21.33016194467513,0.7369167840100425,-0.12682278337542763,-65.18069466938046
test,737,Switching-SINDy,96.09362332181182,-0.3223757522103959,-24.747721973008797,-70.46529405545976
test,737,Single-SINDy,24.668270239181165,0.9060085449456599,-0.6967859807121144,-70.46529405545976
test,737,Burton,9.258672888518635,0.8910468638839479,0.7609728938365914,-70.46529405545976
test,737,OBrienMcP,22.718630025214942,0.72386658788687,-0.4391761409193573,-70.46529405545976
test,738,Switching-SINDy,53.5372275379589,0.35032827841214315,-2.6880925143286047,-124.84252433537628
test,738,Single-SINDy,60.66259071672119,0.6244952757870205,-3.7351305779682535,-124.84252433537628
test,738,Burton,16.135598630678768,0.9026549278976991,0.6649881131004143,-124.84252433537628
test,738,OBrienMcP,24.99759437526858,0.7987441337289379,0.1959436509586291,-124.84252433537628
test,739,Switching-SINDy,369.0732146791615,-0.14699313467776215,-29.7128818860663,-226.78370205330424
test,739,Single-SINDy,43.14205327094987,0.9151255419384009,0.5803404256157723,-226.78370205330424
test,739,Burton,25.255576573533748,0.9336346712354584,0.8561830448498817,-226.78370205330424
test,739,OBrienMcP,48.31796273728331,0.8215567486662138,0.4736038024873547,-226.78370205330424
test,740,Switching-SINDy,138.2860227696099,0.2210010015575893,-36.804396196124344,-70.56166449982139
test,740,Single-SINDy,61.0724772409915,0.9211891479985922,-6.373553003862812,-70.56166449982139
test,740,Burton,17.696827874462908,0.8432123434711382,0.38087749988965114,-70.56166449982139
test,740,OBrienMcP,19.144395811833594,0.6196839314235031,0.2754488279324573,-70.56166449982139
test,741,Switching-SINDy,98.63121980096157,0.43361911282528187,-16.1787443021929,-75.98374756637146
test,741,Single-SINDy,54.216577031015724,0.8245987995908253,-4.190710369103142,-75.98374756637146
test,741,Burton,26.383663697735628,0.8671371987034744,-0.22922904123359245,-75.98374756637146
test,741,OBrienMcP,15.565973868596972,0.7770310678873354,0.5721266857176106,-75.98374756637146
