fold_year,variant,model_step_hours,regime,depth_bin,n_rows,n_experts,expert_set,w_served_v2_1,w_frozen_v2_1,w_t1r_analog,w_persistence,w_burton,w_burton_full,w_obrien,w_direct_gbm,w_climatology,w_static_v2_2,weight_sum,sindy_family_mass,objective_mse,support,kkt_stationarity,kkt_dual_min,floor_active
2026,L1e,1,pooled,pooled,112623,10,served_v2_1|frozen_v2_1|t1r_analog|persistence|burton|burton_full|obrien|direct_gbm|climatology|static_v2_2,0.0,0.0,0.40654365756991045,0.0,0.0,0.0,0.0,0.4,0.0,0.19345634243008955,1.0,0.6,14.018096507384511,t1r_analog|direct_gbm|static_v2_2,2.7509328086729233e-17,0.012639287245863436,true
2026,L1e,1,quiet,pooled,94911,10,served_v2_1|frozen_v2_1|t1r_analog|persistence|burton|burton_full|obrien|direct_gbm|climatology|static_v2_2,0.0,0.0,0.3697701042966207,0.0,0.0,0.0,0.0,0.4,0.0,0.23022989570337923,1.0,0.6,10.110646749070565,t1r_analog|direct_gbm|static_v2_2,1.1388814704149028e-17,0.06564418396949194,true
2026,L1e,1,quiet,shallow,94911,10,served_v2_1|frozen_v2_1|t1r_analog|persistence|burton|burton_full|obrien|direct_gbm|climatology|static_v2_2,0.0,0.0,0.3697701042966207,0.0,0.0,0.0,0.0,0.4,0.0,0.23022989570337923,1.0,0.6,10.110646749070565,t1r_analog|direct_gbm|static_v2_2,1.1388814704149028e-17,0.06564418396949194,true
2026,L1e,1,active_deepening,pooled,11168,10,served_v2_1|frozen_v2_1|t1r_analog|persistence|burton|burton_full|obrien|direct_gbm|climatology|static_v2_2,0.089708888925231,0.0,0.510291111074769,0.0,0.022285066957714247,0.0,0.0,0.37771493304228576,0.0,0.0,1.0,0.6,38.371475208586155,served_v2_1|t1r_analog|burton|direct_gbm,9.026384661144226e-17,0.0027896314528640465,true
2026,L1e,1,active_deepening,shallow,5277,10,served_v2_1|frozen_v2_1|t1r_analog|persistence|burton|burton_full|obrien|direct_gbm|climatology|static_v2_2,0.025519211653375493,0.0,0.5744807883466245,0.0,0.05683359331263055,0.0,0.0,0.3431664066873695,0.0,0.0,1.0,0.6,26.869451533300584,served_v2_1|t1r_analog|burton|direct_gbm,5.042593533504265e-17,0.0770766548384169,true
2026,L1e,1,active_deepening,moderate,5266,10,served_v2_1|frozen_v2_1|t1r_analog|persistence|burton|burton_full|obrien|direct_gbm|climatology|static_v2_2,0.07824910310969632,0.0,0.5217508968903036,0.0,0.05340646053841413,0.0,0.0,0.3465935394615859,0.0,0.0,1.0,0.6,33.47298376127776,served_v2_1|t1r_analog|burton|direct_gbm,2.761884459995501e-17,0.04379776765578539,true
2026,L1e,1,active_deepening,deep,625,10,served_v2_1|frozen_v2_1|t1r_analog|persistence|burton|burton_full|obrien|direct_gbm|climatology|static_v2_2,0.3276244764616891,0.20377300095915202,0.0686025225791589,0.0,0.0,0.0,0.0,0.38204427560932097,0.017955724390679068,0.0,1.0,0.6,171.73959447229552,served_v2_1|frozen_v2_1|t1r_analog|direct_gbm|climatology,0.0,0.007691059806570016,true
2026,L1e,1,recovery,pooled,6544,10,served_v2_1|frozen_v2_1|t1r_analog|persistence|burton|burton_full|obrien|direct_gbm|climatology|static_v2_2,0.14866911463988644,0.0,0.34253168231870584,0.0,0.0,0.0,0.032998775736127084,0.2049964637370637,0.16200476052680923,0.10879920304140768,1.0,0.6,28.464078282562525,served_v2_1|t1r_analog|obrien|direct_gbm|climatology|static_v2_2,8.21559690346068e-17,0.020681981364788108,true
2026,L1e,1,recovery,moderate,5868,10,served_v2_1|frozen_v2_1|t1r_analog|persistence|burton|burton_full|obrien|direct_gbm|climatology|static_v2_2,0.0,0.0,0.4849058807009263,0.0,0.0,0.0,0.0,0.31175142340392453,0.08824857659607546,0.11509411929907372,1.0,0.6,20.812202776918305,t1r_analog|direct_gbm|climatology|static_v2_2,1.3210878277806986e-17,0.014149212761243077,true
2026,L1e,1,recovery,deep,676,10,served_v2_1|frozen_v2_1|t1r_analog|persistence|burton|burton_full|obrien|direct_gbm|climatology|static_v2_2,0.3560475076245735,0.03423278582457211,0.17053400810742245,0.0,0.0,0.0,0.16055182042999777,0.030614691531725063,0.2088334880382772,0.039185698443431914,1.0,0.6,92.85783580786844,served_v2_1|frozen_v2_1|t1r_analog|obrien|direct_gbm|climatology|static_v2_2,3.667727629869136e-16,0.09441215869679707,true
2026,L1e,2,pooled,pooled,112622,10,served_v2_1|frozen_v2_1|t1r_analog|persistence|burton|burton_full|obrien|direct_gbm|climatology|static_v2_2,0.23231361279838134,0.0,0.4558047327793703,0.0,0.0,0.0,0.0,0.29097533654976016,0.02090631787248816,0.0,1.0,0.6881183455777516,36.74502164818018,served_v2_1|t1r_analog|direct_gbm|climatology,4.876682593338221e-17,0.011267614595235937,false
2026,L1e,2,quiet,pooled,94910,10,served_v2_1|frozen_v2_1|t1r_analog|persistence|burton|burton_full|obrien|direct_gbm|climatology|static_v2_2,0.18945754291637756,0.0,0.43703593628731036,0.0,0.0,0.0,0.0,0.359302231464668,0.014204289331644094,0.0,1.0,0.6264934792036879,27.800838469067756,served_v2_1|t1r_analog|direct_gbm|climatology,4.205604172310715e-17,0.018495275780947867,false
2026,L1e,2,quiet,shallow,94910,10,served_v2_1|frozen_v2_1|t1r_analog|persistence|burton|burton_full|obrien|direct_gbm|climatology|static_v2_2,0.18945754291637756,0.0,0.43703593628731036,0.0,0.0,0.0,0.0,0.359302231464668,0.014204289331644094,0.0,1.0,0.6264934792036879,27.800838469067756,served_v2_1|t1r_analog|direct_gbm|climatology,4.205604172310715e-17,0.018495275780947867,false
2026,L1e,2,active_deepening,pooled,11168,10,served_v2_1|frozen_v2_1|t1r_analog|persistence|burton|burton_full|obrien|direct_gbm|climatology|static_v2_2,0.2251572114752747,0.0,0.633790590545487,0.0,0.0,0.0,0.0,0.14105219797923824,0.0,0.0,1.0,0.8589478020207617,93.29231603474426,served_v2_1|t1r_analog|direct_gbm,3.9018882760139445e-17,0.014529597680768315,false
2026,L1e,2,active_deepening,shallow,5277,10,served_v2_1|frozen_v2_1|t1r_analog|persistence|burton|burton_full|obrien|direct_gbm|climatology|static_v2_2,0.16852993626663712,0.0,0.831470063733363,0.0,0.0,0.0,0.0,0.0,0.0,0.0,1.0,1.0,71.34278839225757,served_v2_1|t1r_analog,3.233106594722813e-17,0.032577364812941365,false
2026,L1e,2,active_deepening,moderate,5266,10,served_v2_1|frozen_v2_1|t1r_analog|persistence|burton|burton_full|obrien|direct_gbm|climatology|static_v2_2,0.11976848916427353,0.0,0.573934449890264,0.0,0.0,0.005755892328992411,0.0,0.2923050478692418,0.008236120747228287,0.0,0.9999999999999999,0.6937029390545375,76.83259451750205,served_v2_1|t1r_analog|burton_full|direct_gbm|climatology,2.179355357989588e-16,0.029151968865234947,false
2026,L1e,2,active_deepening,deep,625,10,served_v2_1|frozen_v2_1|t1r_analog|persistence|burton|burton_full|obrien|direct_gbm|climatology|static_v2_2,0.37939995520229713,0.0,0.4362547049156359,0.07355247401842373,0.0,0.0,0.013925302235749198,0.06584010939434791,0.031027454233546085,0.0,1.0,0.8156546601179331,408.9139273982576,served_v2_1|t1r_analog|persistence|obrien|direct_gbm|climatology,1.5535206696755053e-17,0.002541846322668287,false
2026,L1e,2,recovery,pooled,6544,10,served_v2_1|frozen_v2_1|t1r_analog|persistence|burton|burton_full|obrien|direct_gbm|climatology|static_v2_2,0.24330292510100907,0.0,0.1482802775884415,0.0,0.0,0.0,0.04722390397043048,0.2816023828887149,0.07117371314085462,0.20841679731054943,1.0,0.6,68.55406395501961,served_v2_1|t1r_analog|obrien|direct_gbm|climatology|static_v2_2,2.323050786699274e-17,0.03387636681520052,true
2026,L1e,2,recovery,moderate,5868,10,served_v2_1|frozen_v2_1|t1r_analog|persistence|burton|burton_full|obrien|direct_gbm|climatology|static_v2_2,0.3796594964576024,0.0,0.22034050354239765,0.0,0.03076158173048757,0.02614856350860632,0.0,0.3408297649780993,0.0022600897828068288,0.0,1.0000000000000002,0.6000000000000001,52.962744411078475,served_v2_1|t1r_analog|burton|burton_full|direct_gbm|climatology,2.0902737327502376e-16,0.007668518313376053,true
2026,L1e,2,recovery,deep,676,10,served_v2_1|frozen_v2_1|t1r_analog|persistence|burton|burton_full|obrien|direct_gbm|climatology|static_v2_2,0.10660034119655276,0.0,0.03656127512526222,0.0,0.0,0.0,0.013622982142844058,0.2554845146820098,0.13089250317514614,0.456838383678185,1.0,0.6,200.04120125121233,served_v2_1|t1r_analog|obrien|direct_gbm|climatology|static_v2_2,2.6398287326848783e-17,0.014882011781636869,true
2026,L1e,3,pooled,pooled,112621,10,served_v2_1|frozen_v2_1|t1r_analog|persistence|burton|burton_full|obrien|direct_gbm|climatology|static_v2_2,0.2754380216935159,0.0,0.37826361306106426,0.0,0.0049026430724600535,0.0,0.010561796353014272,0.30924074668537294,0.021593179134572746,0.0,1.0,0.6537016347545801,57.13409734756658,served_v2_1|t1r_analog|burton|obrien|direct_gbm|climatology,6.381891684196617e-17,0.009153937714190949,false
2026,L1e,3,quiet,pooled,94909,10,served_v2_1|frozen_v2_1|t1r_analog|persistence|burton|burton_full|obrien|direct_gbm|climatology|static_v2_2,0.3325184642994925,0.0,0.29040188317959365,0.0,0.01786390764158271,0.0010496893289779364,0.0,0.3581660555503532,0.0,0.0,1.0,0.6229203474790861,44.34745322213212,served_v2_1|t1r_analog|burton|burton_full|direct_gbm,2.0065091483988554e-16,0.015424622955606775,false
2026,L1e,3,quiet,shallow,94909,10,served_v2_1|frozen_v2_1|t1r_analog|persistence|burton|burton_full|obrien|direct_gbm|climatology|static_v2_2,0.3325184642994925,0.0,0.29040188317959365,0.0,0.01786390764158271,0.0010496893289779364,0.0,0.3581660555503532,0.0,0.0,1.0,0.6229203474790861,44.34745322213212,served_v2_1|t1r_analog|burton|burton_full|direct_gbm,2.0065091483988554e-16,0.015424622955606775,false
2026,L1e,3,active_deepening,pooled,11168,10,served_v2_1|frozen_v2_1|t1r_analog|persistence|burton|burton_full|obrien|direct_gbm|climatology|static_v2_2,0.27022712501141916,0.0,0.5612841332560651,0.0,0.0,0.0,0.0025272514939811267,0.1453252536836214,0.020636236554913364,0.0,1.0,0.8315112582674842,136.986836209219,served_v2_1|t1r_analog|obrien|direct_gbm|climatology,9.101565137349444e-17,0.018269732604795582,false
2026,L1e,3,active_deepening,shallow,5277,10,served_v2_1|frozen_v2_1|t1r_analog|persistence|burton|burton_full|obrien|direct_gbm|climatology|static_v2_2,0.3572284299153514,0.0,0.5609958297685784,0.0,0.0,0.0,0.0,0.05879817103110999,0.022977569284960198,0.0,1.0,0.9182242596839298,104.75998134303944,served_v2_1|t1r_analog|direct_gbm|climatology,3.328879876545993e-17,0.04213956230612812,false
2026,L1e,3,active_deepening,moderate,5266,10,served_v2_1|frozen_v2_1|t1r_analog|persistence|burton|burton_full|obrien|direct_gbm|climatology|static_v2_2,0.1863846372849296,0.0,0.5598348517317489,0.0,0.0,0.020597967621230028,0.0,0.21229570148403662,0.020886841878054892,0.0,1.0,0.7462194890166784,116.13993003389425,served_v2_1|t1r_analog|burton_full|direct_gbm|climatology,7.712543030666443e-17,0.02064103642287565,false
2026,L1e,3,active_deepening,deep,625,10,served_v2_1|frozen_v2_1|t1r_analog|persistence|burton|burton_full|obrien|direct_gbm|climatology|static_v2_2,0.3523380232883608,0.003995157618761822,0.46590019069022603,0.11528706943123541,0.0,0.0,0.015269385507949257,0.0,0.047210173463466586,0.0,0.9999999999999999,0.8222333715973487,577.0445148525503,served_v2_1|frozen_v2_1|t1r_analog|persistence|obrien|climatology,6.870224608530686e-17,1.4503807506898117e-16,false
2026,L1e,3,recovery,pooled,6544,10,served_v2_1|frozen_v2_1|t1r_analog|persistence|burton|burton_full|obrien|direct_gbm|climatology|static_v2_2,0.3110902465060084,0.0,0.0,0.0,0.025954900611134295,0.0,0.05405584190013261,0.28523715779954684,0.03475209968918633,0.28890975349399156,1.0,0.6,104.03303634833321,served_v2_1|burton|obrien|direct_gbm|climatology|static_v2_2,2.7836712408756034e-17,0.0019450812287670602,true
2026,L1e,3,recovery,moderate,5868,10,served_v2_1|frozen_v2_1|t1r_analog|persistence|burton|burton_full|obrien|direct_gbm|climatology|static_v2_2,0.3925701916260701,0.0,0.20742980837392988,0.0,0.0635089991144237,0.0,0.0,0.3364910008855763,0.0,0.0,1.0,0.6,81.82017358752252,served_v2_1|t1r_analog|burton|direct_gbm,1.364314251050581e-16,0.0017796972707327554,true
2026,L1e,3,recovery,deep,676,10,served_v2_1|frozen_v2_1|t1r_analog|persistence|burton|burton_full|obrien|direct_gbm|climatology|static_v2_2,0.0,0.0,0.0,0.0,0.0,0.0,0.020777993899926715,0.24922417024089477,0.1299978358591785,0.6,1.0,0.6,287.16792526346836,obrien|direct_gbm|climatology|static_v2_2,1.497352718065718e-17,0.0015659854278698702,true
2026,L1e,4,pooled,pooled,112620,10,served_v2_1|frozen_v2_1|t1r_analog|persistence|burton|burton_full|obrien|direct_gbm|climatology|static_v2_2,0.22640429509302276,0.0,0.3735957049069772,0.0,0.0013190533627607214,0.0,0.028278603090475876,0.3533470652260041,0.01705527832075929,0.0,1.0,0.6,74.34518376861271,served_v2_1|t1r_analog|burton|obrien|direct_gbm|climatology,7.139470798240515e-17,0.008942612967774837,true
2026,L1e,4,quiet,pooled,94908,10,served_v2_1|frozen_v2_1|t1r_analog|persistence|burton|burton_full|obrien|direct_gbm|climatology|static_v2_2,0.2524050231209033,0.0,0.34759497687909674,0.0,0.018220861578127794,0.0,0.0,0.3817791384218722,0.0,0.0,1.0,0.6000000000000001,58.82925484561035,served_v2_1|t1r_analog|burton|direct_gbm,4.004079154590519e-17,0.005362352233991138,true
2026,L1e,4,quiet,shallow,94908,10,served_v2_1|frozen_v2_1|t1r_analog|persistence|burton|burton_full|obrien|direct_gbm|climatology|static_v2_2,0.2524050231209033,0.0,0.34759497687909674,0.0,0.018220861578127794,0.0,0.0,0.3817791384218722,0.0,0.0,1.0,0.6000000000000001,58.82925484561035,served_v2_1|t1r_analog|burton|direct_gbm,4.004079154590519e-17,0.005362352233991138,true
2026,L1e,4,active_deepening,pooled,11168,10,served_v2_1|frozen_v2_1|t1r_analog|persistence|burton|burton_full|obrien|direct_gbm|climatology|static_v2_2,0.24940340852404005,0.0,0.48791385962500355,0.0,0.0,0.0,0.039505542668950844,0.18615253808914314,0.03702465109286252,0.0,1.0,0.7373172681490436,172.3912217420115,served_v2_1|t1r_analog|obrien|direct_gbm|climatology,4.3817926286107156e-17,0.007362883412206177,false
2026,L1e,4,active_deepening,shallow,5277,10,served_v2_1|frozen_v2_1|t1r_analog|persistence|burton|burton_full|obrien|direct_gbm|climatology|static_v2_2,0.29053455912910353,0.0,0.49278787528688484,0.0,0.0,0.003412012227881646,0.0,0.1730392335805431,0.040226319775586855,0.0,1.0,0.7833224344159884,131.45730639752216,served_v2_1|t1r_analog|burton_full|direct_gbm|climatology,1.0570620242109733e-16,0.008293571156859813,false
2026,L1e,4,active_deepening,moderate,5266,10,served_v2_1|frozen_v2_1|t1r_analog|persistence|burton|burton_full|obrien|direct_gbm|climatology|static_v2_2,0.14828203738610876,0.0,0.5602702479179781,0.0,0.0,0.035260284750794686,0.0,0.23383243849135188,0.022354991453766626,0.0,1.0,0.7085522853040869,147.39493284573615,served_v2_1|t1r_analog|burton_full|direct_gbm|climatology,6.030405491015892e-17,0.006387230928247288,false
2026,L1e,4,active_deepening,deep,625,10,served_v2_1|frozen_v2_1|t1r_analog|persistence|burton|burton_full|obrien|direct_gbm|climatology|static_v2_2,0.3204974709538051,0.2611902684675839,0.2335980700583537,0.0,0.0,0.0,0.0892012246134658,0.018702955952958646,0.07681000995383278,0.0,1.0,0.8152858094797428,709.117357629392,served_v2_1|frozen_v2_1|t1r_analog|obrien|direct_gbm|climatology,3.682628005637136e-17,1.7271880274442725e-5,false
2026,L1e,4,recovery,pooled,6544,10,served_v2_1|frozen_v2_1|t1r_analog|persistence|burton|burton_full|obrien|direct_gbm|climatology|static_v2_2,0.2853076648440327,0.0,0.10582417269191048,0.0,0.020381402527783546,0.0,0.08101443641011244,0.27283268440087355,0.02577147666123049,0.20886816246405676,0.9999999999999998,0.5999999999999999,129.54315831639147,served_v2_1|t1r_analog|burton|obrien|direct_gbm|climatology|static_v2_2,1.0986943360984894e-16,0.0037766145301101075,true
2026,L1e,4,recovery,moderate,5868,10,served_v2_1|frozen_v2_1|t1r_analog|persistence|burton|burton_full|obrien|direct_gbm|climatology|static_v2_2,0.26283348359548614,0.0,0.21354131744039603,0.0,0.046972065445698014,0.0,0.0,0.353027934554302,0.0,0.12362519896411782,0.9999999999999999,0.6,100.10462166810898,served_v2_1|t1r_analog|burton|direct_gbm|static_v2_2,1.3604348758970862e-16,0.004426225297667131,true
2026,L1e,4,recovery,deep,676,10,served_v2_1|frozen_v2_1|t1r_analog|persistence|burton|burton_full|obrien|direct_gbm|climatology|static_v2_2,0.0,0.4656548851838755,0.0,0.0,0.004394463829810268,0.0,0.07725158458681518,0.15086953237131326,0.16748441921206128,0.1343451148161245,1.0,0.6,370.759426995663,frozen_v2_1|burton|obrien|direct_gbm|climatology|static_v2_2,1.233724081069398e-15,0.008729013582206577,true
2026,L1e,6,pooled,pooled,112618,10,served_v2_1|frozen_v2_1|t1r_analog|persistence|burton|burton_full|obrien|direct_gbm|climatology|static_v2_2,0.20108135776449249,0.0,0.39891864223550744,0.0,0.008307167801224176,0.0,0.022543282277319807,0.36914954992145604,0.0,0.0,1.0,0.5999999999999999,104.0761698499733,served_v2_1|t1r_analog|burton|obrien|direct_gbm,1.596635206769898e-16,0.0026831984492387533,true
2026,L1e,6,quiet,pooled,94906,10,served_v2_1|frozen_v2_1|t1r_analog|persistence|burton|burton_full|obrien|direct_gbm|climatology|static_v2_2,0.14264660041083413,0.0,0.4573533995891659,0.0,0.0038467644760317127,0.0,0.0,0.3961532355239683,0.0,0.0,1.0,0.6,83.22141494737525,served_v2_1|t1r_analog|burton|direct_gbm,9.379704444857011e-17,0.01139807374591874,true
2026,L1e,6,quiet,shallow,94906,10,served_v2_1|frozen_v2_1|t1r_analog|persistence|burton|burton_full|obrien|direct_gbm|climatology|static_v2_2,0.14264660041083413,0.0,0.4573533995891659,0.0,0.0038467644760317127,0.0,0.0,0.3961532355239683,0.0,0.0,1.0,0.6,83.22141494737525,served_v2_1|t1r_analog|burton|direct_gbm,9.379704444857011e-17,0.01139807374591874,true
2026,L1e,6,active_deepening,pooled,11168,10,served_v2_1|frozen_v2_1|t1r_analog|persistence|burton|burton_full|obrien|direct_gbm|climatology|static_v2_2,0.21513837552065374,0.17644774872772964,0.31723188762225396,0.0,0.0,0.0,0.05011954745872384,0.21769508862682316,0.023367352043815747,0.0,1.0,0.7088180118706373,235.4346909398068,served_v2_1|frozen_v2_1|t1r_analog|obrien|direct_gbm|climatology,5.671378610075668e-17,3.208955888892662e-5,false
2026,L1e,6,active_deepening,shallow,5277,10,served_v2_1|frozen_v2_1|t1r_analog|persistence|burton|burton_full|obrien|direct_gbm|climatology|static_v2_2,0.18191362659648794,0.0,0.418086373403512,0.0,0.0,0.0,0.0321684006142286,0.3266018110091918,0.04122978837657965,0.0,0.9999999999999999,0.6,179.87523670583354,served_v2_1|t1r_analog|obrien|direct_gbm|climatology,4.0308330036608576e-17,0.002110703198729892,true
2026,L1e,6,active_deepening,moderate,5266,10,served_v2_1|frozen_v2_1|t1r_analog|persistence|burton|burton_full|obrien|direct_gbm|climatology|static_v2_2,0.15750061255480496,0.0811769501666699,0.48774487532342503,0.0,0.03431752798143156,0.0,0.0,0.2358744509098055,0.0033855830638629663,0.0,0.9999999999999999,0.7264224380448999,202.85368346439432,served_v2_1|frozen_v2_1|t1r_analog|burton|direct_gbm|climatology,2.721756013999057e-16,0.0009009186301612998,false
2026,L1e,6,active_deepening,deep,625,10,served_v2_1|frozen_v2_1|t1r_analog|persistence|burton|burton_full|obrien|direct_gbm|climatology|static_v2_2,0.29162606899294874,0.5317936802045302,0.0,0.008904461784966247,0.0,0.0,0.07566517113314121,0.0,0.09201061788441356,0.0,1.0,0.823419749197479,932.0156389545394,served_v2_1|frozen_v2_1|persistence|obrien|climatology,2.7184934124609402e-17,-2.7184934124609402e-17,false
2026,L1e,6,recovery,pooled,6544,10,served_v2_1|frozen_v2_1|t1r_analog|persistence|burton|burton_full|obrien|direct_gbm|climatology|static_v2_2,0.3282232819236123,0.25260217278439834,0.0,0.0,0.0,0.0,0.1802825099709358,0.20861722393304663,0.011100266096017629,0.019174545291989347,1.0,0.6,176.4287683786166,served_v2_1|frozen_v2_1|obrien|direct_gbm|climatology|static_v2_2,1.5550880215950084e-16,0.002385814803108611,true
2026,L1e,6,recovery,moderate,5868,10,served_v2_1|frozen_v2_1|t1r_analog|persistence|burton|burton_full|obrien|direct_gbm|climatology|static_v2_2,0.13418758826980487,0.0,0.0,0.0,0.02735164907330226,0.0,0.0,0.37264835092669774,0.0,0.46581241173019516,1.0,0.6000000000000001,139.9932272887305,served_v2_1|burton|direct_gbm|static_v2_2,7.936927849004683e-17,0.0009906866782808713,true
2026,L1e,6,recovery,deep,676,10,served_v2_1|frozen_v2_1|t1r_analog|persistence|burton|burton_full|obrien|direct_gbm|climatology|static_v2_2,0.103592855648348,0.5368798905566304,0.0,0.0,0.0,0.0,0.11988506655053924,0.0818901299986945,0.15775205724578784,0.0,1.0,0.6404727462049784,465.5538846360967,served_v2_1|frozen_v2_1|obrien|direct_gbm|climatology,4.53569565648781e-17,0.0026306039612965,false
2026,L1e,7,pooled,pooled,112617,10,served_v2_1|frozen_v2_1|t1r_analog|persistence|burton|burton_full|obrien|direct_gbm|climatology|static_v2_2,0.1751943155291589,0.040116450558476784,0.38468923391236426,0.0,0.0018339955235674975,0.0,0.023293200831950585,0.37487280364448194,0.0,0.0,1.0,0.6,117.977677031039,served_v2_1|frozen_v2_1|t1r_analog|burton|obrien|direct_gbm,8.449761998818311e-17,0.00012692402559977492,true
2026,L1e,7,quiet,pooled,94905,10,served_v2_1|frozen_v2_1|t1r_analog|persistence|burton|burton_full|obrien|direct_gbm|climatology|static_v2_2,0.12450144899824316,0.026843931743422898,0.44865461925833394,0.0,0.0,0.0,0.0,0.4,0.0,0.0,1.0,0.6,95.13127932120709,served_v2_1|frozen_v2_1|t1r_analog|direct_gbm,2.438339432886277e-17,-2.584639798859454e-16,true
2026,L1e,7,quiet,shallow,94905,10,served_v2_1|frozen_v2_1|t1r_analog|persistence|burton|burton_full|obrien|direct_gbm|climatology|static_v2_2,0.12450144899824316,0.026843931743422898,0.44865461925833394,0.0,0.0,0.0,0.0,0.4,0.0,0.0,1.0,0.6,95.13127932120709,served_v2_1|frozen_v2_1|t1r_analog|direct_gbm,2.438339432886277e-17,-2.584639798859454e-16,true
2026,L1e,7,active_deepening,pooled,11168,10,served_v2_1|frozen_v2_1|t1r_analog|persistence|burton|burton_full|obrien|direct_gbm|climatology|static_v2_2,0.19546616154474367,0.21977645258022258,0.3190931258965153,0.0,0.0,0.0,0.03907481009433863,0.21001295652161983,0.016576493362559987,0.0,0.9999999999999999,0.7343357400214815,261.7523141773962,served_v2_1|frozen_v2_1|t1r_analog|obrien|direct_gbm|climatology,4.4709896051887423e-17,0.00015428756244890312,false
2026,L1e,7,active_deepening,shallow,5277,10,served_v2_1|frozen_v2_1|t1r_analog|persistence|burton|burton_full|obrien|direct_gbm|climatology|static_v2_2,0.14427803383619575,0.0,0.4557219661638042,0.0048530269105187054,0.0,0.0,0.029443166442874157,0.3251064657350701,0.04059734091153707,0.0,1.0,0.6,197.041115903499,served_v2_1|t1r_analog|persistence|obrien|direct_gbm|climatology,0.0,0.0032619764977787173,true
2026,L1e,7,active_deepening,moderate,5266,10,served_v2_1|frozen_v2_1|t1r_analog|persistence|burton|burton_full|obrien|direct_gbm|climatology|static_v2_2,0.1552869631976016,0.2362377220440914,0.3711063519800287,0.0,0.02868660523152972,0.0,0.0,0.20868235754674852,0.0,0.0,1.0,0.7626310372217218,235.40875381248696,served_v2_1|frozen_v2_1|t1r_analog|burton|direct_gbm,7.234521564896035e-17,0.0003597950367423219,false
2026,L1e,7,active_deepening,deep,625,10,served_v2_1|frozen_v2_1|t1r_analog|persistence|burton|burton_full|obrien|direct_gbm|climatology|static_v2_2,0.2796689698535904,0.4898610098910873,0.06939335468008068,0.01421503639711116,0.0,0.0,0.05275498975148604,0.0,0.09410663942664439,0.0,1.0,0.8389233344247584,980.0363154207539,served_v2_1|frozen_v2_1|t1r_analog|persistence|obrien|climatology,3.334019505504459e-17,1.1483844963404249e-16,false
2026,L1e,7,recovery,pooled,6544,10,served_v2_1|frozen_v2_1|t1r_analog|persistence|burton|burton_full|obrien|direct_gbm|climatology|static_v2_2,0.29811391701017587,0.2517337646117776,0.05015231837804644,0.0,0.0,0.0,0.15909904395106836,0.2409009560489317,0.0,0.0,1.0,0.6,197.41694301813254,served_v2_1|frozen_v2_1|t1r_analog|obrien|direct_gbm,2.0190180435122745e-17,3.902981334467859e-6,true
2026,L1e,7,recovery,moderate,5868,10,served_v2_1|frozen_v2_1|t1r_analog|persistence|burton|burton_full|obrien|direct_gbm|climatology|static_v2_2,0.07424681633150328,0.0,0.0,0.0,0.01223690277736638,0.0,0.0,0.38776309722263363,0.0,0.5257531836684967,1.0,0.6,159.64954862532298,served_v2_1|burton|direct_gbm|static_v2_2,8.485488334501256e-17,5.405644078271258e-5,true
2026,L1e,7,recovery,deep,676,10,served_v2_1|frozen_v2_1|t1r_analog|persistence|burton|burton_full|obrien|direct_gbm|climatology|static_v2_2,0.23703880068913608,0.4626996509178826,0.0,0.0,0.0,0.0,0.14963321280674627,0.06947698146444942,0.08115135412178555,0.0,0.9999999999999999,0.6997384516070186,492.6320782864653,served_v2_1|frozen_v2_1|obrien|direct_gbm|climatology,2.910480514312853e-17,0.0015440101738119023,false
